<?xml version="1.0" encoding="UTF-8" standalone="yes"?>
<quiz><question type="category"><category><text>Analysis/Wirtschaft/Marktgleichgewicht/KennzahlenRechnerisch/Linear</text></category><info format="html"><text /></info><idnumber /></question><question type="cloze"><name><text>01 </text></name><questiontext format="html"><text><![CDATA[Gegeben sind die Angebotsfunktion <br/></p>\( p_A(x)=2,14x+2,8 \)<br/></p> und die Nachfragefunktion <br/></p>\( p_N(x)=-2,5x+17,4 \).</p> <p>Bestimmen Sie (auf 2 NKS gerundet)<p>den Mindestangebotspreis.</p><p>{1:NUMERICAL:=2,8:0,1}</p><p>den Höchstpreis.</p><p>{1:NUMERICAL:=17,4:0,1}</p><p>die Sättigungsmenge.</p><p>{1:NUMERICAL:=6,9601:0,1}</p><p>die Gleichgewichtsmenge.</p><p>{1:NUMERICAL:=3,1466:0,1}</p><p>den Gleichgewichtspreis.</p><p>{1:NUMERICAL:=9,5337:0,1}</p>]]></text></questiontext></question><question type="cloze"><name><text>02 </text></name><questiontext format="html"><text><![CDATA[Gegeben sind die Angebotsfunktion <br/></p>\( p_A(x)=0,11x+2,8 \)<br/></p> und die Nachfragefunktion <br/></p>\( p_N(x)=-0,2x+7,8 \).</p> <p>Bestimmen Sie (auf 2 NKS gerundet)<p>den Mindestangebotspreis.</p><p>{1:NUMERICAL:=2,8:0,1}</p><p>den Höchstpreis.</p><p>{1:NUMERICAL:=7,8:0,1}</p><p>die Sättigungsmenge.</p><p>{1:NUMERICAL:=39:0,1}</p><p>die Gleichgewichtsmenge.</p><p>{1:NUMERICAL:=16,1291:0,1}</p><p>den Gleichgewichtspreis.</p><p>{1:NUMERICAL:=4,5742:0,1}</p>]]></text></questiontext></question><question type="cloze"><name><text>03 </text></name><questiontext format="html"><text><![CDATA[Gegeben sind die Angebotsfunktion <br/></p>\( p_A(x)=0,9x+1,4 \)<br/></p> und die Nachfragefunktion <br/></p>\( p_N(x)=-1x+7,9 \).</p> <p>Bestimmen Sie (auf 2 NKS gerundet)<p>den Mindestangebotspreis.</p><p>{1:NUMERICAL:=1,4:0,1}</p><p>den Höchstpreis.</p><p>{1:NUMERICAL:=7,9:0,1}</p><p>die Sättigungsmenge.</p><p>{1:NUMERICAL:=7,9001:0,1}</p><p>die Gleichgewichtsmenge.</p><p>{1:NUMERICAL:=3,4211:0,1}</p><p>den Gleichgewichtspreis.</p><p>{1:NUMERICAL:=4,479:0,1}</p>]]></text></questiontext></question><question type="cloze"><name><text>04 </text></name><questiontext format="html"><text><![CDATA[Gegeben sind die Angebotsfunktion <br/></p>\( p_A(x)=0,78x+1,7 \)<br/></p> und die Nachfragefunktion <br/></p>\( p_N(x)=-0,9x+8 \).</p> <p>Bestimmen Sie (auf 2 NKS gerundet)<p>den Mindestangebotspreis.</p><p>{1:NUMERICAL:=1,7:0,1}</p><p>den Höchstpreis.</p><p>{1:NUMERICAL:=8:0,1}</p><p>die Sättigungsmenge.</p><p>{1:NUMERICAL:=8,8889:0,1}</p><p>die Gleichgewichtsmenge.</p><p>{1:NUMERICAL:=3,75:0,1}</p><p>den Gleichgewichtspreis.</p><p>{1:NUMERICAL:=4,625:0,1}</p>]]></text></questiontext></question><question type="cloze"><name><text>05 </text></name><questiontext format="html"><text><![CDATA[Gegeben sind die Angebotsfunktion <br/></p>\( p_A(x)=0,76x+2 \)<br/></p> und die Nachfragefunktion <br/></p>\( p_N(x)=-1x+7,7 \).</p> <p>Bestimmen Sie (auf 2 NKS gerundet)<p>den Mindestangebotspreis.</p><p>{1:NUMERICAL:=2:0,1}</p><p>den Höchstpreis.</p><p>{1:NUMERICAL:=7,7:0,1}</p><p>die Sättigungsmenge.</p><p>{1:NUMERICAL:=7,7001:0,1}</p><p>die Gleichgewichtsmenge.</p><p>{1:NUMERICAL:=3,2387:0,1}</p><p>den Gleichgewichtspreis.</p><p>{1:NUMERICAL:=4,4614:0,1}</p>]]></text></questiontext></question><question type="cloze"><name><text>06 </text></name><questiontext format="html"><text><![CDATA[Gegeben sind die Angebotsfunktion <br/></p>\( p_A(x)=0,8x+2,6 \)<br/></p> und die Nachfragefunktion <br/></p>\( p_N(x)=-1x+17,8 \).</p> <p>Bestimmen Sie (auf 2 NKS gerundet)<p>den Mindestangebotspreis.</p><p>{1:NUMERICAL:=2,6:0,1}</p><p>den Höchstpreis.</p><p>{1:NUMERICAL:=17,8:0,1}</p><p>die Sättigungsmenge.</p><p>{1:NUMERICAL:=17,8001:0,1}</p><p>die Gleichgewichtsmenge.</p><p>{1:NUMERICAL:=8,4445:0,1}</p><p>den Gleichgewichtspreis.</p><p>{1:NUMERICAL:=9,3556:0,1}</p>]]></text></questiontext></question><question type="cloze"><name><text>07 </text></name><questiontext format="html"><text><![CDATA[Gegeben sind die Angebotsfunktion <br/></p>\( p_A(x)=0,57x+14,5 \)<br/></p> und die Nachfragefunktion <br/></p>\( p_N(x)=-0,9x+41 \).</p> <p>Bestimmen Sie (auf 2 NKS gerundet)<p>den Mindestangebotspreis.</p><p>{1:NUMERICAL:=14,5:0,1}</p><p>den Höchstpreis.</p><p>{1:NUMERICAL:=41:0,1}</p><p>die Sättigungsmenge.</p><p>{1:NUMERICAL:=45,5556:0,1}</p><p>die Gleichgewichtsmenge.</p><p>{1:NUMERICAL:=18,0273:0,1}</p><p>den Gleichgewichtspreis.</p><p>{1:NUMERICAL:=24,7756:0,1}</p>]]></text></questiontext></question><question type="cloze"><name><text>08 </text></name><questiontext format="html"><text><![CDATA[Gegeben sind die Angebotsfunktion <br/></p>\( p_A(x)=0,77x+2,9 \)<br/></p> und die Nachfragefunktion <br/></p>\( p_N(x)=-1,1x+8,7 \).</p> <p>Bestimmen Sie (auf 2 NKS gerundet)<p>den Mindestangebotspreis.</p><p>{1:NUMERICAL:=2,9:0,1}</p><p>den Höchstpreis.</p><p>{1:NUMERICAL:=8,7:0,1}</p><p>die Sättigungsmenge.</p><p>{1:NUMERICAL:=7,9091:0,1}</p><p>die Gleichgewichtsmenge.</p><p>{1:NUMERICAL:=3,1017:0,1}</p><p>den Gleichgewichtspreis.</p><p>{1:NUMERICAL:=5,2883:0,1}</p>]]></text></questiontext></question><question type="cloze"><name><text>09 </text></name><questiontext format="html"><text><![CDATA[Gegeben sind die Angebotsfunktion <br/></p>\( p_A(x)=2,24x+9,5 \)<br/></p> und die Nachfragefunktion <br/></p>\( p_N(x)=-2,7x+41,5 \).</p> <p>Bestimmen Sie (auf 2 NKS gerundet)<p>den Mindestangebotspreis.</p><p>{1:NUMERICAL:=9,5:0,1}</p><p>den Höchstpreis.</p><p>{1:NUMERICAL:=41,5:0,1}</p><p>die Sättigungsmenge.</p><p>{1:NUMERICAL:=15,3704:0,1}</p><p>die Gleichgewichtsmenge.</p><p>{1:NUMERICAL:=6,4778:0,1}</p><p>den Gleichgewichtspreis.</p><p>{1:NUMERICAL:=24,0103:0,1}</p>]]></text></questiontext></question><question type="cloze"><name><text>10 </text></name><questiontext format="html"><text><![CDATA[Gegeben sind die Angebotsfunktion <br/></p>\( p_A(x)=0,16x+1,8 \)<br/></p> und die Nachfragefunktion <br/></p>\( p_N(x)=-0,2x+7,6 \).</p> <p>Bestimmen Sie (auf 2 NKS gerundet)<p>den Mindestangebotspreis.</p><p>{1:NUMERICAL:=1,8:0,1}</p><p>den Höchstpreis.</p><p>{1:NUMERICAL:=7,6:0,1}</p><p>die Sättigungsmenge.</p><p>{1:NUMERICAL:=38:0,1}</p><p>die Gleichgewichtsmenge.</p><p>{1:NUMERICAL:=16,1112:0,1}</p><p>den Gleichgewichtspreis.</p><p>{1:NUMERICAL:=4,3778:0,1}</p>]]></text></questiontext></question><question type="cloze"><name><text>11 </text></name><questiontext format="html"><text><![CDATA[Gegeben sind die Angebotsfunktion <br/></p>\( p_A(x)=0,77x+4,6 \)<br/></p> und die Nachfragefunktion <br/></p>\( p_N(x)=-1x+14,4 \).</p> <p>Bestimmen Sie (auf 2 NKS gerundet)<p>den Mindestangebotspreis.</p><p>{1:NUMERICAL:=4,6:0,1}</p><p>den Höchstpreis.</p><p>{1:NUMERICAL:=14,4:0,1}</p><p>die Sättigungsmenge.</p><p>{1:NUMERICAL:=14,4001:0,1}</p><p>die Gleichgewichtsmenge.</p><p>{1:NUMERICAL:=5,5368:0,1}</p><p>den Gleichgewichtspreis.</p><p>{1:NUMERICAL:=8,8633:0,1}</p>]]></text></questiontext></question><question type="cloze"><name><text>12 </text></name><questiontext format="html"><text><![CDATA[Gegeben sind die Angebotsfunktion <br/></p>\( p_A(x)=1,47x+4,6 \)<br/></p> und die Nachfragefunktion <br/></p>\( p_N(x)=-1,9x+15,4 \).</p> <p>Bestimmen Sie (auf 2 NKS gerundet)<p>den Mindestangebotspreis.</p><p>{1:NUMERICAL:=4,6:0,1}</p><p>den Höchstpreis.</p><p>{1:NUMERICAL:=15,4:0,1}</p><p>die Sättigungsmenge.</p><p>{1:NUMERICAL:=8,1053:0,1}</p><p>die Gleichgewichtsmenge.</p><p>{1:NUMERICAL:=3,2048:0,1}</p><p>den Gleichgewichtspreis.</p><p>{1:NUMERICAL:=9,3111:0,1}</p>]]></text></questiontext></question><question type="cloze"><name><text>13 </text></name><questiontext format="html"><text><![CDATA[Gegeben sind die Angebotsfunktion <br/></p>\( p_A(x)=0,15x+1,7 \)<br/></p> und die Nachfragefunktion <br/></p>\( p_N(x)=-0,2x+7,7 \).</p> <p>Bestimmen Sie (auf 2 NKS gerundet)<p>den Mindestangebotspreis.</p><p>{1:NUMERICAL:=1,7:0,1}</p><p>den Höchstpreis.</p><p>{1:NUMERICAL:=7,7:0,1}</p><p>die Sättigungsmenge.</p><p>{1:NUMERICAL:=38,5:0,1}</p><p>die Gleichgewichtsmenge.</p><p>{1:NUMERICAL:=17,1429:0,1}</p><p>den Gleichgewichtspreis.</p><p>{1:NUMERICAL:=4,2714:0,1}</p>]]></text></questiontext></question><question type="cloze"><name><text>14 </text></name><questiontext format="html"><text><![CDATA[Gegeben sind die Angebotsfunktion <br/></p>\( p_A(x)=0,56x+13,5 \)<br/></p> und die Nachfragefunktion <br/></p>\( p_N(x)=-0,9x+39 \).</p> <p>Bestimmen Sie (auf 2 NKS gerundet)<p>den Mindestangebotspreis.</p><p>{1:NUMERICAL:=13,5:0,1}</p><p>den Höchstpreis.</p><p>{1:NUMERICAL:=39:0,1}</p><p>die Sättigungsmenge.</p><p>{1:NUMERICAL:=43,3334:0,1}</p><p>die Gleichgewichtsmenge.</p><p>{1:NUMERICAL:=17,4658:0,1}</p><p>den Gleichgewichtspreis.</p><p>{1:NUMERICAL:=23,2808:0,1}</p>]]></text></questiontext></question><question type="cloze"><name><text>15 </text></name><questiontext format="html"><text><![CDATA[Gegeben sind die Angebotsfunktion <br/></p>\( p_A(x)=2,04x+6 \)<br/></p> und die Nachfragefunktion <br/></p>\( p_N(x)=-3,1x+43,5 \).</p> <p>Bestimmen Sie (auf 2 NKS gerundet)<p>den Mindestangebotspreis.</p><p>{1:NUMERICAL:=6:0,1}</p><p>den Höchstpreis.</p><p>{1:NUMERICAL:=43,5:0,1}</p><p>die Sättigungsmenge.</p><p>{1:NUMERICAL:=14,0323:0,1}</p><p>die Gleichgewichtsmenge.</p><p>{1:NUMERICAL:=7,2958:0,1}</p><p>den Gleichgewichtspreis.</p><p>{1:NUMERICAL:=20,8834:0,1}</p>]]></text></questiontext></question><question type="cloze"><name><text>16 </text></name><questiontext format="html"><text><![CDATA[Gegeben sind die Angebotsfunktion <br/></p>\( p_A(x)=0,75x+2,5 \)<br/></p> und die Nachfragefunktion <br/></p>\( p_N(x)=-1x+8,6 \).</p> <p>Bestimmen Sie (auf 2 NKS gerundet)<p>den Mindestangebotspreis.</p><p>{1:NUMERICAL:=2,5:0,1}</p><p>den Höchstpreis.</p><p>{1:NUMERICAL:=8,6:0,1}</p><p>die Sättigungsmenge.</p><p>{1:NUMERICAL:=8,6001:0,1}</p><p>die Gleichgewichtsmenge.</p><p>{1:NUMERICAL:=3,4858:0,1}</p><p>den Gleichgewichtspreis.</p><p>{1:NUMERICAL:=5,1144:0,1}</p>]]></text></questiontext></question><question type="cloze"><name><text>17 </text></name><questiontext format="html"><text><![CDATA[Gegeben sind die Angebotsfunktion <br/></p>\( p_A(x)=1,69x+6,5 \)<br/></p> und die Nachfragefunktion <br/></p>\( p_N(x)=-2,6x+44,5 \).</p> <p>Bestimmen Sie (auf 2 NKS gerundet)<p>den Mindestangebotspreis.</p><p>{1:NUMERICAL:=6,5:0,1}</p><p>den Höchstpreis.</p><p>{1:NUMERICAL:=44,5:0,1}</p><p>die Sättigungsmenge.</p><p>{1:NUMERICAL:=17,1154:0,1}</p><p>die Gleichgewichtsmenge.</p><p>{1:NUMERICAL:=8,8579:0,1}</p><p>den Gleichgewichtspreis.</p><p>{1:NUMERICAL:=21,4699:0,1}</p>]]></text></questiontext></question><question type="cloze"><name><text>18 </text></name><questiontext format="html"><text><![CDATA[Gegeben sind die Angebotsfunktion <br/></p>\( p_A(x)=0,9x+2,2 \)<br/></p> und die Nachfragefunktion <br/></p>\( p_N(x)=-1,1x+17,4 \).</p> <p>Bestimmen Sie (auf 2 NKS gerundet)<p>den Mindestangebotspreis.</p><p>{1:NUMERICAL:=2,2:0,1}</p><p>den Höchstpreis.</p><p>{1:NUMERICAL:=17,4:0,1}</p><p>die Sättigungsmenge.</p><p>{1:NUMERICAL:=15,8182:0,1}</p><p>die Gleichgewichtsmenge.</p><p>{1:NUMERICAL:=7,6001:0,1}</p><p>den Gleichgewichtspreis.</p><p>{1:NUMERICAL:=9,0401:0,1}</p>]]></text></questiontext></question><question type="cloze"><name><text>19 </text></name><questiontext format="html"><text><![CDATA[Gegeben sind die Angebotsfunktion <br/></p>\( p_A(x)=0,13x+2,9 \)<br/></p> und die Nachfragefunktion <br/></p>\( p_N(x)=-0,2x+8,6 \).</p> <p>Bestimmen Sie (auf 2 NKS gerundet)<p>den Mindestangebotspreis.</p><p>{1:NUMERICAL:=2,9:0,1}</p><p>den Höchstpreis.</p><p>{1:NUMERICAL:=8,6:0,1}</p><p>die Sättigungsmenge.</p><p>{1:NUMERICAL:=43:0,1}</p><p>die Gleichgewichtsmenge.</p><p>{1:NUMERICAL:=17,2728:0,1}</p><p>den Gleichgewichtspreis.</p><p>{1:NUMERICAL:=5,1455:0,1}</p>]]></text></questiontext></question><question type="cloze"><name><text>20 </text></name><questiontext format="html"><text><![CDATA[Gegeben sind die Angebotsfunktion <br/></p>\( p_A(x)=0,17x+1,5 \)<br/></p> und die Nachfragefunktion <br/></p>\( p_N(x)=-0,2x+8,4 \).</p> <p>Bestimmen Sie (auf 2 NKS gerundet)<p>den Mindestangebotspreis.</p><p>{1:NUMERICAL:=1,5:0,1}</p><p>den Höchstpreis.</p><p>{1:NUMERICAL:=8,4:0,1}</p><p>die Sättigungsmenge.</p><p>{1:NUMERICAL:=42:0,1}</p><p>die Gleichgewichtsmenge.</p><p>{1:NUMERICAL:=18,6487:0,1}</p><p>den Gleichgewichtspreis.</p><p>{1:NUMERICAL:=4,6703:0,1}</p>]]></text></questiontext></question></quiz>