<?xml version="1.0" encoding="UTF-8" standalone="yes"?>
<quiz><question type="category"><category><text>Analysis/Wirtschaft/Marktgleichgewicht/Marktungleichgewicht/Bestimmung</text></category><info format="html"><text /></info><idnumber /></question><question type="cloze"><name><text>01 </text></name><questiontext format="html"><text><![CDATA[Gegeben sind die Angebotsfunktion <br/></p>\( p_A(x)=1,29x+5,6 \)<br/></p> und die Nachfragefunktion <br/></p>\( p_N(x)=-2x+17,8 \).</p> <p>Auf dem Markt wird ein Preis von 9 GE festgelegt.<p>Geben Sie die Marktsituation an.</p><p>{1:MC:~=Nachfrageüberschuss~Angebotsüberschuss}</p><p>Bestimmen Sie (auf 2 NKS gerundet) den Nachfrage- oder Angebotsüberschuss.</p><p>{1:NUMERICAL:=1,7643:0,1}</p>]]></text></questiontext></question><question type="cloze"><name><text>02 </text></name><questiontext format="html"><text><![CDATA[Gegeben sind die Angebotsfunktion <br/></p>\( p_A(x)=1,21x+5,6 \)<br/></p> und die Nachfragefunktion <br/></p>\( p_N(x)=-2x+15,6 \).</p> <p>Auf dem Markt wird ein Preis von 8 GE festgelegt.<p>Geben Sie die Marktsituation an.</p><p>{1:MC:~=Nachfrageüberschuss~Angebotsüberschuss}</p><p>Bestimmen Sie (auf 2 NKS gerundet) den Nachfrage- oder Angebotsüberschuss.</p><p>{1:NUMERICAL:=1,8165:0,1}</p>]]></text></questiontext></question><question type="cloze"><name><text>03 </text></name><questiontext format="html"><text><![CDATA[Gegeben sind die Angebotsfunktion <br/></p>\( p_A(x)=0,75x+3,2 \)<br/></p> und die Nachfragefunktion <br/></p>\( p_N(x)=-1x+16,2 \).</p> <p>Auf dem Markt wird ein Preis von 11 GE festgelegt.<p>Geben Sie die Marktsituation an.</p><p>{1:MC:~Nachfrageüberschuss~=Angebotsüberschuss}</p><p>Bestimmen Sie (auf 2 NKS gerundet) den Nachfrage- oder Angebotsüberschuss.</p><p>{1:NUMERICAL:=5,2:0,1}</p>]]></text></questiontext></question><question type="cloze"><name><text>04 </text></name><questiontext format="html"><text><![CDATA[Gegeben sind die Angebotsfunktion <br/></p>\( p_A(x)=2,06x+10,5 \)<br/></p> und die Nachfragefunktion <br/></p>\( p_N(x)=-2,5x+40 \).</p> <p>Auf dem Markt wird ein Preis von 17 GE festgelegt.<p>Geben Sie die Marktsituation an.</p><p>{1:MC:~=Nachfrageüberschuss~Angebotsüberschuss}</p><p>Bestimmen Sie (auf 2 NKS gerundet) den Nachfrage- oder Angebotsüberschuss.</p><p>{1:NUMERICAL:=6,0447:0,1}</p>]]></text></questiontext></question><question type="cloze"><name><text>05 </text></name><questiontext format="html"><text><![CDATA[Gegeben sind die Angebotsfunktion <br/></p>\( p_A(x)=0,38x+2,4 \)<br/></p> und die Nachfragefunktion <br/></p>\( p_N(x)=-0,5x+7,6 \).</p> <p>Auf dem Markt wird ein Preis von 6 GE festgelegt.<p>Geben Sie die Marktsituation an.</p><p>{1:MC:~Nachfrageüberschuss~=Angebotsüberschuss}</p><p>Bestimmen Sie (auf 2 NKS gerundet) den Nachfrage- oder Angebotsüberschuss.</p><p>{1:NUMERICAL:=6,2737:0,1}</p>]]></text></questiontext></question><question type="cloze"><name><text>06 </text></name><questiontext format="html"><text><![CDATA[Gegeben sind die Angebotsfunktion <br/></p>\( p_A(x)=1,97x+12 \)<br/></p> und die Nachfragefunktion <br/></p>\( p_N(x)=-2,6x+41 \).</p> <p>Auf dem Markt wird ein Preis von 21 GE festgelegt.<p>Geben Sie die Marktsituation an.</p><p>{1:MC:~=Nachfrageüberschuss~Angebotsüberschuss}</p><p>Bestimmen Sie (auf 2 NKS gerundet) den Nachfrage- oder Angebotsüberschuss.</p><p>{1:NUMERICAL:=3,1238:0,1}</p>]]></text></questiontext></question><question type="cloze"><name><text>07 </text></name><questiontext format="html"><text><![CDATA[Gegeben sind die Angebotsfunktion <br/></p>\( p_A(x)=0,99x+1,2 \)<br/></p> und die Nachfragefunktion <br/></p>\( p_N(x)=-1,2x+8,8 \).</p> <p>Auf dem Markt wird ein Preis von 3 GE festgelegt.<p>Geben Sie die Marktsituation an.</p><p>{1:MC:~=Nachfrageüberschuss~Angebotsüberschuss}</p><p>Bestimmen Sie (auf 2 NKS gerundet) den Nachfrage- oder Angebotsüberschuss.</p><p>{1:NUMERICAL:=3,0152:0,1}</p>]]></text></questiontext></question><question type="cloze"><name><text>08 </text></name><questiontext format="html"><text><![CDATA[Gegeben sind die Angebotsfunktion <br/></p>\( p_A(x)=4,23x+10 \)<br/></p> und die Nachfragefunktion <br/></p>\( p_N(x)=-5,6x+44 \).</p> <p>Auf dem Markt wird ein Preis von 36 GE festgelegt.<p>Geben Sie die Marktsituation an.</p><p>{1:MC:~Nachfrageüberschuss~=Angebotsüberschuss}</p><p>Bestimmen Sie (auf 2 NKS gerundet) den Nachfrage- oder Angebotsüberschuss.</p><p>{1:NUMERICAL:=4,718:0,1}</p>]]></text></questiontext></question><question type="cloze"><name><text>09 </text></name><questiontext format="html"><text><![CDATA[Gegeben sind die Angebotsfunktion <br/></p>\( p_A(x)=1,3x+2,8 \)<br/></p> und die Nachfragefunktion <br/></p>\( p_N(x)=-1,9x+16,6 \).</p> <p>Auf dem Markt wird ein Preis von 7 GE festgelegt.<p>Geben Sie die Marktsituation an.</p><p>{1:MC:~=Nachfrageüberschuss~Angebotsüberschuss}</p><p>Bestimmen Sie (auf 2 NKS gerundet) den Nachfrage- oder Angebotsüberschuss.</p><p>{1:NUMERICAL:=1,8219:0,1}</p>]]></text></questiontext></question><question type="cloze"><name><text>10 </text></name><questiontext format="html"><text><![CDATA[Gegeben sind die Angebotsfunktion <br/></p>\( p_A(x)=0,78x+9,5 \)<br/></p> und die Nachfragefunktion <br/></p>\( p_N(x)=-0,9x+36 \).</p> <p>Auf dem Markt wird ein Preis von 19 GE festgelegt.<p>Geben Sie die Marktsituation an.</p><p>{1:MC:~=Nachfrageüberschuss~Angebotsüberschuss}</p><p>Bestimmen Sie (auf 2 NKS gerundet) den Nachfrage- oder Angebotsüberschuss.</p><p>{1:NUMERICAL:=6,7094:0,1}</p>]]></text></questiontext></question><question type="cloze"><name><text>11 </text></name><questiontext format="html"><text><![CDATA[Gegeben sind die Angebotsfunktion <br/></p>\( p_A(x)=0,13x+2,7 \)<br/></p> und die Nachfragefunktion <br/></p>\( p_N(x)=-0,2x+7,7 \).</p> <p>Auf dem Markt wird ein Preis von 6 GE festgelegt.<p>Geben Sie die Marktsituation an.</p><p>{1:MC:~Nachfrageüberschuss~=Angebotsüberschuss}</p><p>Bestimmen Sie (auf 2 NKS gerundet) den Nachfrage- oder Angebotsüberschuss.</p><p>{1:NUMERICAL:=16,8846:0,1}</p>]]></text></questiontext></question><question type="cloze"><name><text>12 </text></name><questiontext format="html"><text><![CDATA[Gegeben sind die Angebotsfunktion <br/></p>\( p_A(x)=0,1x+2,8 \)<br/></p> und die Nachfragefunktion <br/></p>\( p_N(x)=-0,2x+7,9 \).</p> <p>Auf dem Markt wird ein Preis von 0 GE festgelegt.<p>Geben Sie die Marktsituation an.</p><p>{1:MC:~=Nachfrageüberschuss~Angebotsüberschuss}</p><p>Bestimmen Sie (auf 2 NKS gerundet) den Nachfrage- oder Angebotsüberschuss.</p><p>{1:NUMERICAL:=67,5:0,1}</p>]]></text></questiontext></question><question type="cloze"><name><text>13 </text></name><questiontext format="html"><text><![CDATA[Gegeben sind die Angebotsfunktion <br/></p>\( p_A(x)=0,31x+4,8 \)<br/></p> und die Nachfragefunktion <br/></p>\( p_N(x)=-0,5x+17,6 \).</p> <p>Auf dem Markt wird ein Preis von 11 GE festgelegt.<p>Geben Sie die Marktsituation an.</p><p>{1:MC:~Nachfrageüberschuss~=Angebotsüberschuss}</p><p>Bestimmen Sie (auf 2 NKS gerundet) den Nachfrage- oder Angebotsüberschuss.</p><p>{1:NUMERICAL:=6,8:0,1}</p>]]></text></questiontext></question><question type="cloze"><name><text>14 </text></name><questiontext format="html"><text><![CDATA[Gegeben sind die Angebotsfunktion <br/></p>\( p_A(x)=0,37x+2,9 \)<br/></p> und die Nachfragefunktion <br/></p>\( p_N(x)=-0,6x+8,6 \).</p> <p>Auf dem Markt wird ein Preis von 4 GE festgelegt.<p>Geben Sie die Marktsituation an.</p><p>{1:MC:~=Nachfrageüberschuss~Angebotsüberschuss}</p><p>Bestimmen Sie (auf 2 NKS gerundet) den Nachfrage- oder Angebotsüberschuss.</p><p>{1:NUMERICAL:=4,6937:0,1}</p>]]></text></questiontext></question><question type="cloze"><name><text>15 </text></name><questiontext format="html"><text><![CDATA[Gegeben sind die Angebotsfunktion <br/></p>\( p_A(x)=0,16x+1,6 \)<br/></p> und die Nachfragefunktion <br/></p>\( p_N(x)=-0,2x+7,6 \).</p> <p>Auf dem Markt wird ein Preis von 3 GE festgelegt.<p>Geben Sie die Marktsituation an.</p><p>{1:MC:~=Nachfrageüberschuss~Angebotsüberschuss}</p><p>Bestimmen Sie (auf 2 NKS gerundet) den Nachfrage- oder Angebotsüberschuss.</p><p>{1:NUMERICAL:=14,25:0,1}</p>]]></text></questiontext></question><question type="cloze"><name><text>16 </text></name><questiontext format="html"><text><![CDATA[Gegeben sind die Angebotsfunktion <br/></p>\( p_A(x)=0,79x+2,4 \)<br/></p> und die Nachfragefunktion <br/></p>\( p_N(x)=-1x+15,4 \).</p> <p>Auf dem Markt wird ein Preis von 10 GE festgelegt.<p>Geben Sie die Marktsituation an.</p><p>{1:MC:~Nachfrageüberschuss~=Angebotsüberschuss}</p><p>Bestimmen Sie (auf 2 NKS gerundet) den Nachfrage- oder Angebotsüberschuss.</p><p>{1:NUMERICAL:=4,2203:0,1}</p>]]></text></questiontext></question><question type="cloze"><name><text>17 </text></name><questiontext format="html"><text><![CDATA[Gegeben sind die Angebotsfunktion <br/></p>\( p_A(x)=0,15x+2,2 \)<br/></p> und die Nachfragefunktion <br/></p>\( p_N(x)=-0,2x+7,7 \).</p> <p>Auf dem Markt wird ein Preis von 6 GE festgelegt.<p>Geben Sie die Marktsituation an.</p><p>{1:MC:~Nachfrageüberschuss~=Angebotsüberschuss}</p><p>Bestimmen Sie (auf 2 NKS gerundet) den Nachfrage- oder Angebotsüberschuss.</p><p>{1:NUMERICAL:=16,8333:0,1}</p>]]></text></questiontext></question><question type="cloze"><name><text>18 </text></name><questiontext format="html"><text><![CDATA[Gegeben sind die Angebotsfunktion <br/></p>\( p_A(x)=3,71x+9 \)<br/></p> und die Nachfragefunktion <br/></p>\( p_N(x)=-4,4x+37 \).</p> <p>Auf dem Markt wird ein Preis von 25 GE festgelegt.<p>Geben Sie die Marktsituation an.</p><p>{1:MC:~Nachfrageüberschuss~=Angebotsüberschuss}</p><p>Bestimmen Sie (auf 2 NKS gerundet) den Nachfrage- oder Angebotsüberschuss.</p><p>{1:NUMERICAL:=1,5854:0,1}</p>]]></text></questiontext></question><question type="cloze"><name><text>19 </text></name><questiontext format="html"><text><![CDATA[Gegeben sind die Angebotsfunktion <br/></p>\( p_A(x)=4,19x+7 \)<br/></p> und die Nachfragefunktion <br/></p>\( p_N(x)=-4,8x+41,5 \).</p> <p>Auf dem Markt wird ein Preis von 14 GE festgelegt.<p>Geben Sie die Marktsituation an.</p><p>{1:MC:~=Nachfrageüberschuss~Angebotsüberschuss}</p><p>Bestimmen Sie (auf 2 NKS gerundet) den Nachfrage- oder Angebotsüberschuss.</p><p>{1:NUMERICAL:=4,0585:0,1}</p>]]></text></questiontext></question><question type="cloze"><name><text>20 </text></name><questiontext format="html"><text><![CDATA[Gegeben sind die Angebotsfunktion <br/></p>\( p_A(x)=0,77x+1,6 \)<br/></p> und die Nachfragefunktion <br/></p>\( p_N(x)=-1,3x+8,9 \).</p> <p>Auf dem Markt wird ein Preis von 3 GE festgelegt.<p>Geben Sie die Marktsituation an.</p><p>{1:MC:~=Nachfrageüberschuss~Angebotsüberschuss}</p><p>Bestimmen Sie (auf 2 NKS gerundet) den Nachfrage- oder Angebotsüberschuss.</p><p>{1:NUMERICAL:=2,7203:0,1}</p>]]></text></questiontext></question></quiz>