<?xml version="1.0" encoding="UTF-8" standalone="yes"?>
<quiz><question type="category"><category><text>Stochastik/Allgemein/Binomialverteilung/Kennzahlen/n p gegeben</text></category><info format="html"><text /></info><idnumber /></question><question type="cloze"><name><text>01 </text></name><questiontext format="html"><text><![CDATA[Ein Kontrolleur überprüft die Funktionsfähigkeit von Halbleitern. Dafür entnimmt er aus der laufenden Produktion  244 Teile. Ein Halbleiter ist mit einer Wahrscheinlichkeit von 63% defekt.<p>Bestimmen Sie die durchschnittlich zu erwartende Anzahl der defekten Halbleiter.</p><p>{1:NUMERICAL:=153,72:0,01}</p><p>Bestimmen Sie die Standardabweichung der binomialverteilten Zufallsgröße, die die Anzahl der defekten Halbleiter angibt (auf 2 NKS gerundet).</p><p>{1:NUMERICAL:=7,5416:0,01}</p>]]></text></questiontext></question><question type="cloze"><name><text>02 </text></name><questiontext format="html"><text><![CDATA[Eine Schaffnerin kontrolliert Fahrscheine in einer Regionalbahn von Bielefeld nach Münster. An einem Tag überprüft sie 212 Passagiere. Erfahrungsgemäß haben 37% aller Passagiere keinen gültigen Fahrschein.<p>Bestimmen Sie die durchschnittlich zu erwartende Anzahl der Passagiere ohne gültigen Fahrschein.</p><p>{1:NUMERICAL:=78,44:0,01}</p><p>Bestimmen Sie die Standardabweichung der binomialverteilten Zufallsgröße, die die Anzahl der Passagiere ohne gültigen Fahrschein angibt (auf 2 NKS gerundet).</p><p>{1:NUMERICAL:=7,0297:0,01}</p>]]></text></questiontext></question><question type="cloze"><name><text>03 </text></name><questiontext format="html"><text><![CDATA[An einem Eisstand bietet der Verkäufer Eis mit oder ohne Streuseln an. Insgesamt kaufen 156 Kunden ein Eis. Typischerweise bestellen 54% aller Kunden ein Eis mit Streuseln.<p>Bestimmen Sie die durchschnittlich zu erwartende Anzahl der Kundenbestellungen mit Streuseln.</p><p>{1:NUMERICAL:=84,24:0,01}</p><p>Bestimmen Sie die Standardabweichung der binomialverteilten Zufallsgröße, die die Anzahl der Kundenbestellungen mit Streuseln angibt (auf 2 NKS gerundet).</p><p>{1:NUMERICAL:=6,225:0,01}</p>]]></text></questiontext></question><question type="cloze"><name><text>04 </text></name><questiontext format="html"><text><![CDATA[David hat eine gezinkte Münze. Er wirft die Münze 204 Mal. Bei einem einmaligen Wurf liegt bei jedem 5. Wurf Kopf oben.<p>Bestimmen Sie die durchschnittlich zu erwartende Anzahl der geworfenen Köpfe.</p><p>{1:NUMERICAL:=40,8:0,01}</p><p>Bestimmen Sie die Standardabweichung der binomialverteilten Zufallsgröße, die die Anzahl der geworfenen Köpfe angibt (auf 2 NKS gerundet).</p><p>{1:NUMERICAL:=5,7131:0,01}</p>]]></text></questiontext></question><question type="cloze"><name><text>05 </text></name><questiontext format="html"><text><![CDATA[Eine Ärztin prüft, ob Bewerber für den Polizeiberuf gesundheitlich geeignet sind. Insgesamt gibt es 280 Bewerber. Erfahrungswerte besagen, dass 27% aller Bewerber den Check erfolgreich absolvieren.<p>Bestimmen Sie die durchschnittlich zu erwartende Anzahl der Bewerber mit erfolgreichem Gesundheitscheck.</p><p>{1:NUMERICAL:=75,6:0,01}</p><p>Bestimmen Sie die Standardabweichung der binomialverteilten Zufallsgröße, die die Anzahl der Bewerber mit erfolgreichem Gesundheitscheck angibt (auf 2 NKS gerundet).</p><p>{1:NUMERICAL:=7,4289:0,01}</p>]]></text></questiontext></question><question type="cloze"><name><text>06 </text></name><questiontext format="html"><text><![CDATA[Ein Fahrlehrer nimmt eine theoretische Führerscheinprüfung ab. Es erscheinen 259 Prüflinge. Jeder 4. Prüfling fällt durch.<p>Bestimmen Sie die durchschnittlich zu erwartende Anzahl der durchgefallenen Prüflinge.</p><p>{1:NUMERICAL:=64,75:0,01}</p><p>Bestimmen Sie die Standardabweichung der binomialverteilten Zufallsgröße, die die Anzahl der durchgefallenen Prüflinge angibt (auf 2 NKS gerundet).</p><p>{1:NUMERICAL:=6,9687:0,01}</p>]]></text></questiontext></question><question type="cloze"><name><text>07 </text></name><questiontext format="html"><text><![CDATA[Ein Zollbeamter kontrolliert ein Sportgeschäft hinsichtlich gefälschter Turnschuhe. Er untersucht insgesamt 266 Turnschuhe. Glaubwürdigen Schätzungen zufolge sind 68% aller Schuhe gefälscht.<p>Bestimmen Sie die durchschnittlich zu erwartende Anzahl der gefälschten Turnschuhe.</p><p>{1:NUMERICAL:=180,88:0,01}</p><p>Bestimmen Sie die Standardabweichung der binomialverteilten Zufallsgröße, die die Anzahl der gefälschten Turnschuhe angibt (auf 2 NKS gerundet).</p><p>{1:NUMERICAL:=7,608:0,01}</p>]]></text></questiontext></question><question type="cloze"><name><text>08 </text></name><questiontext format="html"><text><![CDATA[Eine Fußballspielerin trainiert Freistöße. Sie schießt 176 Mal auf das Tor. Sie weiß, dass jeder 2. Schuss das Tor verfehlt.<p>Bestimmen Sie die durchschnittlich zu erwartende Anzahl der Fehltreffer.</p><p>{1:NUMERICAL:=88:0,01}</p><p>Bestimmen Sie die Standardabweichung der binomialverteilten Zufallsgröße, die die Anzahl der Fehltreffer angibt (auf 2 NKS gerundet).</p><p>{1:NUMERICAL:=6,6332:0,01}</p>]]></text></questiontext></question><question type="cloze"><name><text>09 </text></name><questiontext format="html"><text><![CDATA[Ein Unternehmen untersucht, wie zufrieden seine Mitarbeiter sind. Dazu werden 103 Mitarbeiter befragt. Bekanntermaßen sind 76% aller Mitarbeiter zufrieden.<p>Bestimmen Sie die durchschnittlich zu erwartende Anzahl der zufriedenen Mitarbeiter.</p><p>{1:NUMERICAL:=78,28:0,01}</p><p>Bestimmen Sie die Standardabweichung der binomialverteilten Zufallsgröße, die die Anzahl der zufriedenen Mitarbeiter angibt (auf 2 NKS gerundet).</p><p>{1:NUMERICAL:=4,3344:0,01}</p>]]></text></questiontext></question><question type="cloze"><name><text>10 </text></name><questiontext format="html"><text><![CDATA[Der Besitzer eines Restaurants untersucht, wie viele Gäste vegetarische Gerichte bestellen. Es werden die Bestellungen von 145 Gästen geprüft. Allgemeine Statistiken zeigen, dass jeder 2. Gast ein vegetarisches Gericht bestellt.<p>Bestimmen Sie die durchschnittlich zu erwartende Anzahl der vegetarischen Gerichte.</p><p>{1:NUMERICAL:=72,5:0,01}</p><p>Bestimmen Sie die Standardabweichung der binomialverteilten Zufallsgröße, die die Anzahl der vegetarischen Gerichte angibt (auf 2 NKS gerundet).</p><p>{1:NUMERICAL:=6,0208:0,01}</p>]]></text></questiontext></question><question type="cloze"><name><text>11 </text></name><questiontext format="html"><text><![CDATA[Die Filialleiterin eines Gartencenter prüft, ob die Pflanzen ausreichend bewässert werden. Sie untersucht 163 Pflanzen. Aus früheren Überprüfungen ist bekannt, dass 43% aller Pflanzen zu wenig Wasser bekommen.<p>Bestimmen Sie die durchschnittlich zu erwartende Anzahl der unzureichend bewässerten Pflanzen.</p><p>{1:NUMERICAL:=70,09:0,01}</p><p>Bestimmen Sie die Standardabweichung der binomialverteilten Zufallsgröße, die die Anzahl der unzureichend bewässerten Pflanzen angibt (auf 2 NKS gerundet).</p><p>{1:NUMERICAL:=6,3207:0,01}</p>]]></text></questiontext></question><question type="cloze"><name><text>12 </text></name><questiontext format="html"><text><![CDATA[Ein Onlineshop für Heimwerkerbedarf bietet elektrische Werkzeuge entweder mit Kabel oder mit Akku an. Es wird die Stromversorgung von 136 bestellten Werkzeugen untersucht. Ein Werkzeug hat mit einer Wahrscheinlichkeit von 68% einen Akku.<p>Bestimmen Sie die durchschnittlich zu erwartende Anzahl der Werkzeuge mit Akku.</p><p>{1:NUMERICAL:=92,48:0,01}</p><p>Bestimmen Sie die Standardabweichung der binomialverteilten Zufallsgröße, die die Anzahl der Werkzeuge mit Akku angibt (auf 2 NKS gerundet).</p><p>{1:NUMERICAL:=5,44:0,01}</p>]]></text></questiontext></question><question type="cloze"><name><text>13 </text></name><questiontext format="html"><text><![CDATA[Ein Unternehmen prüft, wie gut seine Computer vor etwaigen Cyberattacken geschützt sind. Es werden 287 Computer hinsichtlich eines ausreichenden Virenschutzes untersucht. Nach offiziellen Angaben haben 77% aller Computer keinen ausreichenden Virenschutz.<p>Bestimmen Sie die durchschnittlich zu erwartende Anzahl der Computer mit unzureichendem Virenschutz.</p><p>{1:NUMERICAL:=220,99:0,01}</p><p>Bestimmen Sie die Standardabweichung der binomialverteilten Zufallsgröße, die die Anzahl der Computer mit unzureichendem Virenschutz angibt (auf 2 NKS gerundet).</p><p>{1:NUMERICAL:=7,1294:0,01}</p>]]></text></questiontext></question><question type="cloze"><name><text>14 </text></name><questiontext format="html"><text><![CDATA[Eine Glaserei produziert Maßkrüge, wobei es an einigen Krügen zu Kratzern kommt. Sie überprüft eine Tagesproduktion von 191 Krügen. Analysen zeigen, dass 44% aller Krüge einen Kratzer haben.<p>Bestimmen Sie die durchschnittlich zu erwartende Anzahl der Krüge mit Kratzer.</p><p>{1:NUMERICAL:=84,04:0,01}</p><p>Bestimmen Sie die Standardabweichung der binomialverteilten Zufallsgröße, die die Anzahl der Krüge mit Kratzer angibt (auf 2 NKS gerundet).</p><p>{1:NUMERICAL:=6,8602:0,01}</p>]]></text></questiontext></question><question type="cloze"><name><text>15 </text></name><questiontext format="html"><text><![CDATA[Amalia sucht auf einer Online-Partnerbörse nach dem Mann fürs Leben. An einem Tag schaut sie sich 273 Partnervorschläge an. Aus Erfahrung weiß sie, dass sie 56% aller vorgeschlagenen Partner attraktiv findet.<p>Bestimmen Sie die durchschnittlich zu erwartende Anzahl der Vorschläge mit attraktiven Partnern.</p><p>{1:NUMERICAL:=152,88:0,01}</p><p>Bestimmen Sie die Standardabweichung der binomialverteilten Zufallsgröße, die die Anzahl der Vorschläge mit attraktiven Partnern angibt (auf 2 NKS gerundet).</p><p>{1:NUMERICAL:=8,2017:0,01}</p>]]></text></questiontext></question><question type="cloze"><name><text>16 </text></name><questiontext format="html"><text><![CDATA[Ein Unternehmen verkauft Smartwatches. Um den Absatz anzukurbeln, werden einigen Uhren zufällig Gutscheine für ein Online-Versandhaus beigelegt. Die Smartwatches werden in Kisten mit je 257 Stück zusammengefasst. Der Zufallsgenerator legt 63% aller Smartwatches einen Gutschein bei.<p>Bestimmen Sie die durchschnittlich zu erwartende Anzahl der Smartwatches mit Gutschein.</p><p>{1:NUMERICAL:=161,91:0,01}</p><p>Bestimmen Sie die Standardabweichung der binomialverteilten Zufallsgröße, die die Anzahl der Smartwatches mit Gutschein angibt (auf 2 NKS gerundet).</p><p>{1:NUMERICAL:=7,7399:0,01}</p>]]></text></questiontext></question><question type="cloze"><name><text>17 </text></name><questiontext format="html"><text><![CDATA[Der Verkäufer einer Imbissbude möchte wissen, auf welche Art seine Kunden bezahlen. Er beobachtet 122 Kunden. Es ist bekannt, dass ein Kunde mit einer Wahrscheinlichkeit von 41% bar bezahlt.<p>Bestimmen Sie die durchschnittlich zu erwartende Anzahl der barbezahlenden Kunden.</p><p>{1:NUMERICAL:=50,02:0,01}</p><p>Bestimmen Sie die Standardabweichung der binomialverteilten Zufallsgröße, die die Anzahl der barbezahlenden Kunden angibt (auf 2 NKS gerundet).</p><p>{1:NUMERICAL:=5,4325:0,01}</p>]]></text></questiontext></question><question type="cloze"><name><text>18 </text></name><questiontext format="html"><text><![CDATA[Ein Unternehmen verkauft Beamer und garantiert eine Lebensdauer von 4000 Stunden für die Beamerlampen. In einer Langzeitkontrolle werden 238 Beamerlampen überprüft. Analysen von Verbraucherschützern zufolge leuchtet jede 4. Beamerlampe weniger als 4000 Stunden.<p>Bestimmen Sie die durchschnittlich zu erwartende Anzahl der Beamerlampen mit einer Lebensdauer von weniger als 4000 Stunden.</p><p>{1:NUMERICAL:=59,5:0,01}</p><p>Bestimmen Sie die Standardabweichung der binomialverteilten Zufallsgröße, die die Anzahl der Beamerlampen mit einer Lebensdauer von weniger als 4000 Stunden angibt (auf 2 NKS gerundet).</p><p>{1:NUMERICAL:=6,6802:0,01}</p>]]></text></questiontext></question><question type="cloze"><name><text>19 </text></name><questiontext format="html"><text><![CDATA[Ein potentieller Werbepartner studiert den Bekanntheitsgrad einer Influencerin. An einer Umfrage zum Bekanntheitsgrad der Influencerin nehmen 182 User teil. Man weiß, dass jeder 5. User der Influencerin folgt.<p>Bestimmen Sie die durchschnittlich zu erwartende Anzahl der Follower der Influencerin.</p><p>{1:NUMERICAL:=36,4:0,01}</p><p>Bestimmen Sie die Standardabweichung der binomialverteilten Zufallsgröße, die die Anzahl der Follower der Influencerin angibt (auf 2 NKS gerundet).</p><p>{1:NUMERICAL:=5,3963:0,01}</p>]]></text></questiontext></question><question type="cloze"><name><text>20 </text></name><questiontext format="html"><text><![CDATA[In einem Lebensmittelgeschäft bestimmt ein Kassierer mit Hilfe einer Waage das Gewicht von Obst und Gemüse. Er wiegt 229 Lebensmittel. Interne Untersuchungen zeigen, dass in 21% der Fälle das Gewicht nicht ausreichend genau bestimmt wird.<p>Bestimmen Sie die durchschnittlich zu erwartende Anzahl der ungenau gewogenen Lebensmittel.</p><p>{1:NUMERICAL:=48,09:0,01}</p><p>Bestimmen Sie die Standardabweichung der binomialverteilten Zufallsgröße, die die Anzahl der ungenau gewogenen Lebensmittel angibt (auf 2 NKS gerundet).</p><p>{1:NUMERICAL:=6,1637:0,01}</p>]]></text></questiontext></question></quiz>