<?xml version="1.0" encoding="UTF-8" standalone="yes"?>
<quiz><question type="category"><category><text>Stochastik/Allgemein/Binomialverteilung/Kennzahlen/mu sigma gegeben</text></category><info format="html"><text /></info><idnumber /></question><question type="cloze"><name><text>01 </text></name><questiontext format="html"><text><![CDATA[Ein Kontrolleur überprüft die Funktionsfähigkeit von Halbleitern. Der Kontrolleur erwartet durchschnittlich 97,2 defekte Halbleiter. Die Standardabweichung der binomialverteilten Zufallsgröße, die die Anzahl der defekten Halbleiter angibt, beträgt \( \sigma = 7,8872 \).<p>Bestimmen Sie Anzahl der insgesamt untersuchten Halbleiter (Endergebnis und bei Verwendung als mögliches Zwischenergebnis auf eine ganze Zahl gerundet).</p><p>{1:NUMERICAL:=270:0,01}</p><p>Bestimmen Sie die Wahrscheinlichkeit, dass ein Halbleiter defekt ist. (Endergebnis und bei Verwendung als mögliches Zwischenergebnis in % auf eine ganze Zahl gerundet)</p><p>{1:NUMERICAL:=36:1} %</p>]]></text></questiontext></question><question type="cloze"><name><text>02 </text></name><questiontext format="html"><text><![CDATA[Eine Schaffnerin kontrolliert Fahrscheine in einer Regionalbahn von Bielefeld nach Münster. Die Schaffnerin erwartet durchschnittlich 111,36 Passagiere ohne gültigen Fahrschein. Die Standardabweichung der binomialverteilten Zufallsgröße, die die Anzahl der Passagiere ohne gültigen Fahrschein angibt, beträgt \( \sigma = 6,3316 \).<p>Bestimmen Sie Anzahl der insgesamt untersuchten Passagiere (Endergebnis und bei Verwendung als mögliches Zwischenergebnis auf eine ganze Zahl gerundet).</p><p>{1:NUMERICAL:=174:0,01}</p><p>Bestimmen Sie die Wahrscheinlichkeit, dass ein Passagier keinen gültigen Fahrschein hat. (Endergebnis und bei Verwendung als mögliches Zwischenergebnis in % auf eine ganze Zahl gerundet)</p><p>{1:NUMERICAL:=64:1} %</p>]]></text></questiontext></question><question type="cloze"><name><text>03 </text></name><questiontext format="html"><text><![CDATA[An einem Eisstand bietet der Verkäufer Eis mit oder ohne Streuseln an. Der Eisverkäufer erwartet durchschnittlich 194,56 Kundenbestellungen mit Streuseln. Die Standardabweichung der binomialverteilten Zufallsgröße, die die Anzahl der Kundenbestellungen mit Streuseln angibt, beträgt \( \sigma = 6,8333 \).<p>Bestimmen Sie Anzahl der insgesamt untersuchten Kunden (Endergebnis und bei Verwendung als mögliches Zwischenergebnis auf eine ganze Zahl gerundet).</p><p>{1:NUMERICAL:=256:0,01}</p><p>Bestimmen Sie die Wahrscheinlichkeit, dass ein Kunde ein Eis mit Streuseln bestellt. (Endergebnis und bei Verwendung als mögliches Zwischenergebnis in % auf eine ganze Zahl gerundet)</p><p>{1:NUMERICAL:=76:1} %</p>]]></text></questiontext></question><question type="cloze"><name><text>04 </text></name><questiontext format="html"><text><![CDATA[David hat eine gezinkte Münze. David erwartet durchschnittlich 73,25 geworfene Köpfe. Die Standardabweichung der binomialverteilten Zufallsgröße, die die Anzahl der geworfenen Köpfe angibt, beträgt \( \sigma = 7,412 \).<p>Bestimmen Sie Anzahl der insgesamt untersuchten Münzwürfe (Endergebnis und bei Verwendung als mögliches Zwischenergebnis auf eine ganze Zahl gerundet).</p><p>{1:NUMERICAL:=293:0,01}</p><p>Bestimmen Sie die Wahrscheinlichkeit, dass bei einem Wurf Kopf geworfen wird. (Endergebnis und bei Verwendung als mögliches Zwischenergebnis in % auf eine ganze Zahl gerundet)</p><p>{1:NUMERICAL:=25:1} %</p>]]></text></questiontext></question><question type="cloze"><name><text>05 </text></name><questiontext format="html"><text><![CDATA[Eine Ärztin prüft, ob Bewerber für den Polizeiberuf gesundheitlich geeignet sind. Die Ärztin erwartet durchschnittlich 64,05 Bewerber mit erfolgreichem Gesundheitscheck. Die Standardabweichung der binomialverteilten Zufallsgröße, die die Anzahl der Bewerber mit erfolgreichem Gesundheitscheck angibt, beträgt \( \sigma = 4,9979 \).<p>Bestimmen Sie Anzahl der insgesamt untersuchten Bewerber (Endergebnis und bei Verwendung als mögliches Zwischenergebnis auf eine ganze Zahl gerundet).</p><p>{1:NUMERICAL:=105:0,01}</p><p>Bestimmen Sie die Wahrscheinlichkeit, dass ein Bewerber den Check besteht. (Endergebnis und bei Verwendung als mögliches Zwischenergebnis in % auf eine ganze Zahl gerundet)</p><p>{1:NUMERICAL:=61:1} %</p>]]></text></questiontext></question><question type="cloze"><name><text>06 </text></name><questiontext format="html"><text><![CDATA[Ein Fahrlehrer nimmt eine theoretische Führerscheinprüfung ab. Der Fahrlehrer erwartet durchschnittlich 156,91 durchgefallene Prüflinge. Die Standardabweichung der binomialverteilten Zufallsgröße, die die Anzahl der durchgefallenen Prüflinge angibt, beträgt \( \sigma = 6,7457 \).<p>Bestimmen Sie Anzahl der insgesamt untersuchten Prüflinge (Endergebnis und bei Verwendung als mögliches Zwischenergebnis auf eine ganze Zahl gerundet).</p><p>{1:NUMERICAL:=221:0,01}</p><p>Bestimmen Sie die Wahrscheinlichkeit, dass ein Prüfling durch die Prüfung fällt. (Endergebnis und bei Verwendung als mögliches Zwischenergebnis in % auf eine ganze Zahl gerundet)</p><p>{1:NUMERICAL:=71:1} %</p>]]></text></questiontext></question><question type="cloze"><name><text>07 </text></name><questiontext format="html"><text><![CDATA[Ein Zollbeamter kontrolliert ein Sportgeschäft hinsichtlich gefälschter Turnschuhe. Der Zollbeamte erwartet durchschnittlich 46,2 gefälschte Turnschuhe. Die Standardabweichung der binomialverteilten Zufallsgröße, die die Anzahl der gefälschten Turnschuhe angibt, beträgt \( \sigma = 5,7675 \).<p>Bestimmen Sie Anzahl der insgesamt untersuchten Turnschuhe (Endergebnis und bei Verwendung als mögliches Zwischenergebnis auf eine ganze Zahl gerundet).</p><p>{1:NUMERICAL:=165:0,01}</p><p>Bestimmen Sie die Wahrscheinlichkeit, dass ein Turnschuh eine Fälschung ist. (Endergebnis und bei Verwendung als mögliches Zwischenergebnis in % auf eine ganze Zahl gerundet)</p><p>{1:NUMERICAL:=28:1} %</p>]]></text></questiontext></question><question type="cloze"><name><text>08 </text></name><questiontext format="html"><text><![CDATA[Eine Fußballspielerin trainiert Freistöße. Die Fußballerin erwartet durchschnittlich 86,92 Fehltreffer. Die Standardabweichung der binomialverteilten Zufallsgröße, die die Anzahl der Fehltreffer angibt, beträgt \( \sigma = 7,1612 \).<p>Bestimmen Sie Anzahl der insgesamt untersuchten Freistöße (Endergebnis und bei Verwendung als mögliches Zwischenergebnis auf eine ganze Zahl gerundet).</p><p>{1:NUMERICAL:=212:0,01}</p><p>Bestimmen Sie die Wahrscheinlichkeit, dass ein Freistoß das Tor verfehlt. (Endergebnis und bei Verwendung als mögliches Zwischenergebnis in % auf eine ganze Zahl gerundet)</p><p>{1:NUMERICAL:=41:1} %</p>]]></text></questiontext></question><question type="cloze"><name><text>09 </text></name><questiontext format="html"><text><![CDATA[Ein Unternehmen untersucht, wie zufrieden seine Mitarbeiter sind. Das Unternehmen erwartet durchschnittlich 98,56 zufriedene Mitarbeiter. Die Standardabweichung der binomialverteilten Zufallsgröße, die die Anzahl der zufriedenen Mitarbeiter angibt, beträgt \( \sigma = 5,9566 \).<p>Bestimmen Sie Anzahl der insgesamt untersuchten Mitarbeiter (Endergebnis und bei Verwendung als mögliches Zwischenergebnis auf eine ganze Zahl gerundet).</p><p>{1:NUMERICAL:=154:0,01}</p><p>Bestimmen Sie die Wahrscheinlichkeit, dass ein Mitarbeiter zufrieden ist. (Endergebnis und bei Verwendung als mögliches Zwischenergebnis in % auf eine ganze Zahl gerundet)</p><p>{1:NUMERICAL:=64:1} %</p>]]></text></questiontext></question><question type="cloze"><name><text>10 </text></name><questiontext format="html"><text><![CDATA[Der Besitzer eines Restaurants untersucht, wie viele Gäste vegetarische Gerichte bestellen. Der Besitzer erwartet durchschnittlich 105,6 vegetarische Gerichte. Die Standardabweichung der binomialverteilten Zufallsgröße, die die Anzahl der vegetarischen Gerichte angibt, beträgt \( \sigma = 4,5957 \).<p>Bestimmen Sie Anzahl der insgesamt untersuchten Gerichte (Endergebnis und bei Verwendung als mögliches Zwischenergebnis auf eine ganze Zahl gerundet).</p><p>{1:NUMERICAL:=132:0,01}</p><p>Bestimmen Sie die Wahrscheinlichkeit, dass ein Gericht vegetarisch ist. (Endergebnis und bei Verwendung als mögliches Zwischenergebnis in % auf eine ganze Zahl gerundet)</p><p>{1:NUMERICAL:=80:1} %</p>]]></text></questiontext></question><question type="cloze"><name><text>11 </text></name><questiontext format="html"><text><![CDATA[Die Filialleiterin eines Gartencenter prüft, ob die Pflanzen ausreichend bewässert werden. Die Filialleiterin erwartet durchschnittlich 57,6 unzureichend bewässerte Pflanzen. Die Standardabweichung der binomialverteilten Zufallsgröße, die die Anzahl der unzureichend bewässerten Pflanzen angibt, beträgt \( \sigma = 6,7882 \).<p>Bestimmen Sie Anzahl der insgesamt untersuchten Pflanzen (Endergebnis und bei Verwendung als mögliches Zwischenergebnis auf eine ganze Zahl gerundet).</p><p>{1:NUMERICAL:=288:0,01}</p><p>Bestimmen Sie die Wahrscheinlichkeit, dass eine Pflanze zu wenig Wasser bekommt. (Endergebnis und bei Verwendung als mögliches Zwischenergebnis in % auf eine ganze Zahl gerundet)</p><p>{1:NUMERICAL:=20:1} %</p>]]></text></questiontext></question><question type="cloze"><name><text>12 </text></name><questiontext format="html"><text><![CDATA[Ein Onlineshop für Heimwerkerbedarf bietet elektrische Werkzeuge entweder mit Kabel oder mit Akku an. Der Onlineshop erwartet durchschnittlich 74,86 Werkzeuge mit Akku. Die Standardabweichung der binomialverteilten Zufallsgröße, die die Anzahl der Werkzeuge mit Akku angibt, beträgt \( \sigma = 6,8127 \).<p>Bestimmen Sie Anzahl der insgesamt untersuchten Werkzeuge (Endergebnis und bei Verwendung als mögliches Zwischenergebnis auf eine ganze Zahl gerundet).</p><p>{1:NUMERICAL:=197:0,01}</p><p>Bestimmen Sie die Wahrscheinlichkeit, dass ein Werkzeug mit einem Akku ausgestattet ist. (Endergebnis und bei Verwendung als mögliches Zwischenergebnis in % auf eine ganze Zahl gerundet)</p><p>{1:NUMERICAL:=38:1} %</p>]]></text></questiontext></question><question type="cloze"><name><text>13 </text></name><questiontext format="html"><text><![CDATA[Ein Unternehmen prüft, wie gut seine Computer vor etwaigen Cyberattacken geschützt sind. Das Unternehmen erwartet durchschnittlich 89,05 Computer mit unzureichendem Virenschutz. Die Standardabweichung der binomialverteilten Zufallsgröße, die die Anzahl der Computer mit unzureichendem Virenschutz angibt, beträgt \( \sigma = 5,5828 \).<p>Bestimmen Sie Anzahl der insgesamt untersuchten Computer (Endergebnis und bei Verwendung als mögliches Zwischenergebnis auf eine ganze Zahl gerundet).</p><p>{1:NUMERICAL:=137:0,01}</p><p>Bestimmen Sie die Wahrscheinlichkeit, dass ein Computer nicht ausreichend gegen Viren geschützt ist. (Endergebnis und bei Verwendung als mögliches Zwischenergebnis in % auf eine ganze Zahl gerundet)</p><p>{1:NUMERICAL:=65:1} %</p>]]></text></questiontext></question><question type="cloze"><name><text>14 </text></name><questiontext format="html"><text><![CDATA[Eine Glaserei produziert Maßkrüge, wobei es an einigen Krügen zu Kratzern kommt. Die Glaserei erwartet durchschnittlich 77,5 Krüge mit Kratzer. Die Standardabweichung der binomialverteilten Zufallsgröße, die die Anzahl der Krüge mit Kratzer angibt, beträgt \( \sigma = 5,4268 \).<p>Bestimmen Sie Anzahl der insgesamt untersuchten Krüge (Endergebnis und bei Verwendung als mögliches Zwischenergebnis auf eine ganze Zahl gerundet).</p><p>{1:NUMERICAL:=125:0,01}</p><p>Bestimmen Sie die Wahrscheinlichkeit, dass ein Krug einen Kratzer hat. (Endergebnis und bei Verwendung als mögliches Zwischenergebnis in % auf eine ganze Zahl gerundet)</p><p>{1:NUMERICAL:=62:1} %</p>]]></text></questiontext></question><question type="cloze"><name><text>15 </text></name><questiontext format="html"><text><![CDATA[Amalia sucht auf einer Online-Partnerbörse nach dem Mann fürs Leben. Amalia erwartet durchschnittlich 61,07 Vorschläge mit attraktiven Partnern. Die Standardabweichung der binomialverteilten Zufallsgröße, die die Anzahl der Vorschläge mit attraktiven Partnern angibt, beträgt \( \sigma = 6,4914 \).<p>Bestimmen Sie Anzahl der insgesamt untersuchten vorgeschlagenen Partner (Endergebnis und bei Verwendung als mögliches Zwischenergebnis auf eine ganze Zahl gerundet).</p><p>{1:NUMERICAL:=197:0,01}</p><p>Bestimmen Sie die Wahrscheinlichkeit, dass sie einen vorgeschlagenen Partner attraktiv findet. (Endergebnis und bei Verwendung als mögliches Zwischenergebnis in % auf eine ganze Zahl gerundet)</p><p>{1:NUMERICAL:=31:1} %</p>]]></text></questiontext></question><question type="cloze"><name><text>16 </text></name><questiontext format="html"><text><![CDATA[Ein Unternehmen verkauft Smartwatches. Um den Absatz anzukurbeln, werden einigen Uhren zufällig Gutscheine für ein Online-Versandhaus beigelegt. Das Unternehmen erwartet durchschnittlich 96,9 Smartwatches mit Gutschein. Die Standardabweichung der binomialverteilten Zufallsgröße, die die Anzahl der Smartwatches mit Gutschein angibt, beträgt \( \sigma = 6,455 \).<p>Bestimmen Sie Anzahl der insgesamt untersuchten Smartwatches (Endergebnis und bei Verwendung als mögliches Zwischenergebnis auf eine ganze Zahl gerundet).</p><p>{1:NUMERICAL:=170:0,01}</p><p>Bestimmen Sie die Wahrscheinlichkeit, dass einer Smartwatch ein Gutschein beigelegt wird. (Endergebnis und bei Verwendung als mögliches Zwischenergebnis in % auf eine ganze Zahl gerundet)</p><p>{1:NUMERICAL:=57:1} %</p>]]></text></questiontext></question><question type="cloze"><name><text>17 </text></name><questiontext format="html"><text><![CDATA[Der Verkäufer einer Imbissbude möchte wissen, auf welche Art seine Kunden bezahlen. Der Verkäufer erwartet durchschnittlich 50,17 barbezahlende Kunden. Die Standardabweichung der binomialverteilten Zufallsgröße, die die Anzahl der barbezahlenden Kunden angibt, beträgt \( \sigma = 5,9683 \).<p>Bestimmen Sie Anzahl der insgesamt untersuchten Kunden (Endergebnis und bei Verwendung als mögliches Zwischenergebnis auf eine ganze Zahl gerundet).</p><p>{1:NUMERICAL:=173:0,01}</p><p>Bestimmen Sie die Wahrscheinlichkeit, dass eine Kunde bar bezahlt. (Endergebnis und bei Verwendung als mögliches Zwischenergebnis in % auf eine ganze Zahl gerundet)</p><p>{1:NUMERICAL:=29:1} %</p>]]></text></questiontext></question><question type="cloze"><name><text>18 </text></name><questiontext format="html"><text><![CDATA[Ein Unternehmen verkauft Beamer und garantiert eine Lebensdauer von 4000 Stunden für die Beamerlampen. Das Unternehmen erwartet durchschnittlich 74,25 Beamerlampen mit einer Lebensdauer von weniger als 4000 Stunden. Die Standardabweichung der binomialverteilten Zufallsgröße, die die Anzahl der Beamerlampen mit einer Lebensdauer von weniger als 4000 Stunden angibt, beträgt \( \sigma = 7,0532 \).<p>Bestimmen Sie Anzahl der insgesamt untersuchten Beamerlampen (Endergebnis und bei Verwendung als mögliches Zwischenergebnis auf eine ganze Zahl gerundet).</p><p>{1:NUMERICAL:=225:0,01}</p><p>Bestimmen Sie die Wahrscheinlichkeit, dass eine Beamerlampe weniger als 4000 Stunden leuchtet. (Endergebnis und bei Verwendung als mögliches Zwischenergebnis in % auf eine ganze Zahl gerundet)</p><p>{1:NUMERICAL:=33:1} %</p>]]></text></questiontext></question><question type="cloze"><name><text>19 </text></name><questiontext format="html"><text><![CDATA[Ein potentieller Werbepartner studiert den Bekanntheitsgrad einer Influencerin. Der potentielle Werbepartner erwartet durchschnittlich 26,5 Follower der Influencerin. Die Standardabweichung der binomialverteilten Zufallsgröße, die die Anzahl der Follower der Influencerin angibt, beträgt \( \sigma = 4,4581 \).<p>Bestimmen Sie Anzahl der insgesamt untersuchten User (Endergebnis und bei Verwendung als mögliches Zwischenergebnis auf eine ganze Zahl gerundet).</p><p>{1:NUMERICAL:=106:0,01}</p><p>Bestimmen Sie die Wahrscheinlichkeit, dass ein User die Influencerin kennt. (Endergebnis und bei Verwendung als mögliches Zwischenergebnis in % auf eine ganze Zahl gerundet)</p><p>{1:NUMERICAL:=25:1} %</p>]]></text></questiontext></question><question type="cloze"><name><text>20 </text></name><questiontext format="html"><text><![CDATA[In einem Lebensmittelgeschäft bestimmt ein Kassierer mit Hilfe einer Waage das Gewicht von Obst und Gemüse. Der Kassierer erwartet durchschnittlich 108,68 ungenau gewogene Lebensmittel. Die Standardabweichung der binomialverteilten Zufallsgröße, die die Anzahl der ungenau gewogenen Lebensmittel angibt, beträgt \( \sigma = 5,1072 \).<p>Bestimmen Sie Anzahl der insgesamt untersuchten Lebensmittel (Endergebnis und bei Verwendung als mögliches Zwischenergebnis auf eine ganze Zahl gerundet).</p><p>{1:NUMERICAL:=143:0,01}</p><p>Bestimmen Sie die Wahrscheinlichkeit, dass das Gewicht eines Lebensmittels nicht ausreichend genau bestimmt wird. (Endergebnis und bei Verwendung als mögliches Zwischenergebnis in % auf eine ganze Zahl gerundet)</p><p>{1:NUMERICAL:=76:1} %</p>]]></text></questiontext></question></quiz>