<?xml version="1.0" encoding="UTF-8" standalone="yes"?>
<quiz><question type="category"><category><text>Stochastik/Allgemein/Binomialverteilung/Kennzahlen/p sigma gegeben</text></category><info format="html"><text /></info><idnumber /></question><question type="cloze"><name><text>01 </text></name><questiontext format="html"><text><![CDATA[Ein Kontrolleur überprüft die Funktionsfähigkeit von Halbleitern. Jeder 2. Halbleiter ist defekt. Die Standardabweichung der binomialverteilten Zufallsgröße, die die Anzahl der defekten Halbleiter angibt, beträgt \( \sigma = 6,9462 \).<p>Bestimmen Sie die durchschnittlich zu erwartende Anzahl der defekten Halbleiter.</p><p>{1:NUMERICAL:=96,5:0,01}</p><p>Bestimmen Sie Anzahl der insgesamt untersuchten Halbleiter (Endergebnis und bei Verwendung als mögliches Zwischenergebnis auf eine ganze Zahl gerundet).</p><p>{1:NUMERICAL:=193:0,01}</p>]]></text></questiontext></question><question type="cloze"><name><text>02 </text></name><questiontext format="html"><text><![CDATA[Eine Schaffnerin kontrolliert Fahrscheine in einer Regionalbahn von Bielefeld nach Münster. Erfahrungsgemäß haben 38% aller Passagiere keinen gültigen Fahrschein. Die Standardabweichung der binomialverteilten Zufallsgröße, die die Anzahl der Passagiere ohne gültigen Fahrschein angibt, beträgt \( \sigma = 5,0443 \).<p>Bestimmen Sie die durchschnittlich zu erwartende Anzahl der Passagiere ohne gültigen Fahrschein.</p><p>{1:NUMERICAL:=41,04:0,01}</p><p>Bestimmen Sie Anzahl der insgesamt untersuchten Passagiere (Endergebnis und bei Verwendung als mögliches Zwischenergebnis auf eine ganze Zahl gerundet).</p><p>{1:NUMERICAL:=108:0,01}</p>]]></text></questiontext></question><question type="cloze"><name><text>03 </text></name><questiontext format="html"><text><![CDATA[An einem Eisstand bietet der Verkäufer Eis mit oder ohne Streuseln an. Typischerweise bestellen 58% aller Kunden ein Eis mit Streuseln. Die Standardabweichung der binomialverteilten Zufallsgröße, die die Anzahl der Kundenbestellungen mit Streuseln angibt, beträgt \( \sigma = 5,3614 \).<p>Bestimmen Sie die durchschnittlich zu erwartende Anzahl der Kundenbestellungen mit Streuseln.</p><p>{1:NUMERICAL:=68,44:0,01}</p><p>Bestimmen Sie Anzahl der insgesamt untersuchten Kunden (Endergebnis und bei Verwendung als mögliches Zwischenergebnis auf eine ganze Zahl gerundet).</p><p>{1:NUMERICAL:=118:0,01}</p>]]></text></questiontext></question><question type="cloze"><name><text>04 </text></name><questiontext format="html"><text><![CDATA[David hat eine gezinkte Münze. Bei einem einmaligen Wurf beträgt die Wahrscheinlichkeit für Kopf 71%. Die Standardabweichung der binomialverteilten Zufallsgröße, die die Anzahl der geworfenen Köpfe angibt, beträgt \( \sigma = 5,8287 \).<p>Bestimmen Sie die durchschnittlich zu erwartende Anzahl der geworfenen Köpfe.</p><p>{1:NUMERICAL:=117,15:0,01}</p><p>Bestimmen Sie Anzahl der insgesamt untersuchten Münzwürfe (Endergebnis und bei Verwendung als mögliches Zwischenergebnis auf eine ganze Zahl gerundet).</p><p>{1:NUMERICAL:=165:0,01}</p>]]></text></questiontext></question><question type="cloze"><name><text>05 </text></name><questiontext format="html"><text><![CDATA[Eine Ärztin prüft, ob Bewerber für den Polizeiberuf gesundheitlich geeignet sind. Erfahrungswerte besagen, dass 31% aller Bewerber den Check erfolgreich absolvieren. Die Standardabweichung der binomialverteilten Zufallsgröße, die die Anzahl der Bewerber mit erfolgreichem Gesundheitscheck angibt, beträgt \( \sigma = 7,1947 \).<p>Bestimmen Sie die durchschnittlich zu erwartende Anzahl der Bewerber mit erfolgreichem Gesundheitscheck.</p><p>{1:NUMERICAL:=75,02:0,01}</p><p>Bestimmen Sie Anzahl der insgesamt untersuchten Bewerber (Endergebnis und bei Verwendung als mögliches Zwischenergebnis auf eine ganze Zahl gerundet).</p><p>{1:NUMERICAL:=242:0,01}</p>]]></text></questiontext></question><question type="cloze"><name><text>06 </text></name><questiontext format="html"><text><![CDATA[Ein Fahrlehrer nimmt eine theoretische Führerscheinprüfung ab. Jeder 4. Prüfling fällt durch. Die Standardabweichung der binomialverteilten Zufallsgröße, die die Anzahl der durchgefallenen Prüflinge angibt, beträgt \( \sigma = 6,4226 \).<p>Bestimmen Sie die durchschnittlich zu erwartende Anzahl der durchgefallenen Prüflinge.</p><p>{1:NUMERICAL:=55:0,01}</p><p>Bestimmen Sie Anzahl der insgesamt untersuchten Prüflinge (Endergebnis und bei Verwendung als mögliches Zwischenergebnis auf eine ganze Zahl gerundet).</p><p>{1:NUMERICAL:=220:0,01}</p>]]></text></questiontext></question><question type="cloze"><name><text>07 </text></name><questiontext format="html"><text><![CDATA[Ein Zollbeamter kontrolliert ein Sportgeschäft hinsichtlich gefälschter Turnschuhe. Glaubwürdigen Schätzungen zufolge sind 46% aller Schuhe gefälscht. Die Standardabweichung der binomialverteilten Zufallsgröße, die die Anzahl der gefälschten Turnschuhe angibt, beträgt \( \sigma = 6,5932 \).<p>Bestimmen Sie die durchschnittlich zu erwartende Anzahl der gefälschten Turnschuhe.</p><p>{1:NUMERICAL:=80,5:0,01}</p><p>Bestimmen Sie Anzahl der insgesamt untersuchten Turnschuhe (Endergebnis und bei Verwendung als mögliches Zwischenergebnis auf eine ganze Zahl gerundet).</p><p>{1:NUMERICAL:=175:0,01}</p>]]></text></questiontext></question><question type="cloze"><name><text>08 </text></name><questiontext format="html"><text><![CDATA[Eine Fußballspielerin trainiert Freistöße. Sie weiß, dass 66% aller Schüsse das Tor verfehlen. Die Standardabweichung der binomialverteilten Zufallsgröße, die die Anzahl der Fehltreffer angibt, beträgt \( \sigma = 8,0111 \).<p>Bestimmen Sie die durchschnittlich zu erwartende Anzahl der Fehltreffer.</p><p>{1:NUMERICAL:=188,76:0,01}</p><p>Bestimmen Sie Anzahl der insgesamt untersuchten Freistöße (Endergebnis und bei Verwendung als mögliches Zwischenergebnis auf eine ganze Zahl gerundet).</p><p>{1:NUMERICAL:=286:0,01}</p>]]></text></questiontext></question><question type="cloze"><name><text>09 </text></name><questiontext format="html"><text><![CDATA[Ein Unternehmen untersucht, wie zufrieden seine Mitarbeiter sind. Bekanntermaßen sind 32% aller Mitarbeiter zufrieden. Die Standardabweichung der binomialverteilten Zufallsgröße, die die Anzahl der zufriedenen Mitarbeiter angibt, beträgt \( \sigma = 6,9971 \).<p>Bestimmen Sie die durchschnittlich zu erwartende Anzahl der zufriedenen Mitarbeiter.</p><p>{1:NUMERICAL:=72:0,01}</p><p>Bestimmen Sie Anzahl der insgesamt untersuchten Mitarbeiter (Endergebnis und bei Verwendung als mögliches Zwischenergebnis auf eine ganze Zahl gerundet).</p><p>{1:NUMERICAL:=225:0,01}</p>]]></text></questiontext></question><question type="cloze"><name><text>10 </text></name><questiontext format="html"><text><![CDATA[Der Besitzer eines Restaurants untersucht, wie viele Gäste vegetarische Gerichte bestellen. Allgemeine Statistiken zeigen, dass 54% aller Gäste vegetarische Gerichte bestellen. Die Standardabweichung der binomialverteilten Zufallsgröße, die die Anzahl der vegetarischen Gerichte angibt, beträgt \( \sigma = 8,1439 \).<p>Bestimmen Sie die durchschnittlich zu erwartende Anzahl der vegetarischen Gerichte.</p><p>{1:NUMERICAL:=144,18:0,01}</p><p>Bestimmen Sie Anzahl der insgesamt untersuchten Gerichte (Endergebnis und bei Verwendung als mögliches Zwischenergebnis auf eine ganze Zahl gerundet).</p><p>{1:NUMERICAL:=267:0,01}</p>]]></text></questiontext></question><question type="cloze"><name><text>11 </text></name><questiontext format="html"><text><![CDATA[Die Filialleiterin eines Gartencenter prüft, ob die Pflanzen ausreichend bewässert werden. Aus Erfahrung weiß sie, dass jede 2. Pflanze zu wenig Wasser bekommt. Die Standardabweichung der binomialverteilten Zufallsgröße, die die Anzahl der unzureichend bewässerten Pflanzen angibt, beträgt \( \sigma = 5,8523 \).<p>Bestimmen Sie die durchschnittlich zu erwartende Anzahl der unzureichend bewässerten Pflanzen.</p><p>{1:NUMERICAL:=68,5:0,01}</p><p>Bestimmen Sie Anzahl der insgesamt untersuchten Pflanzen (Endergebnis und bei Verwendung als mögliches Zwischenergebnis auf eine ganze Zahl gerundet).</p><p>{1:NUMERICAL:=137:0,01}</p>]]></text></questiontext></question><question type="cloze"><name><text>12 </text></name><questiontext format="html"><text><![CDATA[Ein Onlineshop für Heimwerkerbedarf bietet elektrische Werkzeuge entweder mit Kabel oder mit Akku an. Ein Werkzeug hat mit einer Wahrscheinlichkeit von 24% einen Akku. Die Standardabweichung der binomialverteilten Zufallsgröße, die die Anzahl der Werkzeuge mit Akku angibt, beträgt \( \sigma = 6,86 \).<p>Bestimmen Sie die durchschnittlich zu erwartende Anzahl der Werkzeuge mit Akku.</p><p>{1:NUMERICAL:=61,92:0,01}</p><p>Bestimmen Sie Anzahl der insgesamt untersuchten Werkzeuge (Endergebnis und bei Verwendung als mögliches Zwischenergebnis auf eine ganze Zahl gerundet).</p><p>{1:NUMERICAL:=258:0,01}</p>]]></text></questiontext></question><question type="cloze"><name><text>13 </text></name><questiontext format="html"><text><![CDATA[Ein Unternehmen prüft, wie gut seine Computer vor etwaigen Cyberattacken geschützt sind. Nach offiziellen Angaben ist jeder 2. Computer nicht ausreichend geschützt. Die Standardabweichung der binomialverteilten Zufallsgröße, die die Anzahl der Computer mit unzureichendem Virenschutz angibt, beträgt \( \sigma = 7,1937 \).<p>Bestimmen Sie die durchschnittlich zu erwartende Anzahl der Computer mit unzureichendem Virenschutz.</p><p>{1:NUMERICAL:=103,5:0,01}</p><p>Bestimmen Sie Anzahl der insgesamt untersuchten Computer (Endergebnis und bei Verwendung als mögliches Zwischenergebnis auf eine ganze Zahl gerundet).</p><p>{1:NUMERICAL:=207:0,01}</p>]]></text></questiontext></question><question type="cloze"><name><text>14 </text></name><questiontext format="html"><text><![CDATA[Eine Glaserei produziert Maßkrüge, wobei es an einigen Krügen zu Kratzern kommt. Analysen zeigen, dass 61% aller Krüge einen Kratzer haben. Die Standardabweichung der binomialverteilten Zufallsgröße, die die Anzahl der Krüge mit Kratzer angibt, beträgt \( \sigma = 5,1619 \).<p>Bestimmen Sie die durchschnittlich zu erwartende Anzahl der Krüge mit Kratzer.</p><p>{1:NUMERICAL:=68,32:0,01}</p><p>Bestimmen Sie Anzahl der insgesamt untersuchten Krüge (Endergebnis und bei Verwendung als mögliches Zwischenergebnis auf eine ganze Zahl gerundet).</p><p>{1:NUMERICAL:=112:0,01}</p>]]></text></questiontext></question><question type="cloze"><name><text>15 </text></name><questiontext format="html"><text><![CDATA[Amalia sucht auf einer Online-Partnerbörse nach dem Mann fürs Leben. Aus Erfahrung weiß sie, dass sie jeden 5. vorgeschlagenen Partner attraktiv findet. Die Standardabweichung der binomialverteilten Zufallsgröße, die die Anzahl der Vorschläge mit attraktiven Partnern angibt, beträgt \( \sigma = 5,5714 \).<p>Bestimmen Sie die durchschnittlich zu erwartende Anzahl der Vorschläge mit attraktiven Partnern.</p><p>{1:NUMERICAL:=38,8:0,01}</p><p>Bestimmen Sie Anzahl der insgesamt untersuchten vorgeschlagenen Partner (Endergebnis und bei Verwendung als mögliches Zwischenergebnis auf eine ganze Zahl gerundet).</p><p>{1:NUMERICAL:=194:0,01}</p>]]></text></questiontext></question><question type="cloze"><name><text>16 </text></name><questiontext format="html"><text><![CDATA[Ein Unternehmen verkauft Smartwatches. Um den Absatz anzukurbeln, werden einigen Uhren zufällig Gutscheine für ein Online-Versandhaus beigelegt. Der Zufallsgenerator legt jeder 5. Smartwatch einen Gutschein bei. Die Standardabweichung der binomialverteilten Zufallsgröße, die die Anzahl der Smartwatches mit Gutschein angibt, beträgt \( \sigma = 5,9059 \).<p>Bestimmen Sie die durchschnittlich zu erwartende Anzahl der Smartwatches mit Gutschein.</p><p>{1:NUMERICAL:=43,6:0,01}</p><p>Bestimmen Sie Anzahl der insgesamt untersuchten Smartwatches (Endergebnis und bei Verwendung als mögliches Zwischenergebnis auf eine ganze Zahl gerundet).</p><p>{1:NUMERICAL:=218:0,01}</p>]]></text></questiontext></question><question type="cloze"><name><text>17 </text></name><questiontext format="html"><text><![CDATA[Der Verkäufer einer Imbissbude möchte wissen, auf welche Art seine Kunden bezahlen. Es ist bekannt, dass ein Kunde mit einer Wahrscheinlichkeit von 20% bar bezahlt. Die Standardabweichung der binomialverteilten Zufallsgröße, die die Anzahl der barbezahlenden Kunden angibt, beträgt \( \sigma = 6,0795 \).<p>Bestimmen Sie die durchschnittlich zu erwartende Anzahl der barbezahlenden Kunden.</p><p>{1:NUMERICAL:=46,2:0,01}</p><p>Bestimmen Sie Anzahl der insgesamt untersuchten Kunden (Endergebnis und bei Verwendung als mögliches Zwischenergebnis auf eine ganze Zahl gerundet).</p><p>{1:NUMERICAL:=231:0,01}</p>]]></text></questiontext></question><question type="cloze"><name><text>18 </text></name><questiontext format="html"><text><![CDATA[Ein Unternehmen verkauft Beamer und garantiert eine Lebensdauer von 4000 Stunden für die Beamerlampen. Analysen von Verbraucherschützern zufolge leuchten 55% aller Beamerlampen weniger als 4000 Stunden. Die Standardabweichung der binomialverteilten Zufallsgröße, die die Anzahl der Beamerlampen mit einer Lebensdauer von weniger als 4000 Stunden angibt, beträgt \( \sigma = 7,018 \).<p>Bestimmen Sie die durchschnittlich zu erwartende Anzahl der Beamerlampen mit einer Lebensdauer von weniger als 4000 Stunden.</p><p>{1:NUMERICAL:=109,45:0,01}</p><p>Bestimmen Sie Anzahl der insgesamt untersuchten Beamerlampen (Endergebnis und bei Verwendung als mögliches Zwischenergebnis auf eine ganze Zahl gerundet).</p><p>{1:NUMERICAL:=199:0,01}</p>]]></text></questiontext></question><question type="cloze"><name><text>19 </text></name><questiontext format="html"><text><![CDATA[Ein potentieller Werbepartner studiert den Bekanntheitsgrad einer Influencerin. Man weiß, dass 72% aller User der Influencerin folgen. Die Standardabweichung der binomialverteilten Zufallsgröße, die die Anzahl der Follower der Influencerin angibt, beträgt \( \sigma = 5,388 \).<p>Bestimmen Sie die durchschnittlich zu erwartende Anzahl der Follower der Influencerin.</p><p>{1:NUMERICAL:=103,68:0,01}</p><p>Bestimmen Sie Anzahl der insgesamt untersuchten User (Endergebnis und bei Verwendung als mögliches Zwischenergebnis auf eine ganze Zahl gerundet).</p><p>{1:NUMERICAL:=144:0,01}</p>]]></text></questiontext></question><question type="cloze"><name><text>20 </text></name><questiontext format="html"><text><![CDATA[In einem Lebensmittelgeschäft bestimmt ein Kassierer mit Hilfe einer Waage das Gewicht von Obst und Gemüse. Interne Untersuchungen zeigen, dass jedes 4. Lebensmittel nicht ausreichend genau gewogen wird. Die Standardabweichung der binomialverteilten Zufallsgröße, die die Anzahl der ungenau gewogenen Lebensmittel angibt, beträgt \( \sigma = 6,7639 \).<p>Bestimmen Sie die durchschnittlich zu erwartende Anzahl der ungenau gewogenen Lebensmittel.</p><p>{1:NUMERICAL:=61:0,01}</p><p>Bestimmen Sie Anzahl der insgesamt untersuchten Lebensmittel (Endergebnis und bei Verwendung als mögliches Zwischenergebnis auf eine ganze Zahl gerundet).</p><p>{1:NUMERICAL:=244:0,01}</p>]]></text></questiontext></question></quiz>