<?xml version="1.0" encoding="UTF-8" standalone="yes"?>
<quiz><question type="category"><category><text>Stochastik/Allgemein/Binomialverteilung/Umgebungen/absolut</text></category><info format="html"><text /></info><idnumber /></question><question type="cloze"><name><text>01 </text></name><questiontext format="html"><text><![CDATA[Ein Kontrolleur überprüft die Funktionsfähigkeit von Halbleitern. Dafür entnimmt er aus der laufenden Produktion  23 Teile. Jeder 5. Halbleiter ist defekt.<p>Bestimmen Sie die Wahrscheinlichkeit, dass die Anzahl der defekten Halbleiter um höchstens 2 vom Erwartungswert abweicht (auf 4 NKS gerundet).</p><p>{1:NUMERICAL:=0,707:0,0001}</p>]]></text></questiontext></question><question type="cloze"><name><text>02 </text></name><questiontext format="html"><text><![CDATA[Eine Schaffnerin kontrolliert Fahrscheine in einer Regionalbahn von Bielefeld nach Münster. An einem Tag überprüft sie 45 Passagiere. Erfahrungsgemäß hat jeder 5. Passagier keinen gültigen Fahrschein.<p>Bestimmen Sie die Wahrscheinlichkeit, dass die Anzahl der Passagiere ohne gültigen Fahrschein um mindestens 2 vom Erwartungswert abweicht (auf 4 NKS gerundet).</p><p>{1:NUMERICAL:=0,577:0,0001}</p>]]></text></questiontext></question><question type="cloze"><name><text>03 </text></name><questiontext format="html"><text><![CDATA[An einem Eisstand bietet der Verkäufer Eis mit oder ohne Streuseln an. Insgesamt kaufen 84 Kunden ein Eis. Typischerweise bestellen 25% aller Kunden ein Eis mit Streuseln.<p>Bestimmen Sie die Wahrscheinlichkeit, dass die Anzahl der Kundenbestellungen mit Streuseln um mindestens 3 vom Erwartungswert abweicht (auf 4 NKS gerundet).</p><p>{1:NUMERICAL:=0,529:0,0001}</p>]]></text></questiontext></question><question type="cloze"><name><text>04 </text></name><questiontext format="html"><text><![CDATA[David hat eine gezinkte Münze. Er wirft die Münze 40 Mal. Bei einem einmaligen Wurf liegt bei jedem 4. Wurf Kopf oben.<p>Bestimmen Sie die Wahrscheinlichkeit, dass die Anzahl der geworfenen Köpfe um höchstens 5 vom Erwartungswert abweicht (auf 4 NKS gerundet).</p><p>{1:NUMERICAL:=0,9577:0,0001}</p>]]></text></questiontext></question><question type="cloze"><name><text>05 </text></name><questiontext format="html"><text><![CDATA[Eine Ärztin prüft, ob Bewerber für den Polizeiberuf gesundheitlich geeignet sind. Insgesamt gibt es 84 Bewerber. Erfahrungswerte besagen, dass 80% aller Bewerber den Check erfolgreich absolvieren.<p>Bestimmen Sie die Wahrscheinlichkeit, dass die Anzahl der Bewerber mit erfolgreichem Gesundheitscheck um mindestens 3 vom Erwartungswert abweicht (auf 4 NKS gerundet).</p><p>{1:NUMERICAL:=0,4122:0,0001}</p>]]></text></questiontext></question><question type="cloze"><name><text>06 </text></name><questiontext format="html"><text><![CDATA[Ein Fahrlehrer nimmt eine theoretische Führerscheinprüfung ab. Es erscheinen 21 Prüflinge. Die Durchfallquote liegt bei 46%.<p>Bestimmen Sie die Wahrscheinlichkeit, dass die Anzahl der durchgefallenen Prüflinge um mindestens 3 vom Erwartungswert abweicht (auf 4 NKS gerundet).</p><p>{1:NUMERICAL:=0,1886:0,0001}</p>]]></text></questiontext></question><question type="cloze"><name><text>07 </text></name><questiontext format="html"><text><![CDATA[Ein Zollbeamter kontrolliert ein Sportgeschäft hinsichtlich gefälschter Turnschuhe. Er untersucht insgesamt 73 Turnschuhe. Glaubwürdigen Schätzungen zufolge sind 57% aller Schuhe gefälscht.<p>Bestimmen Sie die Wahrscheinlichkeit, dass die Anzahl der gefälschten Turnschuhe um höchstens 2 vom Erwartungswert abweicht (auf 4 NKS gerundet).</p><p>{1:NUMERICAL:=0,3631:0,0001}</p>]]></text></questiontext></question><question type="cloze"><name><text>08 </text></name><questiontext format="html"><text><![CDATA[Eine Fußballspielerin trainiert Freistöße. Sie schießt 99 Mal auf das Tor. Sie weiß, dass 22% aller Schüsse das Tor verfehlen.<p>Bestimmen Sie die Wahrscheinlichkeit, dass die Anzahl der Fehltreffer um mindestens 5 vom Erwartungswert abweicht (auf 4 NKS gerundet).</p><p>{1:NUMERICAL:=0,2242:0,0001}</p>]]></text></questiontext></question><question type="cloze"><name><text>09 </text></name><questiontext format="html"><text><![CDATA[Ein Unternehmen untersucht, wie zufrieden seine Mitarbeiter sind. Dazu werden 24 Mitarbeiter befragt. Bekanntermaßen ist jeder 2. Mitarbeiter zufrieden.<p>Bestimmen Sie die Wahrscheinlichkeit, dass die Anzahl der zufriedenen Mitarbeiter um höchstens 5 vom Erwartungswert abweicht (auf 4 NKS gerundet).</p><p>{1:NUMERICAL:=0,9773:0,0001}</p>]]></text></questiontext></question><question type="cloze"><name><text>10 </text></name><questiontext format="html"><text><![CDATA[Der Besitzer eines Restaurants untersucht, wie viele Gäste vegetarische Gerichte bestellen. Es werden die Bestellungen von 22 Gästen geprüft. Allgemeine Statistiken zeigen, dass 25% aller Gäste vegetarische Gerichte bestellen.<p>Bestimmen Sie die Wahrscheinlichkeit, dass die Anzahl der vegetarischen Gerichte um höchstens 5 vom Erwartungswert abweicht (auf 4 NKS gerundet).</p><p>{1:NUMERICAL:=0,9882:0,0001}</p>]]></text></questiontext></question><question type="cloze"><name><text>11 </text></name><questiontext format="html"><text><![CDATA[Die Filialleiterin eines Gartencenter prüft, ob die Pflanzen ausreichend bewässert werden. Sie untersucht 89 Pflanzen. Aus früheren Überprüfungen ist bekannt, dass 34% aller Pflanzen zu wenig Wasser bekommen.<p>Bestimmen Sie die Wahrscheinlichkeit, dass die Anzahl der unzureichend bewässerten Pflanzen um mindestens 4 vom Erwartungswert abweicht (auf 4 NKS gerundet).</p><p>{1:NUMERICAL:=0,3721:0,0001}</p>]]></text></questiontext></question><question type="cloze"><name><text>12 </text></name><questiontext format="html"><text><![CDATA[Ein Onlineshop für Heimwerkerbedarf bietet elektrische Werkzeuge entweder mit Kabel oder mit Akku an. Es wird die Stromversorgung von 48 bestellten Werkzeugen untersucht. Ein Werkzeug hat mit einer Wahrscheinlichkeit von 54% einen Akku.<p>Bestimmen Sie die Wahrscheinlichkeit, dass die Anzahl der Werkzeuge mit Akku um höchstens 2 vom Erwartungswert abweicht (auf 4 NKS gerundet).</p><p>{1:NUMERICAL:=0,4337:0,0001}</p>]]></text></questiontext></question><question type="cloze"><name><text>13 </text></name><questiontext format="html"><text><![CDATA[Ein Unternehmen prüft, wie gut seine Computer vor etwaigen Cyberattacken geschützt sind. Es werden 38 Computer hinsichtlich eines ausreichenden Virenschutzes untersucht. Nach offiziellen Angaben haben 72% aller Computer keinen ausreichenden Virenschutz.<p>Bestimmen Sie die Wahrscheinlichkeit, dass die Anzahl der Computer mit unzureichendem Virenschutz um höchstens 5 vom Erwartungswert abweicht (auf 4 NKS gerundet).</p><p>{1:NUMERICAL:=0,9311:0,0001}</p>]]></text></questiontext></question><question type="cloze"><name><text>14 </text></name><questiontext format="html"><text><![CDATA[Eine Glaserei produziert Maßkrüge, wobei es an einigen Krügen zu Kratzern kommt. Sie überprüft eine Tagesproduktion von 55 Krügen. Analysen zeigen, dass 47% aller Krüge einen Kratzer haben.<p>Bestimmen Sie die Wahrscheinlichkeit, dass die Anzahl der Krüge mit Kratzer um höchstens 5 vom Erwartungswert abweicht (auf 4 NKS gerundet).</p><p>{1:NUMERICAL:=0,822:0,0001}</p>]]></text></questiontext></question><question type="cloze"><name><text>15 </text></name><questiontext format="html"><text><![CDATA[Amalia sucht auf einer Online-Partnerbörse nach dem Mann fürs Leben. An einem Tag schaut sie sich 54 Partnervorschläge an. Aus Erfahrung weiß sie, dass sie 55% aller vorgeschlagenen Partner attraktiv findet.<p>Bestimmen Sie die Wahrscheinlichkeit, dass die Anzahl der Vorschläge mit attraktiven Partnern um höchstens 2 vom Erwartungswert abweicht (auf 4 NKS gerundet).</p><p>{1:NUMERICAL:=0,4144:0,0001}</p>]]></text></questiontext></question><question type="cloze"><name><text>16 </text></name><questiontext format="html"><text><![CDATA[Ein Unternehmen verkauft Smartwatches. Um den Absatz anzukurbeln, werden einigen Uhren zufällig Gutscheine für ein Online-Versandhaus beigelegt. Die Smartwatches werden in Kisten mit je 77 Stück zusammengefasst. Der Zufallsgenerator legt 30% aller Smartwatches einen Gutschein bei.<p>Bestimmen Sie die Wahrscheinlichkeit, dass die Anzahl der Smartwatches mit Gutschein um höchstens 2 vom Erwartungswert abweicht (auf 4 NKS gerundet).</p><p>{1:NUMERICAL:=0,3774:0,0001}</p>]]></text></questiontext></question><question type="cloze"><name><text>17 </text></name><questiontext format="html"><text><![CDATA[Der Verkäufer einer Imbissbude möchte wissen, auf welche Art seine Kunden bezahlen. Er beobachtet 30 Kunden. Aus der Vergangenheit ist ihm bekannt, dass jeder 2. Kunde bar bezahlt.<p>Bestimmen Sie die Wahrscheinlichkeit, dass die Anzahl der barbezahlenden Kunden um höchstens 2 vom Erwartungswert abweicht (auf 4 NKS gerundet).</p><p>{1:NUMERICAL:=0,6384:0,0001}</p>]]></text></questiontext></question><question type="cloze"><name><text>18 </text></name><questiontext format="html"><text><![CDATA[Ein Unternehmen verkauft Beamer und garantiert eine Lebensdauer von 4000 Stunden für die Beamerlampen. In einer Langzeitkontrolle werden 86 Beamerlampen überprüft. Analysen von Verbraucherschützern zufolge leuchtet jede 5. Beamerlampe weniger als 4000 Stunden.<p>Bestimmen Sie die Wahrscheinlichkeit, dass die Anzahl der Beamerlampen mit einer Lebensdauer von weniger als 4000 Stunden um höchstens 4 vom Erwartungswert abweicht (auf 4 NKS gerundet).</p><p>{1:NUMERICAL:=0,7163:0,0001}</p>]]></text></questiontext></question><question type="cloze"><name><text>19 </text></name><questiontext format="html"><text><![CDATA[Ein potentieller Werbepartner studiert den Bekanntheitsgrad einer Influencerin. An einer Umfrage zum Bekanntheitsgrad der Influencerin nehmen 99 User teil. Man weiß, dass 20% aller User der Influencerin folgen.<p>Bestimmen Sie die Wahrscheinlichkeit, dass die Anzahl der Follower der Influencerin um mindestens 3 vom Erwartungswert abweicht (auf 4 NKS gerundet).</p><p>{1:NUMERICAL:=0,4502:0,0001}</p>]]></text></questiontext></question><question type="cloze"><name><text>20 </text></name><questiontext format="html"><text><![CDATA[In einem Lebensmittelgeschäft bestimmt ein Kassierer mit Hilfe einer Waage das Gewicht von Obst und Gemüse. Er wiegt 72 Lebensmittel. Interne Untersuchungen zeigen, dass in 36% der Fälle das Gewicht nicht ausreichend genau bestimmt wird.<p>Bestimmen Sie die Wahrscheinlichkeit, dass die Anzahl der ungenau gewogenen Lebensmittel um mindestens 4 vom Erwartungswert abweicht (auf 4 NKS gerundet).</p><p>{1:NUMERICAL:=0,3274:0,0001}</p>]]></text></questiontext></question></quiz>