<?xml version="1.0" encoding="UTF-8" standalone="yes"?>
<quiz><question type="category"><category><text>Stochastik/Allgemein/Binomialverteilung/Umgebungen/relativ</text></category><info format="html"><text /></info><idnumber /></question><question type="cloze"><name><text>01 </text></name><questiontext format="html"><text><![CDATA[Ein Kontrolleur überprüft die Funktionsfähigkeit von Halbleitern. Dafür entnimmt er aus der laufenden Produktion  94 Teile. Jeder 2. Halbleiter ist defekt.<p>Bestimmen Sie die Wahrscheinlichkeit, dass die Anzahl der defekten Halbleiter um höchstens 25% vom Erwartungswert abweicht (auf 4 NKS gerundet).</p><p>{1:NUMERICAL:=0,9828:0,0001}</p>]]></text></questiontext></question><question type="cloze"><name><text>02 </text></name><questiontext format="html"><text><![CDATA[Eine Schaffnerin kontrolliert Fahrscheine in einer Regionalbahn von Bielefeld nach Münster. An einem Tag überprüft sie 27 Passagiere. Erfahrungsgemäß haben 21% aller Passagiere keinen gültigen Fahrschein.<p>Bestimmen Sie die Wahrscheinlichkeit, dass die Anzahl der Passagiere ohne gültigen Fahrschein um höchstens 6% vom Erwartungswert abweicht (auf 4 NKS gerundet).</p><p>{1:NUMERICAL:=0,1798:0,0001}</p>]]></text></questiontext></question><question type="cloze"><name><text>03 </text></name><questiontext format="html"><text><![CDATA[An einem Eisstand bietet der Verkäufer Eis mit oder ohne Streuseln an. Insgesamt kaufen 75 Kunden ein Eis. Typischerweise bestellen 51% aller Kunden ein Eis mit Streuseln.<p>Bestimmen Sie die Wahrscheinlichkeit, dass die Anzahl der Kundenbestellungen mit Streuseln um höchstens 26% vom Erwartungswert abweicht (auf 4 NKS gerundet).</p><p>{1:NUMERICAL:=0,9795:0,0001}</p>]]></text></questiontext></question><question type="cloze"><name><text>04 </text></name><questiontext format="html"><text><![CDATA[David hat eine gezinkte Münze. Er wirft die Münze 97 Mal. Bei einem einmaligen Wurf beträgt die Wahrscheinlichkeit für Kopf 35%.<p>Bestimmen Sie die Wahrscheinlichkeit, dass die Anzahl der geworfenen Köpfe um mindestens 36% vom Erwartungswert abweicht (auf 4 NKS gerundet).</p><p>{1:NUMERICAL:=0,0075:0,0001}</p>]]></text></questiontext></question><question type="cloze"><name><text>05 </text></name><questiontext format="html"><text><![CDATA[Eine Ärztin prüft, ob Bewerber für den Polizeiberuf gesundheitlich geeignet sind. Insgesamt gibt es 77 Bewerber. Erfahrungswerte besagen, dass 35% aller Bewerber den Check erfolgreich absolvieren.<p>Bestimmen Sie die Wahrscheinlichkeit, dass die Anzahl der Bewerber mit erfolgreichem Gesundheitscheck um mindestens 15% vom Erwartungswert abweicht (auf 4 NKS gerundet).</p><p>{1:NUMERICAL:=0,3407:0,0001}</p>]]></text></questiontext></question><question type="cloze"><name><text>06 </text></name><questiontext format="html"><text><![CDATA[Ein Fahrlehrer nimmt eine theoretische Führerscheinprüfung ab. Es erscheinen 50 Prüflinge. Die Durchfallquote liegt bei 25%.<p>Bestimmen Sie die Wahrscheinlichkeit, dass die Anzahl der durchgefallenen Prüflinge um höchstens 38% vom Erwartungswert abweicht (auf 4 NKS gerundet).</p><p>{1:NUMERICAL:=0,8996:0,0001}</p>]]></text></questiontext></question><question type="cloze"><name><text>07 </text></name><questiontext format="html"><text><![CDATA[Ein Zollbeamter kontrolliert ein Sportgeschäft hinsichtlich gefälschter Turnschuhe. Er untersucht insgesamt 91 Turnschuhe. Glaubwürdigen Schätzungen zufolge sind 28% aller Schuhe gefälscht.<p>Bestimmen Sie die Wahrscheinlichkeit, dass die Anzahl der gefälschten Turnschuhe um höchstens 38% vom Erwartungswert abweicht (auf 4 NKS gerundet).</p><p>{1:NUMERICAL:=0,9811:0,0001}</p>]]></text></questiontext></question><question type="cloze"><name><text>08 </text></name><questiontext format="html"><text><![CDATA[Eine Fußballspielerin trainiert Freistöße. Sie schießt 100 Mal auf das Tor. Sie weiß, dass 65% aller Schüsse das Tor verfehlen.<p>Bestimmen Sie die Wahrscheinlichkeit, dass die Anzahl der Fehltreffer um mindestens 15% vom Erwartungswert abweicht (auf 4 NKS gerundet).</p><p>{1:NUMERICAL:=0,0457:0,0001}</p>]]></text></questiontext></question><question type="cloze"><name><text>09 </text></name><questiontext format="html"><text><![CDATA[Ein Unternehmen untersucht, wie zufrieden seine Mitarbeiter sind. Dazu werden 72 Mitarbeiter befragt. Bekanntermaßen ist jeder 2. Mitarbeiter zufrieden.<p>Bestimmen Sie die Wahrscheinlichkeit, dass die Anzahl der zufriedenen Mitarbeiter um höchstens 23% vom Erwartungswert abweicht (auf 4 NKS gerundet).</p><p>{1:NUMERICAL:=0,9556:0,0001}</p>]]></text></questiontext></question><question type="cloze"><name><text>10 </text></name><questiontext format="html"><text><![CDATA[Der Besitzer eines Restaurants untersucht, wie viele Gäste vegetarische Gerichte bestellen. Es werden die Bestellungen von 45 Gästen geprüft. Allgemeine Statistiken zeigen, dass 33% aller Gäste vegetarische Gerichte bestellen.<p>Bestimmen Sie die Wahrscheinlichkeit, dass die Anzahl der vegetarischen Gerichte um höchstens 9% vom Erwartungswert abweicht (auf 4 NKS gerundet).</p><p>{1:NUMERICAL:=0,3638:0,0001}</p>]]></text></questiontext></question><question type="cloze"><name><text>11 </text></name><questiontext format="html"><text><![CDATA[Die Filialleiterin eines Gartencenter prüft, ob die Pflanzen ausreichend bewässert werden. Sie untersucht 65 Pflanzen. Aus früheren Überprüfungen ist bekannt, dass 27% aller Pflanzen zu wenig Wasser bekommen.<p>Bestimmen Sie die Wahrscheinlichkeit, dass die Anzahl der unzureichend bewässerten Pflanzen um mindestens 30% vom Erwartungswert abweicht (auf 4 NKS gerundet).</p><p>{1:NUMERICAL:=0,1611:0,0001}</p>]]></text></questiontext></question><question type="cloze"><name><text>12 </text></name><questiontext format="html"><text><![CDATA[Ein Onlineshop für Heimwerkerbedarf bietet elektrische Werkzeuge entweder mit Kabel oder mit Akku an. Es wird die Stromversorgung von 94 bestellten Werkzeugen untersucht. Ein Werkzeug hat mit einer Wahrscheinlichkeit von 49% einen Akku.<p>Bestimmen Sie die Wahrscheinlichkeit, dass die Anzahl der Werkzeuge mit Akku um höchstens 24% vom Erwartungswert abweicht (auf 4 NKS gerundet).</p><p>{1:NUMERICAL:=0,9767:0,0001}</p>]]></text></questiontext></question><question type="cloze"><name><text>13 </text></name><questiontext format="html"><text><![CDATA[Ein Unternehmen prüft, wie gut seine Computer vor etwaigen Cyberattacken geschützt sind. Es werden 70 Computer hinsichtlich eines ausreichenden Virenschutzes untersucht. Nach offiziellen Angaben haben 25% aller Computer keinen ausreichenden Virenschutz.<p>Bestimmen Sie die Wahrscheinlichkeit, dass die Anzahl der Computer mit unzureichendem Virenschutz um mindestens 11% vom Erwartungswert abweicht (auf 4 NKS gerundet).</p><p>{1:NUMERICAL:=0,5813:0,0001}</p>]]></text></questiontext></question><question type="cloze"><name><text>14 </text></name><questiontext format="html"><text><![CDATA[Eine Glaserei produziert Maßkrüge, wobei es an einigen Krügen zu Kratzern kommt. Sie überprüft eine Tagesproduktion von 58 Krügen. Analysen zeigen, dass 25% aller Krüge einen Kratzer haben.<p>Bestimmen Sie die Wahrscheinlichkeit, dass die Anzahl der Krüge mit Kratzer um mindestens 19% vom Erwartungswert abweicht (auf 4 NKS gerundet).</p><p>{1:NUMERICAL:=0,3628:0,0001}</p>]]></text></questiontext></question><question type="cloze"><name><text>15 </text></name><questiontext format="html"><text><![CDATA[Amalia sucht auf einer Online-Partnerbörse nach dem Mann fürs Leben. An einem Tag schaut sie sich 65 Partnervorschläge an. Aus Erfahrung weiß sie, dass sie 71% aller vorgeschlagenen Partner attraktiv findet.<p>Bestimmen Sie die Wahrscheinlichkeit, dass die Anzahl der Vorschläge mit attraktiven Partnern um höchstens 7% vom Erwartungswert abweicht (auf 4 NKS gerundet).</p><p>{1:NUMERICAL:=0,6602:0,0001}</p>]]></text></questiontext></question><question type="cloze"><name><text>16 </text></name><questiontext format="html"><text><![CDATA[Ein Unternehmen verkauft Smartwatches. Um den Absatz anzukurbeln, werden einigen Uhren zufällig Gutscheine für ein Online-Versandhaus beigelegt. Die Smartwatches werden in Kisten mit je 57 Stück zusammengefasst. Der Zufallsgenerator legt jeder 5. Smartwatch einen Gutschein bei.<p>Bestimmen Sie die Wahrscheinlichkeit, dass die Anzahl der Smartwatches mit Gutschein um mindestens 19% vom Erwartungswert abweicht (auf 4 NKS gerundet).</p><p>{1:NUMERICAL:=0,5097:0,0001}</p>]]></text></questiontext></question><question type="cloze"><name><text>17 </text></name><questiontext format="html"><text><![CDATA[Der Verkäufer einer Imbissbude möchte wissen, auf welche Art seine Kunden bezahlen. Er beobachtet 46 Kunden. Es ist bekannt, dass ein Kunde mit einer Wahrscheinlichkeit von 58% bar bezahlt.<p>Bestimmen Sie die Wahrscheinlichkeit, dass die Anzahl der barbezahlenden Kunden um mindestens 17% vom Erwartungswert abweicht (auf 4 NKS gerundet).</p><p>{1:NUMERICAL:=0,1798:0,0001}</p>]]></text></questiontext></question><question type="cloze"><name><text>18 </text></name><questiontext format="html"><text><![CDATA[Ein Unternehmen verkauft Beamer und garantiert eine Lebensdauer von 4000 Stunden für die Beamerlampen. In einer Langzeitkontrolle werden 47 Beamerlampen überprüft. Analysen von Verbraucherschützern zufolge leuchten 56% aller Beamerlampen weniger als 4000 Stunden.<p>Bestimmen Sie die Wahrscheinlichkeit, dass die Anzahl der Beamerlampen mit einer Lebensdauer von weniger als 4000 Stunden um höchstens 11% vom Erwartungswert abweicht (auf 4 NKS gerundet).</p><p>{1:NUMERICAL:=0,6215:0,0001}</p>]]></text></questiontext></question><question type="cloze"><name><text>19 </text></name><questiontext format="html"><text><![CDATA[Ein potentieller Werbepartner studiert den Bekanntheitsgrad einer Influencerin. An einer Umfrage zum Bekanntheitsgrad der Influencerin nehmen 43 User teil. Man weiß, dass jeder 2. User der Influencerin folgt.<p>Bestimmen Sie die Wahrscheinlichkeit, dass die Anzahl der Follower der Influencerin um höchstens 38% vom Erwartungswert abweicht (auf 4 NKS gerundet).</p><p>{1:NUMERICAL:=0,9863:0,0001}</p>]]></text></questiontext></question><question type="cloze"><name><text>20 </text></name><questiontext format="html"><text><![CDATA[In einem Lebensmittelgeschäft bestimmt ein Kassierer mit Hilfe einer Waage das Gewicht von Obst und Gemüse. Er wiegt 41 Lebensmittel. Interne Untersuchungen zeigen, dass in 78% der Fälle das Gewicht nicht ausreichend genau bestimmt wird.<p>Bestimmen Sie die Wahrscheinlichkeit, dass die Anzahl der ungenau gewogenen Lebensmittel um höchstens 10% vom Erwartungswert abweicht (auf 4 NKS gerundet).</p><p>{1:NUMERICAL:=0,8155:0,0001}</p>]]></text></questiontext></question></quiz>