<?xml version="1.0" encoding="UTF-8" standalone="yes"?>
<quiz><question type="category"><category><text>Stochastik/Allgemein/Binomialverteilung/Umgebungen/sigma</text></category><info format="html"><text /></info><idnumber /></question><question type="cloze"><name><text>01 </text></name><questiontext format="html"><text><![CDATA[Ein Kontrolleur überprüft die Funktionsfähigkeit von Halbleitern. Dafür entnimmt er aus der laufenden Produktion  47 Teile. Jeder 5. Halbleiter ist defekt.<p>Bestimmen Sie die Wahrscheinlichkeit, dass die Anzahl der defekten Halbleiter um höchstens die 1,5-fache Standardabweichung vom Erwartungswert abweicht (auf 4 NKS gerundet).</p><p>{1:NUMERICAL:=0,8574:0,0001}</p>]]></text></questiontext></question><question type="cloze"><name><text>02 </text></name><questiontext format="html"><text><![CDATA[Eine Schaffnerin kontrolliert Fahrscheine in einer Regionalbahn von Bielefeld nach Münster. An einem Tag überprüft sie 62 Passagiere. Erfahrungsgemäß haben 72% aller Passagiere keinen gültigen Fahrschein.<p>Bestimmen Sie die Wahrscheinlichkeit, dass die Anzahl der Passagiere ohne gültigen Fahrschein um mindestens die 2,5-fache Standardabweichung vom Erwartungswert abweicht (auf 4 NKS gerundet).</p><p>{1:NUMERICAL:=0,0102:0,0001}</p>]]></text></questiontext></question><question type="cloze"><name><text>03 </text></name><questiontext format="html"><text><![CDATA[An einem Eisstand bietet der Verkäufer Eis mit oder ohne Streuseln an. Insgesamt kaufen 67 Kunden ein Eis. Typischerweise bestellen 67% aller Kunden ein Eis mit Streuseln.<p>Bestimmen Sie die Wahrscheinlichkeit, dass die Anzahl der Kundenbestellungen mit Streuseln um höchstens die 2,5-fache Standardabweichung vom Erwartungswert abweicht (auf 4 NKS gerundet).</p><p>{1:NUMERICAL:=0,9869:0,0001}</p>]]></text></questiontext></question><question type="cloze"><name><text>04 </text></name><questiontext format="html"><text><![CDATA[David hat eine gezinkte Münze. Er wirft die Münze 28 Mal. Bei einem einmaligen Wurf beträgt die Wahrscheinlichkeit für Kopf 36%.<p>Bestimmen Sie die Wahrscheinlichkeit, dass die Anzahl der geworfenen Köpfe um höchstens die 2-fache Standardabweichung vom Erwartungswert abweicht (auf 4 NKS gerundet).</p><p>{1:NUMERICAL:=0,9508:0,0001}</p>]]></text></questiontext></question><question type="cloze"><name><text>05 </text></name><questiontext format="html"><text><![CDATA[Eine Ärztin prüft, ob Bewerber für den Polizeiberuf gesundheitlich geeignet sind. Insgesamt gibt es 74 Bewerber. Erfahrungswerte besagen, dass 60% aller Bewerber den Check erfolgreich absolvieren.<p>Bestimmen Sie die Wahrscheinlichkeit, dass die Anzahl der Bewerber mit erfolgreichem Gesundheitscheck um mindestens die 2-fache Standardabweichung vom Erwartungswert abweicht (auf 4 NKS gerundet).</p><p>{1:NUMERICAL:=0,0437:0,0001}</p>]]></text></questiontext></question><question type="cloze"><name><text>06 </text></name><questiontext format="html"><text><![CDATA[Ein Fahrlehrer nimmt eine theoretische Führerscheinprüfung ab. Es erscheinen 43 Prüflinge. Jeder 5. Prüfling fällt durch.<p>Bestimmen Sie die Wahrscheinlichkeit, dass die Anzahl der durchgefallenen Prüflinge um höchstens die 2,5-fache Standardabweichung vom Erwartungswert abweicht (auf 4 NKS gerundet).</p><p>{1:NUMERICAL:=0,9886:0,0001}</p>]]></text></questiontext></question><question type="cloze"><name><text>07 </text></name><questiontext format="html"><text><![CDATA[Ein Zollbeamter kontrolliert ein Sportgeschäft hinsichtlich gefälschter Turnschuhe. Er untersucht insgesamt 97 Turnschuhe. Glaubwürdigen Schätzungen zufolge ist jeder 4. Schuh gefälscht.<p>Bestimmen Sie die Wahrscheinlichkeit, dass die Anzahl der gefälschten Turnschuhe um mindestens die 2,5-fache Standardabweichung vom Erwartungswert abweicht (auf 4 NKS gerundet).</p><p>{1:NUMERICAL:=0,0138:0,0001}</p>]]></text></questiontext></question><question type="cloze"><name><text>08 </text></name><questiontext format="html"><text><![CDATA[Eine Fußballspielerin trainiert Freistöße. Sie schießt 20 Mal auf das Tor. Sie weiß, dass 58% aller Schüsse das Tor verfehlen.<p>Bestimmen Sie die Wahrscheinlichkeit, dass die Anzahl der Fehltreffer um höchstens die 3-fache Standardabweichung vom Erwartungswert abweicht (auf 4 NKS gerundet).</p><p>{1:NUMERICAL:=0,9991:0,0001}</p>]]></text></questiontext></question><question type="cloze"><name><text>09 </text></name><questiontext format="html"><text><![CDATA[Ein Unternehmen untersucht, wie zufrieden seine Mitarbeiter sind. Dazu werden 41 Mitarbeiter befragt. Bekanntermaßen sind 73% aller Mitarbeiter zufrieden.<p>Bestimmen Sie die Wahrscheinlichkeit, dass die Anzahl der zufriedenen Mitarbeiter um mindestens die 2,5-fache Standardabweichung vom Erwartungswert abweicht (auf 4 NKS gerundet).</p><p>{1:NUMERICAL:=0,0079:0,0001}</p>]]></text></questiontext></question><question type="cloze"><name><text>10 </text></name><questiontext format="html"><text><![CDATA[Der Besitzer eines Restaurants untersucht, wie viele Gäste vegetarische Gerichte bestellen. Es werden die Bestellungen von 24 Gästen geprüft. Allgemeine Statistiken zeigen, dass 31% aller Gäste vegetarische Gerichte bestellen.<p>Bestimmen Sie die Wahrscheinlichkeit, dass die Anzahl der vegetarischen Gerichte um mindestens die 2-fache Standardabweichung vom Erwartungswert abweicht (auf 4 NKS gerundet).</p><p>{1:NUMERICAL:=0,0494:0,0001}</p>]]></text></questiontext></question><question type="cloze"><name><text>11 </text></name><questiontext format="html"><text><![CDATA[Die Filialleiterin eines Gartencenter prüft, ob die Pflanzen ausreichend bewässert werden. Sie untersucht 87 Pflanzen. Aus früheren Überprüfungen ist bekannt, dass 71% aller Pflanzen zu wenig Wasser bekommen.<p>Bestimmen Sie die Wahrscheinlichkeit, dass die Anzahl der unzureichend bewässerten Pflanzen um höchstens die 2,5-fache Standardabweichung vom Erwartungswert abweicht (auf 4 NKS gerundet).</p><p>{1:NUMERICAL:=0,987:0,0001}</p>]]></text></questiontext></question><question type="cloze"><name><text>12 </text></name><questiontext format="html"><text><![CDATA[Ein Onlineshop für Heimwerkerbedarf bietet elektrische Werkzeuge entweder mit Kabel oder mit Akku an. Es wird die Stromversorgung von 53 bestellten Werkzeugen untersucht. Ein Werkzeug hat mit einer Wahrscheinlichkeit von 74% einen Akku.<p>Bestimmen Sie die Wahrscheinlichkeit, dass die Anzahl der Werkzeuge mit Akku um höchstens die 2-fache Standardabweichung vom Erwartungswert abweicht (auf 4 NKS gerundet).</p><p>{1:NUMERICAL:=0,9598:0,0001}</p>]]></text></questiontext></question><question type="cloze"><name><text>13 </text></name><questiontext format="html"><text><![CDATA[Ein Unternehmen prüft, wie gut seine Computer vor etwaigen Cyberattacken geschützt sind. Es werden 97 Computer hinsichtlich eines ausreichenden Virenschutzes untersucht. Nach offiziellen Angaben haben 46% aller Computer keinen ausreichenden Virenschutz.<p>Bestimmen Sie die Wahrscheinlichkeit, dass die Anzahl der Computer mit unzureichendem Virenschutz um höchstens die 3-fache Standardabweichung vom Erwartungswert abweicht (auf 4 NKS gerundet).</p><p>{1:NUMERICAL:=0,9979:0,0001}</p>]]></text></questiontext></question><question type="cloze"><name><text>14 </text></name><questiontext format="html"><text><![CDATA[Eine Glaserei produziert Maßkrüge, wobei es an einigen Krügen zu Kratzern kommt. Sie überprüft eine Tagesproduktion von 95 Krügen. Analysen zeigen, dass 63% aller Krüge einen Kratzer haben.<p>Bestimmen Sie die Wahrscheinlichkeit, dass die Anzahl der Krüge mit Kratzer um höchstens die 1,5-fache Standardabweichung vom Erwartungswert abweicht (auf 4 NKS gerundet).</p><p>{1:NUMERICAL:=0,8624:0,0001}</p>]]></text></questiontext></question><question type="cloze"><name><text>15 </text></name><questiontext format="html"><text><![CDATA[Amalia sucht auf einer Online-Partnerbörse nach dem Mann fürs Leben. An einem Tag schaut sie sich 65 Partnervorschläge an. Aus Erfahrung weiß sie, dass sie 34% aller vorgeschlagenen Partner attraktiv findet.<p>Bestimmen Sie die Wahrscheinlichkeit, dass die Anzahl der Vorschläge mit attraktiven Partnern um mindestens die 2-fache Standardabweichung vom Erwartungswert abweicht (auf 4 NKS gerundet).</p><p>{1:NUMERICAL:=0,0487:0,0001}</p>]]></text></questiontext></question><question type="cloze"><name><text>16 </text></name><questiontext format="html"><text><![CDATA[Ein Unternehmen verkauft Smartwatches. Um den Absatz anzukurbeln, werden einigen Uhren zufällig Gutscheine für ein Online-Versandhaus beigelegt. Die Smartwatches werden in Kisten mit je 96 Stück zusammengefasst. Der Zufallsgenerator legt 47% aller Smartwatches einen Gutschein bei.<p>Bestimmen Sie die Wahrscheinlichkeit, dass die Anzahl der Smartwatches mit Gutschein um mindestens die 3-fache Standardabweichung vom Erwartungswert abweicht (auf 4 NKS gerundet).</p><p>{1:NUMERICAL:=0,0028:0,0001}</p>]]></text></questiontext></question><question type="cloze"><name><text>17 </text></name><questiontext format="html"><text><![CDATA[Der Verkäufer einer Imbissbude möchte wissen, auf welche Art seine Kunden bezahlen. Er beobachtet 39 Kunden. Es ist bekannt, dass ein Kunde mit einer Wahrscheinlichkeit von 49% bar bezahlt.<p>Bestimmen Sie die Wahrscheinlichkeit, dass die Anzahl der barbezahlenden Kunden um mindestens die 2,5-fache Standardabweichung vom Erwartungswert abweicht (auf 4 NKS gerundet).</p><p>{1:NUMERICAL:=0,0152:0,0001}</p>]]></text></questiontext></question><question type="cloze"><name><text>18 </text></name><questiontext format="html"><text><![CDATA[Ein Unternehmen verkauft Beamer und garantiert eine Lebensdauer von 4000 Stunden für die Beamerlampen. In einer Langzeitkontrolle werden 29 Beamerlampen überprüft. Analysen von Verbraucherschützern zufolge leuchten 40% aller Beamerlampen weniger als 4000 Stunden.<p>Bestimmen Sie die Wahrscheinlichkeit, dass die Anzahl der Beamerlampen mit einer Lebensdauer von weniger als 4000 Stunden um höchstens die 2,5-fache Standardabweichung vom Erwartungswert abweicht (auf 4 NKS gerundet).</p><p>{1:NUMERICAL:=0,9872:0,0001}</p>]]></text></questiontext></question><question type="cloze"><name><text>19 </text></name><questiontext format="html"><text><![CDATA[Ein potentieller Werbepartner studiert den Bekanntheitsgrad einer Influencerin. An einer Umfrage zum Bekanntheitsgrad der Influencerin nehmen 90 User teil. Man weiß, dass jeder 2. User der Influencerin folgt.<p>Bestimmen Sie die Wahrscheinlichkeit, dass die Anzahl der Follower der Influencerin um höchstens die 1-fache Standardabweichung vom Erwartungswert abweicht (auf 4 NKS gerundet).</p><p>{1:NUMERICAL:=0,6572:0,0001}</p>]]></text></questiontext></question><question type="cloze"><name><text>20 </text></name><questiontext format="html"><text><![CDATA[In einem Lebensmittelgeschäft bestimmt ein Kassierer mit Hilfe einer Waage das Gewicht von Obst und Gemüse. Er wiegt 84 Lebensmittel. Interne Untersuchungen zeigen, dass in 27% der Fälle das Gewicht nicht ausreichend genau bestimmt wird.<p>Bestimmen Sie die Wahrscheinlichkeit, dass die Anzahl der ungenau gewogenen Lebensmittel um mindestens die 1-fache Standardabweichung vom Erwartungswert abweicht (auf 4 NKS gerundet).</p><p>{1:NUMERICAL:=0,3251:0,0001}</p>]]></text></questiontext></question></quiz>