<?xml version="1.0" encoding="UTF-8" standalone="yes"?>
<quiz><question type="category"><category><text>stochastik/binomialverteilung/interpretation-parameter</text></category><info format="html"><text /></info><idnumber /></question><question type="cloze"><name><text>01 </text></name><questiontext format="html"><text><![CDATA[Eine Porzellanmanufaktur stellt Vasen her. Der Großteil der produzierten Vasen ist verkaufsfähig, ein kleiner Teil ist jedoch defekt und muss entsorgt werden. In einer Stichprobe werden verkaufsfähige und defekte Vasen festgestellt. Danach wird die folgende Rechnung aufgestellt: \[ \binom{50}{3}\cdot 0{,}04^3\cdot 0{,}96^{47}=0{,}1842 \]<p>Was bedeutet die Zahl \( 50 \) im Sachzusammenhang?</p><p>Die Anzahl der untersuchten Vasen.</p><p>Was bedeutet die Zahl \( 3 \) im Sachzusammenhang?</p><p>Die Anzahl der defekten Vasen.</p><p>Was bedeutet die Zahl \( 0{,}04 \) im Sachzusammenhang?</p><p>Die Wahrscheinlichkeit, dass eine Vase defekt ist.</p><p>Was bedeutet die Zahl \( 0{,}96 \) im Sachzusammenhang?</p><p>Die Wahrscheinlichkeit, dass eine Vase verkaufsfähig ist.</p><p>Was bedeutet die Zahl \( 47 \) im Sachzusammenhang?</p><p>Die Anzahl der verkaufsfähigen Vasen.</p><p>Was bedeutet die Zahl \( 0{,}1842 \) im Sachzusammenhang?</p><p>Die Wahrscheinlichkeit, dass sich unter 50 Vasen genau 3 defekte befinden.</p>]]></text></questiontext></question></quiz>