<?xml version="1.0" encoding="UTF-8" standalone="yes"?>
<quiz><question type="category"><category><text>Stochastik/Allgemein/Binomialverteilung/Bereichsparameter/kumuliert</text></category><info format="html"><text /></info><idnumber /></question><question type="cloze"><name><text>01 </text></name><questiontext format="html"><text><![CDATA[Ein Kontrolleur überprüft die Funktionsfähigkeit von Halbleitern. Dafür entnimmt er aus der laufenden Produktion  86 Teile. Ein Halbleiter ist mit einer Wahrscheinlichkeit von 69% defekt.</p> <p>Formulieren Sie die gesuchte Wahrscheinlichkeit so, dass diese ausschließlich mithilfe von Ausdrücken der Form \( P(X \leq k) \) dargestellt wird. Tritt ein angezeigter Term in der Lösung nicht auf, setzen Sie \( k=-1 \).<p>In der Stichprobe sind genau 67 defekte Halbleiter.</p><p>\( P = P(X\leq \){1:NUMERICAL:=67:0}\( ) - P(X\leq \){1:NUMERICAL:=66:0}\( ) \)</p><p>In der Stichprobe sind mindestens 56 defekte Halbleiter.</p><p>\( P = P(X\leq \){1:NUMERICAL:=86:0}\( ) - P(X\leq \){1:NUMERICAL:=55:0}\( ) \)</p><p>In der Stichprobe sind weniger als 56 defekte Halbleiter.</p><p>\( P = P(X\leq \){1:NUMERICAL:=55:0}\( ) - P(X\leq \){1:NUMERICAL:=-1:0}\( ) \)</p><p>In der Stichprobe sind mehr als 54 und höchstens 64 defekte Halbleiter.</p><p>\( P = P(X\leq \){1:NUMERICAL:=64:0}\( ) - P(X\leq \){1:NUMERICAL:=54:0}\( ) \)</p><p>In der Stichprobe sind mindestens 78% defekte Halbleiter.</p><p>\( P = P(X\leq \){1:NUMERICAL:=86:0}\( ) - P(X\leq \){1:NUMERICAL:=67:0}\( ) \)</p>]]></text></questiontext></question><question type="cloze"><name><text>02 </text></name><questiontext format="html"><text><![CDATA[Eine Schaffnerin kontrolliert Fahrscheine in einer Regionalbahn von Bielefeld nach Münster. An einem Tag überprüft sie 69 Passagiere. Erfahrungsgemäß haben 72% aller Passagiere keinen gültigen Fahrschein.</p> <p>Formulieren Sie die gesuchte Wahrscheinlichkeit so, dass diese ausschließlich mithilfe von Ausdrücken der Form \( P(X \leq k) \) dargestellt wird. Tritt ein angezeigter Term in der Lösung nicht auf, setzen Sie \( k=-1 \).<p>Von den kontrollierten Passagieren haben genau 47 keinen gültigen Fahrschein.</p><p>\( P = P(X\leq \){1:NUMERICAL:=47:0}\( ) - P(X\leq \){1:NUMERICAL:=46:0}\( ) \)</p><p>Von den kontrollierten Passagieren haben mehr als 42 keinen gültigen Fahrschein.</p><p>\( P = P(X\leq \){1:NUMERICAL:=69:0}\( ) - P(X\leq \){1:NUMERICAL:=42:0}\( ) \)</p><p>Von den kontrollierten Passagieren haben höchstens 46 keinen gültigen Fahrschein.</p><p>\( P = P(X\leq \){1:NUMERICAL:=46:0}\( ) - P(X\leq \){1:NUMERICAL:=-1:0}\( ) \)</p><p>Von den kontrollierten Passagieren haben mindestens 48 und weniger als 57 keinen gültigen Fahrschein.</p><p>\( P = P(X\leq \){1:NUMERICAL:=56:0}\( ) - P(X\leq \){1:NUMERICAL:=47:0}\( ) \)</p><p>Von den kontrollierten Passagieren haben mindestens 78% keinen gültigen Fahrschein.</p><p>\( P = P(X\leq \){1:NUMERICAL:=69:0}\( ) - P(X\leq \){1:NUMERICAL:=53:0}\( ) \)</p>]]></text></questiontext></question><question type="cloze"><name><text>03 </text></name><questiontext format="html"><text><![CDATA[An einem Eisstand bietet der Verkäufer Eis mit oder ohne Streuseln an. Insgesamt kaufen 23 Kunden ein Eis. Typischerweise bestellt jeder 2. Kunde ein Eis mit Streuseln.</p> <p>Formulieren Sie die gesuchte Wahrscheinlichkeit so, dass diese ausschließlich mithilfe von Ausdrücken der Form \( P(X \leq k) \) dargestellt wird. Tritt ein angezeigter Term in der Lösung nicht auf, setzen Sie \( k=-1 \).<p>Von den betrachteten Kunden bestellen genau 8 ein Eis mit Streuseln.</p><p>\( P = P(X\leq \){1:NUMERICAL:=8:0}\( ) - P(X\leq \){1:NUMERICAL:=7:0}\( ) \)</p><p>Von den betrachteten Kunden bestellen mehr als 9 ein Eis mit Streuseln.</p><p>\( P = P(X\leq \){1:NUMERICAL:=23:0}\( ) - P(X\leq \){1:NUMERICAL:=9:0}\( ) \)</p><p>Von den betrachteten Kunden bestellen höchstens 9 ein Eis mit Streuseln.</p><p>\( P = P(X\leq \){1:NUMERICAL:=9:0}\( ) - P(X\leq \){1:NUMERICAL:=-1:0}\( ) \)</p><p>Von den betrachteten Kunden bestellen mindestens 8 und weniger als 17 ein Eis mit Streuseln.</p><p>\( P = P(X\leq \){1:NUMERICAL:=16:0}\( ) - P(X\leq \){1:NUMERICAL:=7:0}\( ) \)</p><p>Von den betrachteten Kunden bestellen mindestens 52% ein Eis mit Streuseln.</p><p>\( P = P(X\leq \){1:NUMERICAL:=23:0}\( ) - P(X\leq \){1:NUMERICAL:=11:0}\( ) \)</p>]]></text></questiontext></question><question type="cloze"><name><text>04 </text></name><questiontext format="html"><text><![CDATA[David hat eine gezinkte Münze. Er wirft die Münze 40 Mal. Bei einem einmaligen Wurf beträgt die Wahrscheinlichkeit für Kopf 50%.</p> <p>Formulieren Sie die gesuchte Wahrscheinlichkeit so, dass diese ausschließlich mithilfe von Ausdrücken der Form \( P(X \leq k) \) dargestellt wird. Tritt ein angezeigter Term in der Lösung nicht auf, setzen Sie \( k=-1 \).<p>David wirft genau 16 Mal Kopf. </p><p>\( P = P(X\leq \){1:NUMERICAL:=16:0}\( ) - P(X\leq \){1:NUMERICAL:=15:0}\( ) \)</p><p>David wirft mindestens 24 Mal Kopf. </p><p>\( P = P(X\leq \){1:NUMERICAL:=40:0}\( ) - P(X\leq \){1:NUMERICAL:=23:0}\( ) \)</p><p>David wirft weniger als 19 Mal Kopf. </p><p>\( P = P(X\leq \){1:NUMERICAL:=18:0}\( ) - P(X\leq \){1:NUMERICAL:=-1:0}\( ) \)</p><p>David wirft mehr als 14 und höchstens 26 Mal Kopf. </p><p>\( P = P(X\leq \){1:NUMERICAL:=26:0}\( ) - P(X\leq \){1:NUMERICAL:=14:0}\( ) \)</p><p>David wirft mindestens 65% Mal Kopf. </p><p>\( P = P(X\leq \){1:NUMERICAL:=40:0}\( ) - P(X\leq \){1:NUMERICAL:=25:0}\( ) \)</p>]]></text></questiontext></question><question type="cloze"><name><text>05 </text></name><questiontext format="html"><text><![CDATA[Eine Ärztin prüft, ob Bewerber für den Polizeiberuf gesundheitlich geeignet sind. Insgesamt gibt es 28 Bewerber. Erfahrungswerte besagen, dass 26% aller Bewerber den Check erfolgreich absolvieren.</p> <p>Formulieren Sie die gesuchte Wahrscheinlichkeit so, dass diese ausschließlich mithilfe von Ausdrücken der Form \( P(X \leq k) \) dargestellt wird. Tritt ein angezeigter Term in der Lösung nicht auf, setzen Sie \( k=-1 \).<p>Von den Bewerbern absolvieren genau 9 den Check erfolgreich. </p><p>\( P = P(X\leq \){1:NUMERICAL:=9:0}\( ) - P(X\leq \){1:NUMERICAL:=8:0}\( ) \)</p><p>Von den Bewerbern absolvieren mindestens 9 den Check erfolgreich. </p><p>\( P = P(X\leq \){1:NUMERICAL:=28:0}\( ) - P(X\leq \){1:NUMERICAL:=8:0}\( ) \)</p><p>Von den Bewerbern absolvieren weniger als 7 den Check erfolgreich. </p><p>\( P = P(X\leq \){1:NUMERICAL:=6:0}\( ) - P(X\leq \){1:NUMERICAL:=-1:0}\( ) \)</p><p>Von den Bewerbern absolvieren mehr als 3 und höchstens 10 den Check erfolgreich. </p><p>\( P = P(X\leq \){1:NUMERICAL:=10:0}\( ) - P(X\leq \){1:NUMERICAL:=3:0}\( ) \)</p><p>Von den Bewerbern absolvieren höchstens 18% den Check erfolgreich. </p><p>\( P = P(X\leq \){1:NUMERICAL:=5:0}\( ) - P(X\leq \){1:NUMERICAL:=-1:0}\( ) \)</p>]]></text></questiontext></question><question type="cloze"><name><text>06 </text></name><questiontext format="html"><text><![CDATA[Ein Fahrlehrer nimmt eine theoretische Führerscheinprüfung ab. Es erscheinen 76 Prüflinge. Die Durchfallquote liegt bei 42%.</p> <p>Formulieren Sie die gesuchte Wahrscheinlichkeit so, dass diese ausschließlich mithilfe von Ausdrücken der Form \( P(X \leq k) \) dargestellt wird. Tritt ein angezeigter Term in der Lösung nicht auf, setzen Sie \( k=-1 \).<p>Von den Kandidaten bestehen genau 33  nicht die Prüfung.</p><p>\( P = P(X\leq \){1:NUMERICAL:=33:0}\( ) - P(X\leq \){1:NUMERICAL:=32:0}\( ) \)</p><p>Von den Kandidaten bestehen mehr als 29  nicht die Prüfung.</p><p>\( P = P(X\leq \){1:NUMERICAL:=76:0}\( ) - P(X\leq \){1:NUMERICAL:=29:0}\( ) \)</p><p>Von den Kandidaten bestehen höchstens 24  nicht die Prüfung.</p><p>\( P = P(X\leq \){1:NUMERICAL:=24:0}\( ) - P(X\leq \){1:NUMERICAL:=-1:0}\( ) \)</p><p>Von den Kandidaten bestehen mindestens 29 und weniger als 36  nicht die Prüfung.</p><p>\( P = P(X\leq \){1:NUMERICAL:=35:0}\( ) - P(X\leq \){1:NUMERICAL:=28:0}\( ) \)</p><p>Von den Kandidaten bestehen mindestens 37%  nicht die Prüfung.</p><p>\( P = P(X\leq \){1:NUMERICAL:=76:0}\( ) - P(X\leq \){1:NUMERICAL:=28:0}\( ) \)</p>]]></text></questiontext></question><question type="cloze"><name><text>07 </text></name><questiontext format="html"><text><![CDATA[Ein Zollbeamter kontrolliert ein Sportgeschäft hinsichtlich gefälschter Turnschuhe. Er untersucht insgesamt 89 Turnschuhe. Glaubwürdigen Schätzungen zufolge sind 28% aller Schuhe gefälscht.</p> <p>Formulieren Sie die gesuchte Wahrscheinlichkeit so, dass diese ausschließlich mithilfe von Ausdrücken der Form \( P(X \leq k) \) dargestellt wird. Tritt ein angezeigter Term in der Lösung nicht auf, setzen Sie \( k=-1 \).<p>Von den untersuchten Turnschuhen sind genau 19 gefälscht. </p><p>\( P = P(X\leq \){1:NUMERICAL:=19:0}\( ) - P(X\leq \){1:NUMERICAL:=18:0}\( ) \)</p><p>Von den untersuchten Turnschuhen sind mehr als 20 gefälscht. </p><p>\( P = P(X\leq \){1:NUMERICAL:=89:0}\( ) - P(X\leq \){1:NUMERICAL:=20:0}\( ) \)</p><p>Von den untersuchten Turnschuhen sind höchstens 25 gefälscht. </p><p>\( P = P(X\leq \){1:NUMERICAL:=25:0}\( ) - P(X\leq \){1:NUMERICAL:=-1:0}\( ) \)</p><p>Von den untersuchten Turnschuhen sind mindestens 20 und weniger als 34 gefälscht. </p><p>\( P = P(X\leq \){1:NUMERICAL:=33:0}\( ) - P(X\leq \){1:NUMERICAL:=19:0}\( ) \)</p><p>Von den untersuchten Turnschuhen sind höchstens 22% gefälscht. </p><p>\( P = P(X\leq \){1:NUMERICAL:=19:0}\( ) - P(X\leq \){1:NUMERICAL:=-1:0}\( ) \)</p>]]></text></questiontext></question><question type="cloze"><name><text>08 </text></name><questiontext format="html"><text><![CDATA[Eine Fußballspielerin trainiert Freistöße. Sie schießt 63 Mal auf das Tor. Sie weiß, dass 68% aller Schüsse das Tor verfehlen.</p> <p>Formulieren Sie die gesuchte Wahrscheinlichkeit so, dass diese ausschließlich mithilfe von Ausdrücken der Form \( P(X \leq k) \) dargestellt wird. Tritt ein angezeigter Term in der Lösung nicht auf, setzen Sie \( k=-1 \).<p>Die Fußballerin trifft genau 48 Mal nicht das Tor. </p><p>\( P = P(X\leq \){1:NUMERICAL:=48:0}\( ) - P(X\leq \){1:NUMERICAL:=47:0}\( ) \)</p><p>Die Fußballerin trifft mindestens 36 Mal nicht das Tor. </p><p>\( P = P(X\leq \){1:NUMERICAL:=63:0}\( ) - P(X\leq \){1:NUMERICAL:=35:0}\( ) \)</p><p>Die Fußballerin trifft weniger als 42 Mal nicht das Tor. </p><p>\( P = P(X\leq \){1:NUMERICAL:=41:0}\( ) - P(X\leq \){1:NUMERICAL:=-1:0}\( ) \)</p><p>Die Fußballerin trifft mehr als 41 und höchstens 50 Mal nicht das Tor. </p><p>\( P = P(X\leq \){1:NUMERICAL:=50:0}\( ) - P(X\leq \){1:NUMERICAL:=41:0}\( ) \)</p><p>Die Fußballerin trifft höchstens 62% Mal nicht das Tor. </p><p>\( P = P(X\leq \){1:NUMERICAL:=39:0}\( ) - P(X\leq \){1:NUMERICAL:=-1:0}\( ) \)</p>]]></text></questiontext></question><question type="cloze"><name><text>09 </text></name><questiontext format="html"><text><![CDATA[Ein Unternehmen untersucht, wie zufrieden seine Mitarbeiter sind. Dazu werden 25 Mitarbeiter befragt. Bekanntermaßen sind 42% aller Mitarbeiter zufrieden.</p> <p>Formulieren Sie die gesuchte Wahrscheinlichkeit so, dass diese ausschließlich mithilfe von Ausdrücken der Form \( P(X \leq k) \) dargestellt wird. Tritt ein angezeigter Term in der Lösung nicht auf, setzen Sie \( k=-1 \).<p>Von den befragten Mitarbeitern sind genau 10 zufrieden. </p><p>\( P = P(X\leq \){1:NUMERICAL:=10:0}\( ) - P(X\leq \){1:NUMERICAL:=9:0}\( ) \)</p><p>Von den befragten Mitarbeitern sind mehr als 8 zufrieden. </p><p>\( P = P(X\leq \){1:NUMERICAL:=25:0}\( ) - P(X\leq \){1:NUMERICAL:=8:0}\( ) \)</p><p>Von den befragten Mitarbeitern sind höchstens 11 zufrieden. </p><p>\( P = P(X\leq \){1:NUMERICAL:=11:0}\( ) - P(X\leq \){1:NUMERICAL:=-1:0}\( ) \)</p><p>Von den befragten Mitarbeitern sind mindestens 7 und weniger als 14 zufrieden. </p><p>\( P = P(X\leq \){1:NUMERICAL:=13:0}\( ) - P(X\leq \){1:NUMERICAL:=6:0}\( ) \)</p><p>Von den befragten Mitarbeitern sind höchstens 56% zufrieden. </p><p>\( P = P(X\leq \){1:NUMERICAL:=14:0}\( ) - P(X\leq \){1:NUMERICAL:=-1:0}\( ) \)</p>]]></text></questiontext></question><question type="cloze"><name><text>10 </text></name><questiontext format="html"><text><![CDATA[Der Besitzer eines Restaurants untersucht, wie viele Gäste vegetarische Gerichte bestellen. Es werden die Bestellungen von 39 Gästen geprüft. Allgemeine Statistiken zeigen, dass 24% aller Gäste vegetarische Gerichte bestellen.</p> <p>Formulieren Sie die gesuchte Wahrscheinlichkeit so, dass diese ausschließlich mithilfe von Ausdrücken der Form \( P(X \leq k) \) dargestellt wird. Tritt ein angezeigter Term in der Lösung nicht auf, setzen Sie \( k=-1 \).<p>Von den kontrollierten Gerichten sind genau 8 vegetarisch. </p><p>\( P = P(X\leq \){1:NUMERICAL:=8:0}\( ) - P(X\leq \){1:NUMERICAL:=7:0}\( ) \)</p><p>Von den kontrollierten Gerichten sind mehr als 3 vegetarisch. </p><p>\( P = P(X\leq \){1:NUMERICAL:=39:0}\( ) - P(X\leq \){1:NUMERICAL:=3:0}\( ) \)</p><p>Von den kontrollierten Gerichten sind höchstens 12 vegetarisch. </p><p>\( P = P(X\leq \){1:NUMERICAL:=12:0}\( ) - P(X\leq \){1:NUMERICAL:=-1:0}\( ) \)</p><p>Von den kontrollierten Gerichten sind mindestens 4 und weniger als 15 vegetarisch. </p><p>\( P = P(X\leq \){1:NUMERICAL:=14:0}\( ) - P(X\leq \){1:NUMERICAL:=3:0}\( ) \)</p><p>Von den kontrollierten Gerichten sind höchstens 18% vegetarisch. </p><p>\( P = P(X\leq \){1:NUMERICAL:=7:0}\( ) - P(X\leq \){1:NUMERICAL:=-1:0}\( ) \)</p>]]></text></questiontext></question><question type="cloze"><name><text>11 </text></name><questiontext format="html"><text><![CDATA[Die Filialleiterin eines Gartencenter prüft, ob die Pflanzen ausreichend bewässert werden. Sie untersucht 31 Pflanzen. Aus früheren Überprüfungen ist bekannt, dass 46% aller Pflanzen zu wenig Wasser bekommen.</p> <p>Formulieren Sie die gesuchte Wahrscheinlichkeit so, dass diese ausschließlich mithilfe von Ausdrücken der Form \( P(X \leq k) \) dargestellt wird. Tritt ein angezeigter Term in der Lösung nicht auf, setzen Sie \( k=-1 \).<p>Von den geprüften Pflanzen bekommen genau 19 zu wenig Wasser.</p><p>\( P = P(X\leq \){1:NUMERICAL:=19:0}\( ) - P(X\leq \){1:NUMERICAL:=18:0}\( ) \)</p><p>Von den geprüften Pflanzen bekommen mindestens 16 zu wenig Wasser.</p><p>\( P = P(X\leq \){1:NUMERICAL:=31:0}\( ) - P(X\leq \){1:NUMERICAL:=15:0}\( ) \)</p><p>Von den geprüften Pflanzen bekommen weniger als 17 zu wenig Wasser.</p><p>\( P = P(X\leq \){1:NUMERICAL:=16:0}\( ) - P(X\leq \){1:NUMERICAL:=-1:0}\( ) \)</p><p>Von den geprüften Pflanzen bekommen mehr als 9 und höchstens 15 zu wenig Wasser.</p><p>\( P = P(X\leq \){1:NUMERICAL:=15:0}\( ) - P(X\leq \){1:NUMERICAL:=9:0}\( ) \)</p><p>Von den geprüften Pflanzen bekommen mindestens 52% zu wenig Wasser.</p><p>\( P = P(X\leq \){1:NUMERICAL:=31:0}\( ) - P(X\leq \){1:NUMERICAL:=16:0}\( ) \)</p>]]></text></questiontext></question><question type="cloze"><name><text>12 </text></name><questiontext format="html"><text><![CDATA[Ein Onlineshop für Heimwerkerbedarf bietet elektrische Werkzeuge entweder mit Kabel oder mit Akku an. Es wird die Stromversorgung von 70 bestellten Werkzeugen untersucht. Ein Werkzeug hat mit einer Wahrscheinlichkeit von 39% einen Akku.</p> <p>Formulieren Sie die gesuchte Wahrscheinlichkeit so, dass diese ausschließlich mithilfe von Ausdrücken der Form \( P(X \leq k) \) dargestellt wird. Tritt ein angezeigter Term in der Lösung nicht auf, setzen Sie \( k=-1 \).<p>Von den registrierten Werkzeugen sind genau 19 mit einem Akku ausgestattet.</p><p>\( P = P(X\leq \){1:NUMERICAL:=19:0}\( ) - P(X\leq \){1:NUMERICAL:=18:0}\( ) \)</p><p>Von den registrierten Werkzeugen sind mindestens 24 mit einem Akku ausgestattet.</p><p>\( P = P(X\leq \){1:NUMERICAL:=70:0}\( ) - P(X\leq \){1:NUMERICAL:=23:0}\( ) \)</p><p>Von den registrierten Werkzeugen sind weniger als 23 mit einem Akku ausgestattet.</p><p>\( P = P(X\leq \){1:NUMERICAL:=22:0}\( ) - P(X\leq \){1:NUMERICAL:=-1:0}\( ) \)</p><p>Von den registrierten Werkzeugen sind mehr als 24 und höchstens 30 mit einem Akku ausgestattet.</p><p>\( P = P(X\leq \){1:NUMERICAL:=30:0}\( ) - P(X\leq \){1:NUMERICAL:=24:0}\( ) \)</p><p>Von den registrierten Werkzeugen sind mindestens 44% mit einem Akku ausgestattet.</p><p>\( P = P(X\leq \){1:NUMERICAL:=70:0}\( ) - P(X\leq \){1:NUMERICAL:=30:0}\( ) \)</p>]]></text></questiontext></question><question type="cloze"><name><text>13 </text></name><questiontext format="html"><text><![CDATA[Ein Unternehmen prüft, wie gut seine Computer vor etwaigen Cyberattacken geschützt sind. Es werden 48 Computer hinsichtlich eines ausreichenden Virenschutzes untersucht. Nach offiziellen Angaben haben 60% aller Computer keinen ausreichenden Virenschutz.</p> <p>Formulieren Sie die gesuchte Wahrscheinlichkeit so, dass diese ausschließlich mithilfe von Ausdrücken der Form \( P(X \leq k) \) dargestellt wird. Tritt ein angezeigter Term in der Lösung nicht auf, setzen Sie \( k=-1 \).<p>Von den untersuchten Computern haben genau 23 keinen ausreichenden Virenschutz. </p><p>\( P = P(X\leq \){1:NUMERICAL:=23:0}\( ) - P(X\leq \){1:NUMERICAL:=22:0}\( ) \)</p><p>Von den untersuchten Computern haben mehr als 30 keinen ausreichenden Virenschutz. </p><p>\( P = P(X\leq \){1:NUMERICAL:=48:0}\( ) - P(X\leq \){1:NUMERICAL:=30:0}\( ) \)</p><p>Von den untersuchten Computern haben höchstens 31 keinen ausreichenden Virenschutz. </p><p>\( P = P(X\leq \){1:NUMERICAL:=31:0}\( ) - P(X\leq \){1:NUMERICAL:=-1:0}\( ) \)</p><p>Von den untersuchten Computern haben mindestens 22 und weniger als 34 keinen ausreichenden Virenschutz. </p><p>\( P = P(X\leq \){1:NUMERICAL:=33:0}\( ) - P(X\leq \){1:NUMERICAL:=21:0}\( ) \)</p><p>Von den untersuchten Computern haben mindestens 52% keinen ausreichenden Virenschutz. </p><p>\( P = P(X\leq \){1:NUMERICAL:=48:0}\( ) - P(X\leq \){1:NUMERICAL:=24:0}\( ) \)</p>]]></text></questiontext></question><question type="cloze"><name><text>14 </text></name><questiontext format="html"><text><![CDATA[Eine Glaserei produziert Maßkrüge, wobei es an einigen Krügen zu Kratzern kommt. Sie überprüft eine Tagesproduktion von 57 Krügen. Analysen zeigen, dass 65% aller Krüge einen Kratzer haben.</p> <p>Formulieren Sie die gesuchte Wahrscheinlichkeit so, dass diese ausschließlich mithilfe von Ausdrücken der Form \( P(X \leq k) \) dargestellt wird. Tritt ein angezeigter Term in der Lösung nicht auf, setzen Sie \( k=-1 \).<p>In der Stichprobe sind genau 35 Krüge mit Kratzer.</p><p>\( P = P(X\leq \){1:NUMERICAL:=35:0}\( ) - P(X\leq \){1:NUMERICAL:=34:0}\( ) \)</p><p>In der Stichprobe sind mehr als 29 Krüge mit Kratzer.</p><p>\( P = P(X\leq \){1:NUMERICAL:=57:0}\( ) - P(X\leq \){1:NUMERICAL:=29:0}\( ) \)</p><p>In der Stichprobe sind höchstens 37 Krüge mit Kratzer.</p><p>\( P = P(X\leq \){1:NUMERICAL:=37:0}\( ) - P(X\leq \){1:NUMERICAL:=-1:0}\( ) \)</p><p>In der Stichprobe sind mindestens 36 und weniger als 39 Krüge mit Kratzer.</p><p>\( P = P(X\leq \){1:NUMERICAL:=38:0}\( ) - P(X\leq \){1:NUMERICAL:=35:0}\( ) \)</p><p>In der Stichprobe sind höchstens 72% Krüge mit Kratzer.</p><p>\( P = P(X\leq \){1:NUMERICAL:=41:0}\( ) - P(X\leq \){1:NUMERICAL:=-1:0}\( ) \)</p>]]></text></questiontext></question><question type="cloze"><name><text>15 </text></name><questiontext format="html"><text><![CDATA[Amalia sucht auf einer Online-Partnerbörse nach dem Mann fürs Leben. An einem Tag schaut sie sich 49 Partnervorschläge an. Aus Erfahrung weiß sie, dass sie 26% aller vorgeschlagenen Partner attraktiv findet.</p> <p>Formulieren Sie die gesuchte Wahrscheinlichkeit so, dass diese ausschließlich mithilfe von Ausdrücken der Form \( P(X \leq k) \) dargestellt wird. Tritt ein angezeigter Term in der Lösung nicht auf, setzen Sie \( k=-1 \).<p>Von den vorgeschlagenen Partnern findet Amalia genau 17 attraktiv. </p><p>\( P = P(X\leq \){1:NUMERICAL:=17:0}\( ) - P(X\leq \){1:NUMERICAL:=16:0}\( ) \)</p><p>Von den vorgeschlagenen Partnern findet Amalia mindestens 15 attraktiv. </p><p>\( P = P(X\leq \){1:NUMERICAL:=49:0}\( ) - P(X\leq \){1:NUMERICAL:=14:0}\( ) \)</p><p>Von den vorgeschlagenen Partnern findet Amalia weniger als 13 attraktiv. </p><p>\( P = P(X\leq \){1:NUMERICAL:=12:0}\( ) - P(X\leq \){1:NUMERICAL:=-1:0}\( ) \)</p><p>Von den vorgeschlagenen Partnern findet Amalia mehr als 6 und höchstens 15 attraktiv. </p><p>\( P = P(X\leq \){1:NUMERICAL:=15:0}\( ) - P(X\leq \){1:NUMERICAL:=6:0}\( ) \)</p><p>Von den vorgeschlagenen Partnern findet Amalia höchstens 39% attraktiv. </p><p>\( P = P(X\leq \){1:NUMERICAL:=19:0}\( ) - P(X\leq \){1:NUMERICAL:=-1:0}\( ) \)</p>]]></text></questiontext></question><question type="cloze"><name><text>16 </text></name><questiontext format="html"><text><![CDATA[Ein Unternehmen verkauft Smartwatches. Um den Absatz anzukurbeln, werden einigen Uhren zufällig Gutscheine für ein Online-Versandhaus beigelegt. Die Smartwatches werden in Kisten mit je 93 Stück zusammengefasst. Der Zufallsgenerator legt jeder 4. Smartwatch einen Gutschein bei.</p> <p>Formulieren Sie die gesuchte Wahrscheinlichkeit so, dass diese ausschließlich mithilfe von Ausdrücken der Form \( P(X \leq k) \) dargestellt wird. Tritt ein angezeigter Term in der Lösung nicht auf, setzen Sie \( k=-1 \).<p>In einer Kiste sind genau 27 Smartwatches mit Gutschein.</p><p>\( P = P(X\leq \){1:NUMERICAL:=27:0}\( ) - P(X\leq \){1:NUMERICAL:=26:0}\( ) \)</p><p>In einer Kiste sind mindestens 26 Smartwatches mit Gutschein.</p><p>\( P = P(X\leq \){1:NUMERICAL:=93:0}\( ) - P(X\leq \){1:NUMERICAL:=25:0}\( ) \)</p><p>In einer Kiste sind weniger als 21 Smartwatches mit Gutschein.</p><p>\( P = P(X\leq \){1:NUMERICAL:=20:0}\( ) - P(X\leq \){1:NUMERICAL:=-1:0}\( ) \)</p><p>In einer Kiste sind mehr als 17 und höchstens 27 Smartwatches mit Gutschein.</p><p>\( P = P(X\leq \){1:NUMERICAL:=27:0}\( ) - P(X\leq \){1:NUMERICAL:=17:0}\( ) \)</p><p>In einer Kiste sind höchstens 17% Smartwatches mit Gutschein.</p><p>\( P = P(X\leq \){1:NUMERICAL:=15:0}\( ) - P(X\leq \){1:NUMERICAL:=-1:0}\( ) \)</p>]]></text></questiontext></question><question type="cloze"><name><text>17 </text></name><questiontext format="html"><text><![CDATA[Der Verkäufer einer Imbissbude möchte wissen, auf welche Art seine Kunden bezahlen. Er beobachtet 76 Kunden. Es ist bekannt, dass ein Kunde mit einer Wahrscheinlichkeit von 55% bar bezahlt.</p> <p>Formulieren Sie die gesuchte Wahrscheinlichkeit so, dass diese ausschließlich mithilfe von Ausdrücken der Form \( P(X \leq k) \) dargestellt wird. Tritt ein angezeigter Term in der Lösung nicht auf, setzen Sie \( k=-1 \).<p>Es bezahlen genau 41 Kunden bar. </p><p>\( P = P(X\leq \){1:NUMERICAL:=41:0}\( ) - P(X\leq \){1:NUMERICAL:=40:0}\( ) \)</p><p>Es bezahlen mehr als 36 Kunden bar. </p><p>\( P = P(X\leq \){1:NUMERICAL:=76:0}\( ) - P(X\leq \){1:NUMERICAL:=36:0}\( ) \)</p><p>Es bezahlen höchstens 33 Kunden bar. </p><p>\( P = P(X\leq \){1:NUMERICAL:=33:0}\( ) - P(X\leq \){1:NUMERICAL:=-1:0}\( ) \)</p><p>Es bezahlen mindestens 39 und weniger als 46 Kunden bar. </p><p>\( P = P(X\leq \){1:NUMERICAL:=45:0}\( ) - P(X\leq \){1:NUMERICAL:=38:0}\( ) \)</p><p>Es bezahlen mindestens 53% Kunden bar. </p><p>\( P = P(X\leq \){1:NUMERICAL:=76:0}\( ) - P(X\leq \){1:NUMERICAL:=40:0}\( ) \)</p>]]></text></questiontext></question><question type="cloze"><name><text>18 </text></name><questiontext format="html"><text><![CDATA[Ein Unternehmen verkauft Beamer und garantiert eine Lebensdauer von 4000 Stunden für die Beamerlampen. In einer Langzeitkontrolle werden 80 Beamerlampen überprüft. Analysen von Verbraucherschützern zufolge leuchten 22% aller Beamerlampen weniger als 4000 Stunden.</p> <p>Formulieren Sie die gesuchte Wahrscheinlichkeit so, dass diese ausschließlich mithilfe von Ausdrücken der Form \( P(X \leq k) \) dargestellt wird. Tritt ein angezeigter Term in der Lösung nicht auf, setzen Sie \( k=-1 \).<p>Von den kontrollierten Beamerlampen leuchten genau 10 weniger als 4000 Stunden.</p><p>\( P = P(X\leq \){1:NUMERICAL:=10:0}\( ) - P(X\leq \){1:NUMERICAL:=9:0}\( ) \)</p><p>Von den kontrollierten Beamerlampen leuchten mindestens 15 weniger als 4000 Stunden.</p><p>\( P = P(X\leq \){1:NUMERICAL:=80:0}\( ) - P(X\leq \){1:NUMERICAL:=14:0}\( ) \)</p><p>Von den kontrollierten Beamerlampen leuchten weniger als 20 weniger als 4000 Stunden.</p><p>\( P = P(X\leq \){1:NUMERICAL:=19:0}\( ) - P(X\leq \){1:NUMERICAL:=-1:0}\( ) \)</p><p>Von den kontrollierten Beamerlampen leuchten mehr als 14 und höchstens 19 weniger als 4000 Stunden.</p><p>\( P = P(X\leq \){1:NUMERICAL:=19:0}\( ) - P(X\leq \){1:NUMERICAL:=14:0}\( ) \)</p><p>Von den kontrollierten Beamerlampen leuchten mindestens 12% weniger als 4000 Stunden.</p><p>\( P = P(X\leq \){1:NUMERICAL:=80:0}\( ) - P(X\leq \){1:NUMERICAL:=9:0}\( ) \)</p>]]></text></questiontext></question><question type="cloze"><name><text>19 </text></name><questiontext format="html"><text><![CDATA[Ein potentieller Werbepartner studiert den Bekanntheitsgrad einer Influencerin. An einer Umfrage zum Bekanntheitsgrad der Influencerin nehmen 93 User teil. Man weiß, dass jeder 5. User der Influencerin folgt.</p> <p>Formulieren Sie die gesuchte Wahrscheinlichkeit so, dass diese ausschließlich mithilfe von Ausdrücken der Form \( P(X \leq k) \) dargestellt wird. Tritt ein angezeigter Term in der Lösung nicht auf, setzen Sie \( k=-1 \).<p>Von den befragten Usern folgen genau 21 der Influencerin. </p><p>\( P = P(X\leq \){1:NUMERICAL:=21:0}\( ) - P(X\leq \){1:NUMERICAL:=20:0}\( ) \)</p><p>Von den befragten Usern folgen mindestens 15 der Influencerin. </p><p>\( P = P(X\leq \){1:NUMERICAL:=93:0}\( ) - P(X\leq \){1:NUMERICAL:=14:0}\( ) \)</p><p>Von den befragten Usern folgen weniger als 12 der Influencerin. </p><p>\( P = P(X\leq \){1:NUMERICAL:=11:0}\( ) - P(X\leq \){1:NUMERICAL:=-1:0}\( ) \)</p><p>Von den befragten Usern folgen mehr als 13 und höchstens 25 der Influencerin. </p><p>\( P = P(X\leq \){1:NUMERICAL:=25:0}\( ) - P(X\leq \){1:NUMERICAL:=13:0}\( ) \)</p><p>Von den befragten Usern folgen höchstens 12% der Influencerin. </p><p>\( P = P(X\leq \){1:NUMERICAL:=11:0}\( ) - P(X\leq \){1:NUMERICAL:=-1:0}\( ) \)</p>]]></text></questiontext></question><question type="cloze"><name><text>20 </text></name><questiontext format="html"><text><![CDATA[In einem Lebensmittelgeschäft bestimmt ein Kassierer mit Hilfe einer Waage das Gewicht von Obst und Gemüse. Er wiegt 30 Lebensmittel. Interne Untersuchungen zeigen, dass in 37% der Fälle das Gewicht nicht ausreichend genau bestimmt wird.</p> <p>Formulieren Sie die gesuchte Wahrscheinlichkeit so, dass diese ausschließlich mithilfe von Ausdrücken der Form \( P(X \leq k) \) dargestellt wird. Tritt ein angezeigter Term in der Lösung nicht auf, setzen Sie \( k=-1 \).<p>Von den ermittelten Gewichten sind genau 13 nicht ausreichend genau. </p><p>\( P = P(X\leq \){1:NUMERICAL:=13:0}\( ) - P(X\leq \){1:NUMERICAL:=12:0}\( ) \)</p><p>Von den ermittelten Gewichten sind mehr als 12 nicht ausreichend genau. </p><p>\( P = P(X\leq \){1:NUMERICAL:=30:0}\( ) - P(X\leq \){1:NUMERICAL:=12:0}\( ) \)</p><p>Von den ermittelten Gewichten sind höchstens 6 nicht ausreichend genau. </p><p>\( P = P(X\leq \){1:NUMERICAL:=6:0}\( ) - P(X\leq \){1:NUMERICAL:=-1:0}\( ) \)</p><p>Von den ermittelten Gewichten sind mindestens 7 und weniger als 16 nicht ausreichend genau. </p><p>\( P = P(X\leq \){1:NUMERICAL:=15:0}\( ) - P(X\leq \){1:NUMERICAL:=6:0}\( ) \)</p><p>Von den ermittelten Gewichten sind mindestens 37% nicht ausreichend genau. </p><p>\( P = P(X\leq \){1:NUMERICAL:=30:0}\( ) - P(X\leq \){1:NUMERICAL:=11:0}\( ) \)</p>]]></text></questiontext></question></quiz>