<?xml version="1.0" encoding="UTF-8" standalone="yes"?>
<quiz><question type="category"><category><text>Stochastik/Allgemein/Binomialverteilung/Bereichsparameter/GTR</text></category><info format="html"><text /></info><idnumber /></question><question type="cloze"><name><text>01 </text></name><questiontext format="html"><text><![CDATA[Ein Kontrolleur überprüft die Funktionsfähigkeit von Halbleitern. Dafür entnimmt er aus der laufenden Produktion  50 Teile. Ein Halbleiter ist mit einer Wahrscheinlichkeit von 43% defekt.</p> <p>Geben Sie zu den folgenden Ereignissen die Bernoulli-Parameter entsprechend der Eingabe im GTR an.<p>In der Stichprobe sind genau 22 defekte Halbleiter.</p><p>Bcd(a,b,n,p) = Bcd({1:NUMERICAL:=22:0},{1:NUMERICAL:=22:0},{1:NUMERICAL:=50:0},{1:NUMERICAL:=0,43:0})</p><p>In der Stichprobe sind mehr als 18 defekte Halbleiter.</p><p>Bcd(a,b,n,p) = Bcd({1:NUMERICAL:=19:0},{1:NUMERICAL:=50:0},{1:NUMERICAL:=50:0},{1:NUMERICAL:=0,43:0})</p><p>In der Stichprobe sind höchstens 17 defekte Halbleiter.</p><p>Bcd(a,b,n,p) = Bcd({1:NUMERICAL:=0:0},{1:NUMERICAL:=17:0},{1:NUMERICAL:=50:0},{1:NUMERICAL:=0,43:0})</p><p>In der Stichprobe sind mindestens 15 und weniger als 25 defekte Halbleiter.</p><p>Bcd(a,b,n,p) = Bcd({1:NUMERICAL:=15:0},{1:NUMERICAL:=24:0},{1:NUMERICAL:=50:0},{1:NUMERICAL:=0,43:0})</p><p>In der Stichprobe sind höchstens 40% defekte Halbleiter.</p><p>Bcd(a,b,n,p) = Bcd({1:NUMERICAL:=0:0},{1:NUMERICAL:=20:0},{1:NUMERICAL:=50:0},{1:NUMERICAL:=0,43:0})</p>]]></text></questiontext></question><question type="cloze"><name><text>02 </text></name><questiontext format="html"><text><![CDATA[Eine Schaffnerin kontrolliert Fahrscheine in einer Regionalbahn von Bielefeld nach Münster. An einem Tag überprüft sie 42 Passagiere. Erfahrungsgemäß haben 61% aller Passagiere keinen gültigen Fahrschein.</p> <p>Geben Sie zu den folgenden Ereignissen die Bernoulli-Parameter entsprechend der Eingabe im GTR an.<p>Von den kontrollierten Passagieren haben genau 23 keinen gültigen Fahrschein.</p><p>Bcd(a,b,n,p) = Bcd({1:NUMERICAL:=23:0},{1:NUMERICAL:=23:0},{1:NUMERICAL:=42:0},{1:NUMERICAL:=0,61:0})</p><p>Von den kontrollierten Passagieren haben mehr als 27 keinen gültigen Fahrschein.</p><p>Bcd(a,b,n,p) = Bcd({1:NUMERICAL:=28:0},{1:NUMERICAL:=42:0},{1:NUMERICAL:=42:0},{1:NUMERICAL:=0,61:0})</p><p>Von den kontrollierten Passagieren haben höchstens 30 keinen gültigen Fahrschein.</p><p>Bcd(a,b,n,p) = Bcd({1:NUMERICAL:=0:0},{1:NUMERICAL:=30:0},{1:NUMERICAL:=42:0},{1:NUMERICAL:=0,61:0})</p><p>Von den kontrollierten Passagieren haben mindestens 21 und weniger als 28 keinen gültigen Fahrschein.</p><p>Bcd(a,b,n,p) = Bcd({1:NUMERICAL:=21:0},{1:NUMERICAL:=27:0},{1:NUMERICAL:=42:0},{1:NUMERICAL:=0,61:0})</p><p>Von den kontrollierten Passagieren haben mindestens 48% keinen gültigen Fahrschein.</p><p>Bcd(a,b,n,p) = Bcd({1:NUMERICAL:=21:0},{1:NUMERICAL:=42:0},{1:NUMERICAL:=42:0},{1:NUMERICAL:=0,61:0})</p>]]></text></questiontext></question><question type="cloze"><name><text>03 </text></name><questiontext format="html"><text><![CDATA[An einem Eisstand bietet der Verkäufer Eis mit oder ohne Streuseln an. Insgesamt kaufen 56 Kunden ein Eis. Typischerweise bestellen 48% aller Kunden ein Eis mit Streuseln.</p> <p>Geben Sie zu den folgenden Ereignissen die Bernoulli-Parameter entsprechend der Eingabe im GTR an.<p>Von den betrachteten Kunden bestellen genau 34 ein Eis mit Streuseln.</p><p>Bcd(a,b,n,p) = Bcd({1:NUMERICAL:=34:0},{1:NUMERICAL:=34:0},{1:NUMERICAL:=56:0},{1:NUMERICAL:=0,48:0})</p><p>Von den betrachteten Kunden bestellen mindestens 28 ein Eis mit Streuseln.</p><p>Bcd(a,b,n,p) = Bcd({1:NUMERICAL:=28:0},{1:NUMERICAL:=56:0},{1:NUMERICAL:=56:0},{1:NUMERICAL:=0,48:0})</p><p>Von den betrachteten Kunden bestellen weniger als 24 ein Eis mit Streuseln.</p><p>Bcd(a,b,n,p) = Bcd({1:NUMERICAL:=0:0},{1:NUMERICAL:=23:0},{1:NUMERICAL:=56:0},{1:NUMERICAL:=0,48:0})</p><p>Von den betrachteten Kunden bestellen mehr als 19 und höchstens 33 ein Eis mit Streuseln.</p><p>Bcd(a,b,n,p) = Bcd({1:NUMERICAL:=20:0},{1:NUMERICAL:=33:0},{1:NUMERICAL:=56:0},{1:NUMERICAL:=0,48:0})</p><p>Von den betrachteten Kunden bestellen höchstens 36% ein Eis mit Streuseln.</p><p>Bcd(a,b,n,p) = Bcd({1:NUMERICAL:=0:0},{1:NUMERICAL:=20:0},{1:NUMERICAL:=56:0},{1:NUMERICAL:=0,48:0})</p>]]></text></questiontext></question><question type="cloze"><name><text>04 </text></name><questiontext format="html"><text><![CDATA[David hat eine gezinkte Münze. Er wirft die Münze 73 Mal. Bei einem einmaligen Wurf beträgt die Wahrscheinlichkeit für Kopf 76%.</p> <p>Geben Sie zu den folgenden Ereignissen die Bernoulli-Parameter entsprechend der Eingabe im GTR an.<p>David wirft genau 48 Mal Kopf. </p><p>Bcd(a,b,n,p) = Bcd({1:NUMERICAL:=48:0},{1:NUMERICAL:=48:0},{1:NUMERICAL:=73:0},{1:NUMERICAL:=0,76:0})</p><p>David wirft mindestens 48 Mal Kopf. </p><p>Bcd(a,b,n,p) = Bcd({1:NUMERICAL:=48:0},{1:NUMERICAL:=73:0},{1:NUMERICAL:=73:0},{1:NUMERICAL:=0,76:0})</p><p>David wirft weniger als 53 Mal Kopf. </p><p>Bcd(a,b,n,p) = Bcd({1:NUMERICAL:=0:0},{1:NUMERICAL:=52:0},{1:NUMERICAL:=73:0},{1:NUMERICAL:=0,76:0})</p><p>David wirft mehr als 53 und höchstens 61 Mal Kopf. </p><p>Bcd(a,b,n,p) = Bcd({1:NUMERICAL:=54:0},{1:NUMERICAL:=61:0},{1:NUMERICAL:=73:0},{1:NUMERICAL:=0,76:0})</p><p>David wirft mindestens 77% Mal Kopf. </p><p>Bcd(a,b,n,p) = Bcd({1:NUMERICAL:=57:0},{1:NUMERICAL:=73:0},{1:NUMERICAL:=73:0},{1:NUMERICAL:=0,76:0})</p>]]></text></questiontext></question><question type="cloze"><name><text>05 </text></name><questiontext format="html"><text><![CDATA[Eine Ärztin prüft, ob Bewerber für den Polizeiberuf gesundheitlich geeignet sind. Insgesamt gibt es 99 Bewerber. Erfahrungswerte besagen, dass 63% aller Bewerber den Check erfolgreich absolvieren.</p> <p>Geben Sie zu den folgenden Ereignissen die Bernoulli-Parameter entsprechend der Eingabe im GTR an.<p>Von den Bewerbern absolvieren genau 54 den Check erfolgreich. </p><p>Bcd(a,b,n,p) = Bcd({1:NUMERICAL:=54:0},{1:NUMERICAL:=54:0},{1:NUMERICAL:=99:0},{1:NUMERICAL:=0,63:0})</p><p>Von den Bewerbern absolvieren mehr als 56 den Check erfolgreich. </p><p>Bcd(a,b,n,p) = Bcd({1:NUMERICAL:=57:0},{1:NUMERICAL:=99:0},{1:NUMERICAL:=99:0},{1:NUMERICAL:=0,63:0})</p><p>Von den Bewerbern absolvieren höchstens 56 den Check erfolgreich. </p><p>Bcd(a,b,n,p) = Bcd({1:NUMERICAL:=0:0},{1:NUMERICAL:=56:0},{1:NUMERICAL:=99:0},{1:NUMERICAL:=0,63:0})</p><p>Von den Bewerbern absolvieren mindestens 58 und weniger als 68 den Check erfolgreich. </p><p>Bcd(a,b,n,p) = Bcd({1:NUMERICAL:=58:0},{1:NUMERICAL:=67:0},{1:NUMERICAL:=99:0},{1:NUMERICAL:=0,63:0})</p><p>Von den Bewerbern absolvieren mindestens 60% den Check erfolgreich. </p><p>Bcd(a,b,n,p) = Bcd({1:NUMERICAL:=60:0},{1:NUMERICAL:=99:0},{1:NUMERICAL:=99:0},{1:NUMERICAL:=0,63:0})</p>]]></text></questiontext></question><question type="cloze"><name><text>06 </text></name><questiontext format="html"><text><![CDATA[Ein Fahrlehrer nimmt eine theoretische Führerscheinprüfung ab. Es erscheinen 87 Prüflinge. Die Durchfallquote liegt bei 43%.</p> <p>Geben Sie zu den folgenden Ereignissen die Bernoulli-Parameter entsprechend der Eingabe im GTR an.<p>Von den Kandidaten bestehen genau 31  nicht die Prüfung.</p><p>Bcd(a,b,n,p) = Bcd({1:NUMERICAL:=31:0},{1:NUMERICAL:=31:0},{1:NUMERICAL:=87:0},{1:NUMERICAL:=0,43:0})</p><p>Von den Kandidaten bestehen mehr als 33  nicht die Prüfung.</p><p>Bcd(a,b,n,p) = Bcd({1:NUMERICAL:=34:0},{1:NUMERICAL:=87:0},{1:NUMERICAL:=87:0},{1:NUMERICAL:=0,43:0})</p><p>Von den Kandidaten bestehen höchstens 37  nicht die Prüfung.</p><p>Bcd(a,b,n,p) = Bcd({1:NUMERICAL:=0:0},{1:NUMERICAL:=37:0},{1:NUMERICAL:=87:0},{1:NUMERICAL:=0,43:0})</p><p>Von den Kandidaten bestehen mindestens 34 und weniger als 44  nicht die Prüfung.</p><p>Bcd(a,b,n,p) = Bcd({1:NUMERICAL:=34:0},{1:NUMERICAL:=43:0},{1:NUMERICAL:=87:0},{1:NUMERICAL:=0,43:0})</p><p>Von den Kandidaten bestehen höchstens 34%  nicht die Prüfung.</p><p>Bcd(a,b,n,p) = Bcd({1:NUMERICAL:=0:0},{1:NUMERICAL:=29:0},{1:NUMERICAL:=87:0},{1:NUMERICAL:=0,43:0})</p>]]></text></questiontext></question><question type="cloze"><name><text>07 </text></name><questiontext format="html"><text><![CDATA[Ein Zollbeamter kontrolliert ein Sportgeschäft hinsichtlich gefälschter Turnschuhe. Er untersucht insgesamt 79 Turnschuhe. Glaubwürdigen Schätzungen zufolge ist jeder 5. Schuh gefälscht.</p> <p>Geben Sie zu den folgenden Ereignissen die Bernoulli-Parameter entsprechend der Eingabe im GTR an.<p>Von den untersuchten Turnschuhen sind genau 18 gefälscht. </p><p>Bcd(a,b,n,p) = Bcd({1:NUMERICAL:=18:0},{1:NUMERICAL:=18:0},{1:NUMERICAL:=79:0},{1:NUMERICAL:=0,2:0})</p><p>Von den untersuchten Turnschuhen sind mindestens 23 gefälscht. </p><p>Bcd(a,b,n,p) = Bcd({1:NUMERICAL:=23:0},{1:NUMERICAL:=79:0},{1:NUMERICAL:=79:0},{1:NUMERICAL:=0,2:0})</p><p>Von den untersuchten Turnschuhen sind weniger als 15 gefälscht. </p><p>Bcd(a,b,n,p) = Bcd({1:NUMERICAL:=0:0},{1:NUMERICAL:=14:0},{1:NUMERICAL:=79:0},{1:NUMERICAL:=0,2:0})</p><p>Von den untersuchten Turnschuhen sind mehr als 13 und höchstens 22 gefälscht. </p><p>Bcd(a,b,n,p) = Bcd({1:NUMERICAL:=14:0},{1:NUMERICAL:=22:0},{1:NUMERICAL:=79:0},{1:NUMERICAL:=0,2:0})</p><p>Von den untersuchten Turnschuhen sind mindestens 18% gefälscht. </p><p>Bcd(a,b,n,p) = Bcd({1:NUMERICAL:=15:0},{1:NUMERICAL:=79:0},{1:NUMERICAL:=79:0},{1:NUMERICAL:=0,2:0})</p>]]></text></questiontext></question><question type="cloze"><name><text>08 </text></name><questiontext format="html"><text><![CDATA[Eine Fußballspielerin trainiert Freistöße. Sie schießt 96 Mal auf das Tor. Sie weiß, dass 33% aller Schüsse das Tor verfehlen.</p> <p>Geben Sie zu den folgenden Ereignissen die Bernoulli-Parameter entsprechend der Eingabe im GTR an.<p>Die Fußballerin trifft genau 35 Mal nicht das Tor. </p><p>Bcd(a,b,n,p) = Bcd({1:NUMERICAL:=35:0},{1:NUMERICAL:=35:0},{1:NUMERICAL:=96:0},{1:NUMERICAL:=0,33:0})</p><p>Die Fußballerin trifft mindestens 29 Mal nicht das Tor. </p><p>Bcd(a,b,n,p) = Bcd({1:NUMERICAL:=29:0},{1:NUMERICAL:=96:0},{1:NUMERICAL:=96:0},{1:NUMERICAL:=0,33:0})</p><p>Die Fußballerin trifft weniger als 30 Mal nicht das Tor. </p><p>Bcd(a,b,n,p) = Bcd({1:NUMERICAL:=0:0},{1:NUMERICAL:=29:0},{1:NUMERICAL:=96:0},{1:NUMERICAL:=0,33:0})</p><p>Die Fußballerin trifft mehr als 27 und höchstens 39 Mal nicht das Tor. </p><p>Bcd(a,b,n,p) = Bcd({1:NUMERICAL:=28:0},{1:NUMERICAL:=39:0},{1:NUMERICAL:=96:0},{1:NUMERICAL:=0,33:0})</p><p>Die Fußballerin trifft höchstens 40% Mal nicht das Tor. </p><p>Bcd(a,b,n,p) = Bcd({1:NUMERICAL:=0:0},{1:NUMERICAL:=38:0},{1:NUMERICAL:=96:0},{1:NUMERICAL:=0,33:0})</p>]]></text></questiontext></question><question type="cloze"><name><text>09 </text></name><questiontext format="html"><text><![CDATA[Ein Unternehmen untersucht, wie zufrieden seine Mitarbeiter sind. Dazu werden 30 Mitarbeiter befragt. Bekanntermaßen sind 71% aller Mitarbeiter zufrieden.</p> <p>Geben Sie zu den folgenden Ereignissen die Bernoulli-Parameter entsprechend der Eingabe im GTR an.<p>Von den befragten Mitarbeitern sind genau 26 zufrieden. </p><p>Bcd(a,b,n,p) = Bcd({1:NUMERICAL:=26:0},{1:NUMERICAL:=26:0},{1:NUMERICAL:=30:0},{1:NUMERICAL:=0,71:0})</p><p>Von den befragten Mitarbeitern sind mindestens 23 zufrieden. </p><p>Bcd(a,b,n,p) = Bcd({1:NUMERICAL:=23:0},{1:NUMERICAL:=30:0},{1:NUMERICAL:=30:0},{1:NUMERICAL:=0,71:0})</p><p>Von den befragten Mitarbeitern sind weniger als 22 zufrieden. </p><p>Bcd(a,b,n,p) = Bcd({1:NUMERICAL:=0:0},{1:NUMERICAL:=21:0},{1:NUMERICAL:=30:0},{1:NUMERICAL:=0,71:0})</p><p>Von den befragten Mitarbeitern sind mehr als 18 und höchstens 26 zufrieden. </p><p>Bcd(a,b,n,p) = Bcd({1:NUMERICAL:=19:0},{1:NUMERICAL:=26:0},{1:NUMERICAL:=30:0},{1:NUMERICAL:=0,71:0})</p><p>Von den befragten Mitarbeitern sind mindestens 63% zufrieden. </p><p>Bcd(a,b,n,p) = Bcd({1:NUMERICAL:=19:0},{1:NUMERICAL:=30:0},{1:NUMERICAL:=30:0},{1:NUMERICAL:=0,71:0})</p>]]></text></questiontext></question><question type="cloze"><name><text>10 </text></name><questiontext format="html"><text><![CDATA[Der Besitzer eines Restaurants untersucht, wie viele Gäste vegetarische Gerichte bestellen. Es werden die Bestellungen von 34 Gästen geprüft. Allgemeine Statistiken zeigen, dass 38% aller Gäste vegetarische Gerichte bestellen.</p> <p>Geben Sie zu den folgenden Ereignissen die Bernoulli-Parameter entsprechend der Eingabe im GTR an.<p>Von den kontrollierten Gerichten sind genau 14 vegetarisch. </p><p>Bcd(a,b,n,p) = Bcd({1:NUMERICAL:=14:0},{1:NUMERICAL:=14:0},{1:NUMERICAL:=34:0},{1:NUMERICAL:=0,38:0})</p><p>Von den kontrollierten Gerichten sind mehr als 16 vegetarisch. </p><p>Bcd(a,b,n,p) = Bcd({1:NUMERICAL:=17:0},{1:NUMERICAL:=34:0},{1:NUMERICAL:=34:0},{1:NUMERICAL:=0,38:0})</p><p>Von den kontrollierten Gerichten sind höchstens 8 vegetarisch. </p><p>Bcd(a,b,n,p) = Bcd({1:NUMERICAL:=0:0},{1:NUMERICAL:=8:0},{1:NUMERICAL:=34:0},{1:NUMERICAL:=0,38:0})</p><p>Von den kontrollierten Gerichten sind mindestens 10 und weniger als 18 vegetarisch. </p><p>Bcd(a,b,n,p) = Bcd({1:NUMERICAL:=10:0},{1:NUMERICAL:=17:0},{1:NUMERICAL:=34:0},{1:NUMERICAL:=0,38:0})</p><p>Von den kontrollierten Gerichten sind höchstens 56% vegetarisch. </p><p>Bcd(a,b,n,p) = Bcd({1:NUMERICAL:=0:0},{1:NUMERICAL:=19:0},{1:NUMERICAL:=34:0},{1:NUMERICAL:=0,38:0})</p>]]></text></questiontext></question><question type="cloze"><name><text>11 </text></name><questiontext format="html"><text><![CDATA[Die Filialleiterin eines Gartencenter prüft, ob die Pflanzen ausreichend bewässert werden. Sie untersucht 26 Pflanzen. Aus Erfahrung weiß sie, dass jede 5. Pflanze zu wenig Wasser bekommt.</p> <p>Geben Sie zu den folgenden Ereignissen die Bernoulli-Parameter entsprechend der Eingabe im GTR an.<p>Von den geprüften Pflanzen bekommen genau 3 zu wenig Wasser.</p><p>Bcd(a,b,n,p) = Bcd({1:NUMERICAL:=3:0},{1:NUMERICAL:=3:0},{1:NUMERICAL:=26:0},{1:NUMERICAL:=0,2:0})</p><p>Von den geprüften Pflanzen bekommen mindestens 5 zu wenig Wasser.</p><p>Bcd(a,b,n,p) = Bcd({1:NUMERICAL:=5:0},{1:NUMERICAL:=26:0},{1:NUMERICAL:=26:0},{1:NUMERICAL:=0,2:0})</p><p>Von den geprüften Pflanzen bekommen weniger als 10 zu wenig Wasser.</p><p>Bcd(a,b,n,p) = Bcd({1:NUMERICAL:=0:0},{1:NUMERICAL:=9:0},{1:NUMERICAL:=26:0},{1:NUMERICAL:=0,2:0})</p><p>Von den geprüften Pflanzen bekommen mehr als 3 und höchstens 9 zu wenig Wasser.</p><p>Bcd(a,b,n,p) = Bcd({1:NUMERICAL:=4:0},{1:NUMERICAL:=9:0},{1:NUMERICAL:=26:0},{1:NUMERICAL:=0,2:0})</p><p>Von den geprüften Pflanzen bekommen höchstens 15% zu wenig Wasser.</p><p>Bcd(a,b,n,p) = Bcd({1:NUMERICAL:=0:0},{1:NUMERICAL:=3:0},{1:NUMERICAL:=26:0},{1:NUMERICAL:=0,2:0})</p>]]></text></questiontext></question><question type="cloze"><name><text>12 </text></name><questiontext format="html"><text><![CDATA[Ein Onlineshop für Heimwerkerbedarf bietet elektrische Werkzeuge entweder mit Kabel oder mit Akku an. Es wird die Stromversorgung von 65 bestellten Werkzeugen untersucht. Ein Werkzeug hat mit einer Wahrscheinlichkeit von 53% einen Akku.</p> <p>Geben Sie zu den folgenden Ereignissen die Bernoulli-Parameter entsprechend der Eingabe im GTR an.<p>Von den registrierten Werkzeugen sind genau 29 mit einem Akku ausgestattet.</p><p>Bcd(a,b,n,p) = Bcd({1:NUMERICAL:=29:0},{1:NUMERICAL:=29:0},{1:NUMERICAL:=65:0},{1:NUMERICAL:=0,53:0})</p><p>Von den registrierten Werkzeugen sind mindestens 28 mit einem Akku ausgestattet.</p><p>Bcd(a,b,n,p) = Bcd({1:NUMERICAL:=28:0},{1:NUMERICAL:=65:0},{1:NUMERICAL:=65:0},{1:NUMERICAL:=0,53:0})</p><p>Von den registrierten Werkzeugen sind weniger als 36 mit einem Akku ausgestattet.</p><p>Bcd(a,b,n,p) = Bcd({1:NUMERICAL:=0:0},{1:NUMERICAL:=35:0},{1:NUMERICAL:=65:0},{1:NUMERICAL:=0,53:0})</p><p>Von den registrierten Werkzeugen sind mehr als 27 und höchstens 36 mit einem Akku ausgestattet.</p><p>Bcd(a,b,n,p) = Bcd({1:NUMERICAL:=28:0},{1:NUMERICAL:=36:0},{1:NUMERICAL:=65:0},{1:NUMERICAL:=0,53:0})</p><p>Von den registrierten Werkzeugen sind mindestens 49% mit einem Akku ausgestattet.</p><p>Bcd(a,b,n,p) = Bcd({1:NUMERICAL:=32:0},{1:NUMERICAL:=65:0},{1:NUMERICAL:=65:0},{1:NUMERICAL:=0,53:0})</p>]]></text></questiontext></question><question type="cloze"><name><text>13 </text></name><questiontext format="html"><text><![CDATA[Ein Unternehmen prüft, wie gut seine Computer vor etwaigen Cyberattacken geschützt sind. Es werden 27 Computer hinsichtlich eines ausreichenden Virenschutzes untersucht. Nach offiziellen Angaben haben 26% aller Computer keinen ausreichenden Virenschutz.</p> <p>Geben Sie zu den folgenden Ereignissen die Bernoulli-Parameter entsprechend der Eingabe im GTR an.<p>Von den untersuchten Computern haben genau 10 keinen ausreichenden Virenschutz. </p><p>Bcd(a,b,n,p) = Bcd({1:NUMERICAL:=10:0},{1:NUMERICAL:=10:0},{1:NUMERICAL:=27:0},{1:NUMERICAL:=0,26:0})</p><p>Von den untersuchten Computern haben mehr als 6 keinen ausreichenden Virenschutz. </p><p>Bcd(a,b,n,p) = Bcd({1:NUMERICAL:=7:0},{1:NUMERICAL:=27:0},{1:NUMERICAL:=27:0},{1:NUMERICAL:=0,26:0})</p><p>Von den untersuchten Computern haben höchstens 10 keinen ausreichenden Virenschutz. </p><p>Bcd(a,b,n,p) = Bcd({1:NUMERICAL:=0:0},{1:NUMERICAL:=10:0},{1:NUMERICAL:=27:0},{1:NUMERICAL:=0,26:0})</p><p>Von den untersuchten Computern haben mindestens 5 und weniger als 12 keinen ausreichenden Virenschutz. </p><p>Bcd(a,b,n,p) = Bcd({1:NUMERICAL:=5:0},{1:NUMERICAL:=11:0},{1:NUMERICAL:=27:0},{1:NUMERICAL:=0,26:0})</p><p>Von den untersuchten Computern haben mindestens 44% keinen ausreichenden Virenschutz. </p><p>Bcd(a,b,n,p) = Bcd({1:NUMERICAL:=12:0},{1:NUMERICAL:=27:0},{1:NUMERICAL:=27:0},{1:NUMERICAL:=0,26:0})</p>]]></text></questiontext></question><question type="cloze"><name><text>14 </text></name><questiontext format="html"><text><![CDATA[Eine Glaserei produziert Maßkrüge, wobei es an einigen Krügen zu Kratzern kommt. Sie überprüft eine Tagesproduktion von 95 Krügen. Analysen zeigen, dass 67% aller Krüge einen Kratzer haben.</p> <p>Geben Sie zu den folgenden Ereignissen die Bernoulli-Parameter entsprechend der Eingabe im GTR an.<p>In der Stichprobe sind genau 71 Krüge mit Kratzer.</p><p>Bcd(a,b,n,p) = Bcd({1:NUMERICAL:=71:0},{1:NUMERICAL:=71:0},{1:NUMERICAL:=95:0},{1:NUMERICAL:=0,67:0})</p><p>In der Stichprobe sind mehr als 63 Krüge mit Kratzer.</p><p>Bcd(a,b,n,p) = Bcd({1:NUMERICAL:=64:0},{1:NUMERICAL:=95:0},{1:NUMERICAL:=95:0},{1:NUMERICAL:=0,67:0})</p><p>In der Stichprobe sind höchstens 54 Krüge mit Kratzer.</p><p>Bcd(a,b,n,p) = Bcd({1:NUMERICAL:=0:0},{1:NUMERICAL:=54:0},{1:NUMERICAL:=95:0},{1:NUMERICAL:=0,67:0})</p><p>In der Stichprobe sind mindestens 62 und weniger als 72 Krüge mit Kratzer.</p><p>Bcd(a,b,n,p) = Bcd({1:NUMERICAL:=62:0},{1:NUMERICAL:=71:0},{1:NUMERICAL:=95:0},{1:NUMERICAL:=0,67:0})</p><p>In der Stichprobe sind mindestens 73% Krüge mit Kratzer.</p><p>Bcd(a,b,n,p) = Bcd({1:NUMERICAL:=70:0},{1:NUMERICAL:=95:0},{1:NUMERICAL:=95:0},{1:NUMERICAL:=0,67:0})</p>]]></text></questiontext></question><question type="cloze"><name><text>15 </text></name><questiontext format="html"><text><![CDATA[Amalia sucht auf einer Online-Partnerbörse nach dem Mann fürs Leben. An einem Tag schaut sie sich 87 Partnervorschläge an. Aus Erfahrung weiß sie, dass sie 29% aller vorgeschlagenen Partner attraktiv findet.</p> <p>Geben Sie zu den folgenden Ereignissen die Bernoulli-Parameter entsprechend der Eingabe im GTR an.<p>Von den vorgeschlagenen Partnern findet Amalia genau 23 attraktiv. </p><p>Bcd(a,b,n,p) = Bcd({1:NUMERICAL:=23:0},{1:NUMERICAL:=23:0},{1:NUMERICAL:=87:0},{1:NUMERICAL:=0,29:0})</p><p>Von den vorgeschlagenen Partnern findet Amalia mindestens 18 attraktiv. </p><p>Bcd(a,b,n,p) = Bcd({1:NUMERICAL:=18:0},{1:NUMERICAL:=87:0},{1:NUMERICAL:=87:0},{1:NUMERICAL:=0,29:0})</p><p>Von den vorgeschlagenen Partnern findet Amalia weniger als 34 attraktiv. </p><p>Bcd(a,b,n,p) = Bcd({1:NUMERICAL:=0:0},{1:NUMERICAL:=33:0},{1:NUMERICAL:=87:0},{1:NUMERICAL:=0,29:0})</p><p>Von den vorgeschlagenen Partnern findet Amalia mehr als 23 und höchstens 34 attraktiv. </p><p>Bcd(a,b,n,p) = Bcd({1:NUMERICAL:=24:0},{1:NUMERICAL:=34:0},{1:NUMERICAL:=87:0},{1:NUMERICAL:=0,29:0})</p><p>Von den vorgeschlagenen Partnern findet Amalia höchstens 21% attraktiv. </p><p>Bcd(a,b,n,p) = Bcd({1:NUMERICAL:=0:0},{1:NUMERICAL:=18:0},{1:NUMERICAL:=87:0},{1:NUMERICAL:=0,29:0})</p>]]></text></questiontext></question><question type="cloze"><name><text>16 </text></name><questiontext format="html"><text><![CDATA[Ein Unternehmen verkauft Smartwatches. Um den Absatz anzukurbeln, werden einigen Uhren zufällig Gutscheine für ein Online-Versandhaus beigelegt. Die Smartwatches werden in Kisten mit je 23 Stück zusammengefasst. Der Zufallsgenerator legt 57% aller Smartwatches einen Gutschein bei.</p> <p>Geben Sie zu den folgenden Ereignissen die Bernoulli-Parameter entsprechend der Eingabe im GTR an.<p>In einer Kiste sind genau 12 Smartwatches mit Gutschein.</p><p>Bcd(a,b,n,p) = Bcd({1:NUMERICAL:=12:0},{1:NUMERICAL:=12:0},{1:NUMERICAL:=23:0},{1:NUMERICAL:=0,57:0})</p><p>In einer Kiste sind mehr als 12 Smartwatches mit Gutschein.</p><p>Bcd(a,b,n,p) = Bcd({1:NUMERICAL:=13:0},{1:NUMERICAL:=23:0},{1:NUMERICAL:=23:0},{1:NUMERICAL:=0,57:0})</p><p>In einer Kiste sind höchstens 18 Smartwatches mit Gutschein.</p><p>Bcd(a,b,n,p) = Bcd({1:NUMERICAL:=0:0},{1:NUMERICAL:=18:0},{1:NUMERICAL:=23:0},{1:NUMERICAL:=0,57:0})</p><p>In einer Kiste sind mindestens 11 und weniger als 19 Smartwatches mit Gutschein.</p><p>Bcd(a,b,n,p) = Bcd({1:NUMERICAL:=11:0},{1:NUMERICAL:=18:0},{1:NUMERICAL:=23:0},{1:NUMERICAL:=0,57:0})</p><p>In einer Kiste sind mindestens 57% Smartwatches mit Gutschein.</p><p>Bcd(a,b,n,p) = Bcd({1:NUMERICAL:=14:0},{1:NUMERICAL:=23:0},{1:NUMERICAL:=23:0},{1:NUMERICAL:=0,57:0})</p>]]></text></questiontext></question><question type="cloze"><name><text>17 </text></name><questiontext format="html"><text><![CDATA[Der Verkäufer einer Imbissbude möchte wissen, auf welche Art seine Kunden bezahlen. Er beobachtet 66 Kunden. Es ist bekannt, dass ein Kunde mit einer Wahrscheinlichkeit von 31% bar bezahlt.</p> <p>Geben Sie zu den folgenden Ereignissen die Bernoulli-Parameter entsprechend der Eingabe im GTR an.<p>Es bezahlen genau 28 Kunden bar. </p><p>Bcd(a,b,n,p) = Bcd({1:NUMERICAL:=28:0},{1:NUMERICAL:=28:0},{1:NUMERICAL:=66:0},{1:NUMERICAL:=0,31:0})</p><p>Es bezahlen mehr als 24 Kunden bar. </p><p>Bcd(a,b,n,p) = Bcd({1:NUMERICAL:=25:0},{1:NUMERICAL:=66:0},{1:NUMERICAL:=66:0},{1:NUMERICAL:=0,31:0})</p><p>Es bezahlen höchstens 14 Kunden bar. </p><p>Bcd(a,b,n,p) = Bcd({1:NUMERICAL:=0:0},{1:NUMERICAL:=14:0},{1:NUMERICAL:=66:0},{1:NUMERICAL:=0,31:0})</p><p>Es bezahlen mindestens 14 und weniger als 24 Kunden bar. </p><p>Bcd(a,b,n,p) = Bcd({1:NUMERICAL:=14:0},{1:NUMERICAL:=23:0},{1:NUMERICAL:=66:0},{1:NUMERICAL:=0,31:0})</p><p>Es bezahlen höchstens 23% Kunden bar. </p><p>Bcd(a,b,n,p) = Bcd({1:NUMERICAL:=0:0},{1:NUMERICAL:=15:0},{1:NUMERICAL:=66:0},{1:NUMERICAL:=0,31:0})</p>]]></text></questiontext></question><question type="cloze"><name><text>18 </text></name><questiontext format="html"><text><![CDATA[Ein Unternehmen verkauft Beamer und garantiert eine Lebensdauer von 4000 Stunden für die Beamerlampen. In einer Langzeitkontrolle werden 32 Beamerlampen überprüft. Analysen von Verbraucherschützern zufolge leuchtet jede 4. Beamerlampe weniger als 4000 Stunden.</p> <p>Geben Sie zu den folgenden Ereignissen die Bernoulli-Parameter entsprechend der Eingabe im GTR an.<p>Von den kontrollierten Beamerlampen leuchten genau 12 weniger als 4000 Stunden.</p><p>Bcd(a,b,n,p) = Bcd({1:NUMERICAL:=12:0},{1:NUMERICAL:=12:0},{1:NUMERICAL:=32:0},{1:NUMERICAL:=0,25:0})</p><p>Von den kontrollierten Beamerlampen leuchten mindestens 9 weniger als 4000 Stunden.</p><p>Bcd(a,b,n,p) = Bcd({1:NUMERICAL:=9:0},{1:NUMERICAL:=32:0},{1:NUMERICAL:=32:0},{1:NUMERICAL:=0,25:0})</p><p>Von den kontrollierten Beamerlampen leuchten weniger als 12 weniger als 4000 Stunden.</p><p>Bcd(a,b,n,p) = Bcd({1:NUMERICAL:=0:0},{1:NUMERICAL:=11:0},{1:NUMERICAL:=32:0},{1:NUMERICAL:=0,25:0})</p><p>Von den kontrollierten Beamerlampen leuchten mehr als 5 und höchstens 13 weniger als 4000 Stunden.</p><p>Bcd(a,b,n,p) = Bcd({1:NUMERICAL:=6:0},{1:NUMERICAL:=13:0},{1:NUMERICAL:=32:0},{1:NUMERICAL:=0,25:0})</p><p>Von den kontrollierten Beamerlampen leuchten mindestens 16% weniger als 4000 Stunden.</p><p>Bcd(a,b,n,p) = Bcd({1:NUMERICAL:=6:0},{1:NUMERICAL:=32:0},{1:NUMERICAL:=32:0},{1:NUMERICAL:=0,25:0})</p>]]></text></questiontext></question><question type="cloze"><name><text>19 </text></name><questiontext format="html"><text><![CDATA[Ein potentieller Werbepartner studiert den Bekanntheitsgrad einer Influencerin. An einer Umfrage zum Bekanntheitsgrad der Influencerin nehmen 45 User teil. Man weiß, dass 33% aller User der Influencerin folgen.</p> <p>Geben Sie zu den folgenden Ereignissen die Bernoulli-Parameter entsprechend der Eingabe im GTR an.<p>Von den befragten Usern folgen genau 15 der Influencerin. </p><p>Bcd(a,b,n,p) = Bcd({1:NUMERICAL:=15:0},{1:NUMERICAL:=15:0},{1:NUMERICAL:=45:0},{1:NUMERICAL:=0,33:0})</p><p>Von den befragten Usern folgen mindestens 15 der Influencerin. </p><p>Bcd(a,b,n,p) = Bcd({1:NUMERICAL:=15:0},{1:NUMERICAL:=45:0},{1:NUMERICAL:=45:0},{1:NUMERICAL:=0,33:0})</p><p>Von den befragten Usern folgen weniger als 13 der Influencerin. </p><p>Bcd(a,b,n,p) = Bcd({1:NUMERICAL:=0:0},{1:NUMERICAL:=12:0},{1:NUMERICAL:=45:0},{1:NUMERICAL:=0,33:0})</p><p>Von den befragten Usern folgen mehr als 11 und höchstens 20 der Influencerin. </p><p>Bcd(a,b,n,p) = Bcd({1:NUMERICAL:=12:0},{1:NUMERICAL:=20:0},{1:NUMERICAL:=45:0},{1:NUMERICAL:=0,33:0})</p><p>Von den befragten Usern folgen höchstens 24% der Influencerin. </p><p>Bcd(a,b,n,p) = Bcd({1:NUMERICAL:=0:0},{1:NUMERICAL:=10:0},{1:NUMERICAL:=45:0},{1:NUMERICAL:=0,33:0})</p>]]></text></questiontext></question><question type="cloze"><name><text>20 </text></name><questiontext format="html"><text><![CDATA[In einem Lebensmittelgeschäft bestimmt ein Kassierer mit Hilfe einer Waage das Gewicht von Obst und Gemüse. Er wiegt 63 Lebensmittel. Interne Untersuchungen zeigen, dass in 62% der Fälle das Gewicht nicht ausreichend genau bestimmt wird.</p> <p>Geben Sie zu den folgenden Ereignissen die Bernoulli-Parameter entsprechend der Eingabe im GTR an.<p>Von den ermittelten Gewichten sind genau 40 nicht ausreichend genau. </p><p>Bcd(a,b,n,p) = Bcd({1:NUMERICAL:=40:0},{1:NUMERICAL:=40:0},{1:NUMERICAL:=63:0},{1:NUMERICAL:=0,62:0})</p><p>Von den ermittelten Gewichten sind mehr als 45 nicht ausreichend genau. </p><p>Bcd(a,b,n,p) = Bcd({1:NUMERICAL:=46:0},{1:NUMERICAL:=63:0},{1:NUMERICAL:=63:0},{1:NUMERICAL:=0,62:0})</p><p>Von den ermittelten Gewichten sind höchstens 35 nicht ausreichend genau. </p><p>Bcd(a,b,n,p) = Bcd({1:NUMERICAL:=0:0},{1:NUMERICAL:=35:0},{1:NUMERICAL:=63:0},{1:NUMERICAL:=0,62:0})</p><p>Von den ermittelten Gewichten sind mindestens 33 und weniger als 45 nicht ausreichend genau. </p><p>Bcd(a,b,n,p) = Bcd({1:NUMERICAL:=33:0},{1:NUMERICAL:=44:0},{1:NUMERICAL:=63:0},{1:NUMERICAL:=0,62:0})</p><p>Von den ermittelten Gewichten sind höchstens 65% nicht ausreichend genau. </p><p>Bcd(a,b,n,p) = Bcd({1:NUMERICAL:=0:0},{1:NUMERICAL:=40:0},{1:NUMERICAL:=63:0},{1:NUMERICAL:=0,62:0})</p>]]></text></questiontext></question></quiz>