<?xml version="1.0" encoding="UTF-8" standalone="yes"?>
<quiz><question type="category"><category><text>Stochastik/Allgemein/Binomialverteilung/Npk/n</text></category><info format="html"><text /></info><idnumber /></question><question type="cloze"><name><text>01 </text></name><questiontext format="html"><text><![CDATA[Ein Kontrolleur überprüft die Funktionsfähigkeit von Halbleitern. Ein Halbleiter ist mit einer Wahrscheinlichkeit von 50% defekt.<p>Bestimmen Sie die Anzahl der Halbleiter, die mindestens untersucht werden müssen, damit die Wahrscheinlichkeit für mindestens 127 defekte Halbleiter mindestens 21% beträgt.</p><p>{1:NUMERICAL:=241:0}</p>]]></text></questiontext></question><question type="cloze"><name><text>02 </text></name><questiontext format="html"><text><![CDATA[Eine Schaffnerin kontrolliert Fahrscheine in einer Regionalbahn von Bielefeld nach Münster. Erfahrungsgemäß haben 78% aller Passagiere keinen gültigen Fahrschein.<p>Bestimmen Sie die Anzahl der Passagiere, die mindestens untersucht werden müssen, damit die Wahrscheinlichkeit für höchstens 80 Passagiere ohne gültigen Fahrschein höchstens 75% beträgt.</p><p>{1:NUMERICAL:=100:0}</p>]]></text></questiontext></question><question type="cloze"><name><text>03 </text></name><questiontext format="html"><text><![CDATA[An einem Eisstand bietet der Verkäufer Eis mit oder ohne Streuseln an. Typischerweise bestellen 51% aller Kunden ein Eis mit Streuseln.<p>Bestimmen Sie die Anzahl der Kunden, die mindestens untersucht werden müssen, damit die Wahrscheinlichkeit für höchstens 107 Kundenbestellungen mit Streuseln höchstens 19% beträgt.</p><p>{1:NUMERICAL:=224:0}</p>]]></text></questiontext></question><question type="cloze"><name><text>04 </text></name><questiontext format="html"><text><![CDATA[David hat eine gezinkte Münze. Bei einem einmaligen Wurf beträgt die Wahrscheinlichkeit für Kopf 30%.<p>Bestimmen Sie die Anzahl der Münzwürfe, die mindestens untersucht werden müssen, damit die Wahrscheinlichkeit für höchstens 56 geworfene Köpfe höchstens 17% beträgt.</p><p>{1:NUMERICAL:=210:0}</p>]]></text></questiontext></question><question type="cloze"><name><text>05 </text></name><questiontext format="html"><text><![CDATA[Eine Ärztin prüft, ob Bewerber für den Polizeiberuf gesundheitlich geeignet sind. Aus der Vergangenheit ist bekannt, dass jeder 4. Bewerber den Check erfolgreich absolviert.<p>Bestimmen Sie die Anzahl der Bewerber, die höchstens untersucht werden dürfen, damit die Wahrscheinlichkeit für höchstens 48 Bewerber mit erfolgreichem Gesundheitscheck mindestens 30% beträgt.</p><p>{1:NUMERICAL:=207:0}</p>]]></text></questiontext></question><question type="cloze"><name><text>06 </text></name><questiontext format="html"><text><![CDATA[Ein Fahrlehrer nimmt eine theoretische Führerscheinprüfung ab. Die Durchfallquote liegt bei 79%.<p>Bestimmen Sie die Anzahl der Prüflinge, die höchstens untersucht werden dürfen, damit die Wahrscheinlichkeit für mindestens 205 durchgefallene Prüflinge höchstens 85% beträgt.</p><p>{1:NUMERICAL:=267:0}</p>]]></text></questiontext></question><question type="cloze"><name><text>07 </text></name><questiontext format="html"><text><![CDATA[Ein Zollbeamter kontrolliert ein Sportgeschäft hinsichtlich gefälschter Turnschuhe. Glaubwürdigen Schätzungen zufolge sind 52% aller Schuhe gefälscht.<p>Bestimmen Sie die Anzahl der Turnschuhe, die höchstens untersucht werden dürfen, damit die Wahrscheinlichkeit für mindestens 98 gefälschte Turnschuhe höchstens 56% beträgt.</p><p>{1:NUMERICAL:=189:0}</p>]]></text></questiontext></question><question type="cloze"><name><text>08 </text></name><questiontext format="html"><text><![CDATA[Eine Fußballspielerin trainiert Freistöße. Sie weiß, dass 32% aller Schüsse das Tor verfehlen.<p>Bestimmen Sie die Anzahl der Freistöße, die höchstens untersucht werden dürfen, damit die Wahrscheinlichkeit für höchstens 55 Fehltreffer mindestens 44% beträgt.</p><p>{1:NUMERICAL:=176:0}</p>]]></text></questiontext></question><question type="cloze"><name><text>09 </text></name><questiontext format="html"><text><![CDATA[Ein Unternehmen untersucht, wie zufrieden seine Mitarbeiter sind. Bekanntermaßen sind 53% aller Mitarbeiter zufrieden.<p>Bestimmen Sie die Anzahl der Mitarbeiter, die mindestens untersucht werden müssen, damit die Wahrscheinlichkeit für mindestens 93 zufriedene Mitarbeiter mindestens 40% beträgt.</p><p>{1:NUMERICAL:=172:0}</p>]]></text></questiontext></question><question type="cloze"><name><text>10 </text></name><questiontext format="html"><text><![CDATA[Der Besitzer eines Restaurants untersucht, wie viele Gäste vegetarische Gerichte bestellen. Allgemeine Statistiken zeigen, dass 20% aller Gäste vegetarische Gerichte bestellen.<p>Bestimmen Sie die Anzahl der Gerichte, die mindestens untersucht werden müssen, damit die Wahrscheinlichkeit für höchstens 46 vegetarische Gerichte höchstens 52% beträgt.</p><p>{1:NUMERICAL:=232:0}</p>]]></text></questiontext></question><question type="cloze"><name><text>11 </text></name><questiontext format="html"><text><![CDATA[Die Filialleiterin eines Gartencenter prüft, ob die Pflanzen ausreichend bewässert werden. Aus früheren Überprüfungen ist bekannt, dass 54% aller Pflanzen zu wenig Wasser bekommen.<p>Bestimmen Sie die Anzahl der Pflanzen, die mindestens untersucht werden müssen, damit die Wahrscheinlichkeit für höchstens 88 unzureichend bewässerte Pflanzen höchstens 79% beträgt.</p><p>{1:NUMERICAL:=155:0}</p>]]></text></questiontext></question><question type="cloze"><name><text>12 </text></name><questiontext format="html"><text><![CDATA[Ein Onlineshop für Heimwerkerbedarf bietet elektrische Werkzeuge entweder mit Kabel oder mit Akku an. Ein Werkzeug hat mit einer Wahrscheinlichkeit von 33% einen Akku.<p>Bestimmen Sie die Anzahl der Werkzeuge, die mindestens untersucht werden müssen, damit die Wahrscheinlichkeit für mindestens 50 Werkzeuge mit Akku mindestens 28% beträgt.</p><p>{1:NUMERICAL:=141:0}</p>]]></text></questiontext></question><question type="cloze"><name><text>13 </text></name><questiontext format="html"><text><![CDATA[Ein Unternehmen prüft, wie gut seine Computer vor etwaigen Cyberattacken geschützt sind. Nach offiziellen Angaben haben 55% aller Computer keinen ausreichenden Virenschutz.<p>Bestimmen Sie die Anzahl der Computer, die höchstens untersucht werden dürfen, damit die Wahrscheinlichkeit für höchstens 70 Computer mit unzureichendem Virenschutz mindestens 17% beträgt.</p><p>{1:NUMERICAL:=138:0}</p>]]></text></questiontext></question><question type="cloze"><name><text>14 </text></name><questiontext format="html"><text><![CDATA[Eine Glaserei produziert Maßkrüge, wobei es an einigen Krügen zu Kratzern kommt. Analysen zeigen, dass 22% aller Krüge einen Kratzer haben.<p>Bestimmen Sie die Anzahl der Krüge, die höchstens untersucht werden dürfen, damit die Wahrscheinlichkeit für mindestens 48 Krüge mit Kratzer höchstens 25% beträgt.</p><p>{1:NUMERICAL:=198:0}</p>]]></text></questiontext></question><question type="cloze"><name><text>15 </text></name><questiontext format="html"><text><![CDATA[Amalia sucht auf einer Online-Partnerbörse nach dem Mann fürs Leben. Aus Erfahrung weiß sie, dass sie 56% aller vorgeschlagenen Partner attraktiv findet.<p>Bestimmen Sie die Anzahl der vorgeschlagenen Partner, die höchstens untersucht werden dürfen, damit die Wahrscheinlichkeit für mindestens 65 attraktive Partnervorschläge höchstens 74% beträgt.</p><p>{1:NUMERICAL:=121:0}</p>]]></text></questiontext></question><question type="cloze"><name><text>16 </text></name><questiontext format="html"><text><![CDATA[Ein Unternehmen verkauft Smartwatches. Um den Absatz anzukurbeln, werden einigen Uhren zufällig Gutscheine für ein Online-Versandhaus beigelegt. Der Zufallsgenerator legt jeder 2. Smartwatch einen Gutschein bei.<p>Bestimmen Sie die Anzahl der Smartwatches, die höchstens untersucht werden dürfen, damit die Wahrscheinlichkeit für höchstens 49 Smartwatches mit Gutschein mindestens 21% beträgt.</p><p>{1:NUMERICAL:=107:0}</p>]]></text></questiontext></question><question type="cloze"><name><text>17 </text></name><questiontext format="html"><text><![CDATA[Der Verkäufer einer Imbissbude möchte wissen, auf welche Art seine Kunden bezahlen. Aus der Vergangenheit ist ihm bekannt, dass jeder 4. Kunde bar bezahlt.<p>Bestimmen Sie die Anzahl der Kunden, die mindestens untersucht werden müssen, damit die Wahrscheinlichkeit für mindestens 25 barbezahlende Kunden mindestens 59% beträgt.</p><p>{1:NUMERICAL:=103:0}</p>]]></text></questiontext></question><question type="cloze"><name><text>18 </text></name><questiontext format="html"><text><![CDATA[Ein Unternehmen verkauft Beamer und garantiert eine Lebensdauer von 4000 Stunden für die Beamerlampen. Analysen von Verbraucherschützern zufolge leuchten 23% aller Beamerlampen weniger als 4000 Stunden.<p>Bestimmen Sie die Anzahl der Beamerlampen, die mindestens untersucht werden müssen, damit die Wahrscheinlichkeit für mindestens 35 Beamerlampen mit einer Lebensdauer von weniger als 4000 Stunden mindestens 71% beträgt.</p><p>{1:NUMERICAL:=164:0}</p>]]></text></questiontext></question><question type="cloze"><name><text>19 </text></name><questiontext format="html"><text><![CDATA[Ein potentieller Werbepartner studiert den Bekanntheitsgrad einer Influencerin. Man weiß, dass jeder 4. User der Influencerin folgt.<p>Bestimmen Sie die Anzahl der User, die mindestens untersucht werden müssen, damit die Wahrscheinlichkeit für höchstens 74 Follower der Influencerin höchstens 66% beträgt.</p><p>{1:NUMERICAL:=287:0}</p>]]></text></questiontext></question><question type="cloze"><name><text>20 </text></name><questiontext format="html"><text><![CDATA[In einem Lebensmittelgeschäft bestimmt ein Kassierer mit Hilfe einer Waage das Gewicht von Obst und Gemüse. Interne Untersuchungen zeigen, dass in 72% der Fälle das Gewicht nicht ausreichend genau bestimmt wird.<p>Bestimmen Sie die Anzahl der Lebensmittel, die höchstens untersucht werden dürfen, damit die Wahrscheinlichkeit für mindestens 156 ungenau gewogene Lebensmittel höchstens 69% beträgt.</p><p>{1:NUMERICAL:=220:0}</p>]]></text></questiontext></question></quiz>