<?xml version="1.0" encoding="UTF-8" standalone="yes"?>
<quiz><question type="category"><category><text>Stochastik/Allgemein/Binomialverteilung/Npk/p</text></category><info format="html"><text /></info><idnumber /></question><question type="cloze"><name><text>01 </text></name><questiontext format="html"><text><![CDATA[Ein Kontrolleur überprüft die Funktionsfähigkeit von Halbleitern. Dafür entnimmt er aus der laufenden Produktion  267 Teile.<p>Bestimmen Sie wie hoch der Anteil der defekten Halbleiter mindestens sein muss, damit die Wahrscheinlichkeit für höchstens 72 defekte Halbleiter höchstens 84% beträgt (auf 2 NKS gerundet).</p><p>{1:NUMERICAL:=0,25:0}</p>]]></text></questiontext></question><question type="cloze"><name><text>02 </text></name><questiontext format="html"><text><![CDATA[Eine Schaffnerin kontrolliert Fahrscheine in einer Regionalbahn von Bielefeld nach Münster. An einem Tag überprüft sie 126 Passagiere.<p>Bestimmen Sie wie hoch der Anteil der Passagiere ohne gültigen Fahrschein höchstens sein darf, damit die Wahrscheinlichkeit für höchstens 27 Passagiere ohne gültigen Fahrschein mindestens 65% beträgt (auf 2 NKS gerundet).</p><p>{1:NUMERICAL:=0,2:0}</p>]]></text></questiontext></question><question type="cloze"><name><text>03 </text></name><questiontext format="html"><text><![CDATA[An einem Eisstand bietet der Verkäufer Eis mit oder ohne Streuseln an. Insgesamt kaufen 250 Kunden ein Eis.<p>Bestimmen Sie wie hoch der Anteil der Kundenbestellungen mit Streuseln höchstens sein darf, damit die Wahrscheinlichkeit für höchstens 115 Kundenbestellungen mit Streuseln mindestens 15% beträgt (auf 2 NKS gerundet).</p><p>{1:NUMERICAL:=0,49:0}</p>]]></text></questiontext></question><question type="cloze"><name><text>04 </text></name><questiontext format="html"><text><![CDATA[David hat eine gezinkte Münze. Er wirft die Münze 236 Mal.<p>Bestimmen Sie wie hoch der Anteil der geworfenen Köpfe höchstens sein darf, damit die Wahrscheinlichkeit für höchstens 110 geworfene Köpfe mindestens 13% beträgt (auf 2 NKS gerundet).</p><p>{1:NUMERICAL:=0,5:0}</p>]]></text></questiontext></question><question type="cloze"><name><text>05 </text></name><questiontext format="html"><text><![CDATA[Eine Ärztin prüft, ob Bewerber für den Polizeiberuf gesundheitlich geeignet sind. Insgesamt gibt es 233 Bewerber.<p>Bestimmen Sie wie hoch der Anteil der Bewerber mit erfolgreichem Gesundheitscheck höchstens sein darf, damit die Wahrscheinlichkeit für mindestens 55 Bewerber mit erfolgreichem Gesundheitscheck höchstens 76% beträgt (auf 2 NKS gerundet).</p><p>{1:NUMERICAL:=0,25:0}</p>]]></text></questiontext></question><question type="cloze"><name><text>06 </text></name><questiontext format="html"><text><![CDATA[Ein Fahrlehrer nimmt eine theoretische Führerscheinprüfung ab. Es erscheinen 145 Prüflinge.<p>Bestimmen Sie wie hoch der Anteil der durchgefallenen Prüflinge mindestens sein muss, damit die Wahrscheinlichkeit für höchstens 56 durchgefallene Prüflinge höchstens 36% beträgt (auf 2 NKS gerundet).</p><p>{1:NUMERICAL:=0,41:0}</p>]]></text></questiontext></question><question type="cloze"><name><text>07 </text></name><questiontext format="html"><text><![CDATA[Ein Zollbeamter kontrolliert ein Sportgeschäft hinsichtlich gefälschter Turnschuhe. Er untersucht insgesamt 282 Turnschuhe.<p>Bestimmen Sie wie hoch der Anteil der gefälschten Turnschuhe höchstens sein darf, damit die Wahrscheinlichkeit für höchstens 144 gefälschte Turnschuhe mindestens 34% beträgt (auf 2 NKS gerundet).</p><p>{1:NUMERICAL:=0,52:0}</p>]]></text></questiontext></question><question type="cloze"><name><text>08 </text></name><questiontext format="html"><text><![CDATA[Eine Fußballspielerin trainiert Freistöße. Sie schießt 268 Mal auf das Tor.<p>Bestimmen Sie wie hoch der Anteil der Fehltreffer mindestens sein muss, damit die Wahrscheinlichkeit für höchstens 79 Fehltreffer höchstens 39% beträgt (auf 2 NKS gerundet).</p><p>{1:NUMERICAL:=0,31:0}</p>]]></text></questiontext></question><question type="cloze"><name><text>09 </text></name><questiontext format="html"><text><![CDATA[Ein Unternehmen untersucht, wie zufrieden seine Mitarbeiter sind. Dazu werden 265 Mitarbeiter befragt.<p>Bestimmen Sie wie hoch der Anteil der zufriedenen Mitarbeiter höchstens sein darf, damit die Wahrscheinlichkeit für mindestens 141 zufriedene Mitarbeiter höchstens 56% beträgt (auf 2 NKS gerundet).</p><p>{1:NUMERICAL:=0,53:0}</p>]]></text></questiontext></question><question type="cloze"><name><text>10 </text></name><questiontext format="html"><text><![CDATA[Der Besitzer eines Restaurants untersucht, wie viele Gäste vegetarische Gerichte bestellen. Es werden die Bestellungen von 177 Gästen geprüft.<p>Bestimmen Sie wie hoch der Anteil der vegetarischen Gerichte mindestens sein muss, damit die Wahrscheinlichkeit für höchstens 45 vegetarische Gerichte höchstens 65% beträgt (auf 2 NKS gerundet).</p><p>{1:NUMERICAL:=0,25:0}</p>]]></text></questiontext></question><question type="cloze"><name><text>11 </text></name><questiontext format="html"><text><![CDATA[Die Filialleiterin eines Gartencenter prüft, ob die Pflanzen ausreichend bewässert werden. Sie untersucht 100 Pflanzen.<p>Bestimmen Sie wie hoch der Anteil der unzureichend bewässerten Pflanzen mindestens sein muss, damit die Wahrscheinlichkeit für höchstens 24 unzureichend bewässerte Pflanzen höchstens 89% beträgt (auf 2 NKS gerundet).</p><p>{1:NUMERICAL:=0,2:0}</p>]]></text></questiontext></question><question type="cloze"><name><text>12 </text></name><questiontext format="html"><text><![CDATA[Ein Onlineshop für Heimwerkerbedarf bietet elektrische Werkzeuge entweder mit Kabel oder mit Akku an. Es wird die Stromversorgung von 287 bestellten Werkzeugen untersucht.<p>Bestimmen Sie wie hoch der Anteil der Werkzeuge mit Akku mindestens sein muss, damit die Wahrscheinlichkeit für mindestens 172 Werkzeuge mit Akku mindestens 22% beträgt (auf 2 NKS gerundet).</p><p>{1:NUMERICAL:=0,58:0}</p>]]></text></questiontext></question><question type="cloze"><name><text>13 </text></name><questiontext format="html"><text><![CDATA[Ein Unternehmen prüft, wie gut seine Computer vor etwaigen Cyberattacken geschützt sind. Es werden 284 Computer hinsichtlich eines ausreichenden Virenschutzes untersucht.<p>Bestimmen Sie wie hoch der Anteil der Computer mit unzureichendem Virenschutz höchstens sein darf, damit die Wahrscheinlichkeit für höchstens 218 Computer mit unzureichendem Virenschutz mindestens 15% beträgt (auf 2 NKS gerundet).</p><p>{1:NUMERICAL:=0,79:0}</p>]]></text></questiontext></question><question type="cloze"><name><text>14 </text></name><questiontext format="html"><text><![CDATA[Eine Glaserei produziert Maßkrüge, wobei es an einigen Krügen zu Kratzern kommt. Sie überprüft eine Tagesproduktion von 143 Krügen.<p>Bestimmen Sie wie hoch der Anteil der Krüge mit Kratzer höchstens sein darf, damit die Wahrscheinlichkeit für mindestens 71 Krüge mit Kratzer höchstens 25% beträgt (auf 2 NKS gerundet).</p><p>{1:NUMERICAL:=0,46:0}</p>]]></text></questiontext></question><question type="cloze"><name><text>15 </text></name><questiontext format="html"><text><![CDATA[Amalia sucht auf einer Online-Partnerbörse nach dem Mann fürs Leben. An einem Tag schaut sie sich 267 Partnervorschläge an.<p>Bestimmen Sie wie hoch der Anteil der Vorschläge mit attraktiven Partnern höchstens sein darf, damit die Wahrscheinlichkeit für mindestens 50 attraktive Partnervorschläge höchstens 78% beträgt (auf 2 NKS gerundet).</p><p>{1:NUMERICAL:=0,2:0}</p>]]></text></questiontext></question><question type="cloze"><name><text>16 </text></name><questiontext format="html"><text><![CDATA[Ein Unternehmen verkauft Smartwatches. Um den Absatz anzukurbeln, werden einigen Uhren zufällig Gutscheine für ein Online-Versandhaus beigelegt. Die Smartwatches werden in Kisten mit je 253 Stück zusammengefasst.<p>Bestimmen Sie wie hoch der Anteil der Smartwatches mit Gutschein höchstens sein darf, damit die Wahrscheinlichkeit für höchstens 144 Smartwatches mit Gutschein mindestens 22% beträgt (auf 2 NKS gerundet).</p><p>{1:NUMERICAL:=0,59:0}</p>]]></text></questiontext></question><question type="cloze"><name><text>17 </text></name><questiontext format="html"><text><![CDATA[Der Verkäufer einer Imbissbude möchte wissen, auf welche Art seine Kunden bezahlen. Er beobachtet 290 Kunden.<p>Bestimmen Sie wie hoch der Anteil der barbezahlenden Kunden mindestens sein muss, damit die Wahrscheinlichkeit für mindestens 186 barbezahlende Kunden mindestens 82% beträgt (auf 2 NKS gerundet).</p><p>{1:NUMERICAL:=0,67:0}</p>]]></text></questiontext></question><question type="cloze"><name><text>18 </text></name><questiontext format="html"><text><![CDATA[Ein Unternehmen verkauft Beamer und garantiert eine Lebensdauer von 4000 Stunden für die Beamerlampen. In einer Langzeitkontrolle werden 150 Beamerlampen überprüft.<p>Bestimmen Sie wie hoch der Anteil der Beamerlampen mit einer Lebensdauer von weniger als 4000 Stunden mindestens sein muss, damit die Wahrscheinlichkeit für höchstens 54 Beamerlampen mit einer Lebensdauer von weniger als 4000 Stunden höchstens 77% beträgt (auf 2 NKS gerundet).</p><p>{1:NUMERICAL:=0,34:0}</p>]]></text></questiontext></question><question type="cloze"><name><text>19 </text></name><questiontext format="html"><text><![CDATA[Ein potentieller Werbepartner studiert den Bekanntheitsgrad einer Influencerin. An einer Umfrage zum Bekanntheitsgrad der Influencerin nehmen 273 User teil.<p>Bestimmen Sie wie hoch der Anteil der Follower der Influencerin mindestens sein muss, damit die Wahrscheinlichkeit für höchstens 49 Follower der Influencerin höchstens 29% beträgt (auf 2 NKS gerundet).</p><p>{1:NUMERICAL:=0,2:0}</p>]]></text></questiontext></question><question type="cloze"><name><text>20 </text></name><questiontext format="html"><text><![CDATA[In einem Lebensmittelgeschäft bestimmt ein Kassierer mit Hilfe einer Waage das Gewicht von Obst und Gemüse. Er wiegt 260 Lebensmittel.<p>Bestimmen Sie wie hoch der Anteil der ungenau gewogenen Lebensmittel mindestens sein muss, damit die Wahrscheinlichkeit für mindestens 115 ungenau gewogene Lebensmittel mindestens 78% beträgt (auf 2 NKS gerundet).</p><p>{1:NUMERICAL:=0,47:0}</p>]]></text></questiontext></question></quiz>