<?xml version="1.0" encoding="UTF-8" standalone="yes"?>
<quiz><question type="category"><category><text>LineareAlgebra/Wirtschaft/Mehrstufige Produktionsprozesse/Matrizenelemente/Interpretation</text></category><info format="html"><text /></info><idnumber /></question><question type="cloze"><name><text>01 </text></name><questiontext format="html"><text><![CDATA[Gegeben:</p> <p>\( RZ = \left(\begin{matrix}6&7\\5&1\\6&8\\ \end{matrix}\right) \)\(;\quad\)\( ZE = \left(\begin{matrix}5&7&2\\3&7&7\\ \end{matrix}\right) \)\(;\quad\)\( RE = \left(\begin{matrix}51&91&61\\28&42&17\\54&98&68\\ \end{matrix}\right) \)<p>Bestimmen Sie die Anzahl der Mengeneinheiten von R3, die für Herstellung von einer Mengeneinheit von Z1 nötig sind.</p><p>{1:NUMERICAL:=6:0}</p><p>Bestimmen Sie die Anzahl der Mengeneinheiten von R3, die für Herstellung von einer Mengeneinheit von E2 nötig sind.</p><p>{1:NUMERICAL:=98:0}</p><p>Bestimmen Sie die Anzahl der Mengeneinheiten von Z2, die für Herstellung von einer Mengeneinheit von E1 nötig sind.</p><p>{1:NUMERICAL:=3:0}</p>]]></text></questiontext></question><question type="cloze"><name><text>02 </text></name><questiontext format="html"><text><![CDATA[Gegeben:</p> <p>\( RZ = \left(\begin{matrix}4&1&5&9\\6&9&5&4\\2&4&1&2\\5&2&1&3\\ \end{matrix}\right) \)\(;\quad\)\( ZE = \left(\begin{matrix}4&8\\1&4\\1&8\\6&3\\ \end{matrix}\right) \)\(;\quad\)\( RE = \left(\begin{matrix}76&103\\62&136\\25&46\\41&65\\ \end{matrix}\right) \)<p>Bestimmen Sie die Anzahl der Mengeneinheiten von R3, die für Herstellung von einer Mengeneinheit von Z1 nötig sind.</p><p>{1:NUMERICAL:=2:0}</p><p>Bestimmen Sie die Anzahl der Mengeneinheiten von R4, die für Herstellung von einer Mengeneinheit von E1 nötig sind.</p><p>{1:NUMERICAL:=41:0}</p><p>Bestimmen Sie die Anzahl der Mengeneinheiten von Z2, die für Herstellung von einer Mengeneinheit von E1 nötig sind.</p><p>{1:NUMERICAL:=1:0}</p>]]></text></questiontext></question><question type="cloze"><name><text>03 </text></name><questiontext format="html"><text><![CDATA[Gegeben:</p> <p>\( RZ = \left(\begin{matrix}1&5\\5&8\\6&1\\ \end{matrix}\right) \)\(;\quad\)\( ZE = \left(\begin{matrix}6&9&1\\6&4&6\\ \end{matrix}\right) \)\(;\quad\)\( RE = \left(\begin{matrix}36&29&31\\78&77&53\\42&58&12\\ \end{matrix}\right) \)<p>Bestimmen Sie die Anzahl der Mengeneinheiten von R1, die für Herstellung von einer Mengeneinheit von Z1 nötig sind.</p><p>{1:NUMERICAL:=1:0}</p><p>Bestimmen Sie die Anzahl der Mengeneinheiten von R1, die für Herstellung von einer Mengeneinheit von E3 nötig sind.</p><p>{1:NUMERICAL:=31:0}</p><p>Bestimmen Sie die Anzahl der Mengeneinheiten von Z2, die für Herstellung von einer Mengeneinheit von E2 nötig sind.</p><p>{1:NUMERICAL:=4:0}</p>]]></text></questiontext></question><question type="cloze"><name><text>04 </text></name><questiontext format="html"><text><![CDATA[Gegeben:</p> <p>\( RZ = \left(\begin{matrix}4&9&2\\1&3&6\\2&4&1\\ \end{matrix}\right) \)\(;\quad\)\( ZE = \left(\begin{matrix}7&5&1&5\\9&9&4&7\\2&8&5&1\\ \end{matrix}\right) \)\(;\quad\)\( RE = \left(\begin{matrix}113&117&50&85\\46&80&43&32\\52&54&23&39\\ \end{matrix}\right) \)<p>Bestimmen Sie die Anzahl der Mengeneinheiten von R3, die für Herstellung von einer Mengeneinheit von Z3 nötig sind.</p><p>{1:NUMERICAL:=1:0}</p><p>Bestimmen Sie die Anzahl der Mengeneinheiten von R2, die für Herstellung von einer Mengeneinheit von E4 nötig sind.</p><p>{1:NUMERICAL:=32:0}</p><p>Bestimmen Sie die Anzahl der Mengeneinheiten von Z2, die für Herstellung von einer Mengeneinheit von E2 nötig sind.</p><p>{1:NUMERICAL:=9:0}</p>]]></text></questiontext></question><question type="cloze"><name><text>05 </text></name><questiontext format="html"><text><![CDATA[Gegeben:</p> <p>\( RZ = \left(\begin{matrix}4&2\\1&1\\7&7\\ \end{matrix}\right) \)\(;\quad\)\( ZE = \left(\begin{matrix}3&1\\9&4\\ \end{matrix}\right) \)\(;\quad\)\( RE = \left(\begin{matrix}30&12\\12&5\\84&35\\ \end{matrix}\right) \)<p>Bestimmen Sie die Anzahl der Mengeneinheiten von R2, die für Herstellung von einer Mengeneinheit von Z1 nötig sind.</p><p>{1:NUMERICAL:=1:0}</p><p>Bestimmen Sie die Anzahl der Mengeneinheiten von R1, die für Herstellung von einer Mengeneinheit von E2 nötig sind.</p><p>{1:NUMERICAL:=12:0}</p><p>Bestimmen Sie die Anzahl der Mengeneinheiten von Z2, die für Herstellung von einer Mengeneinheit von E1 nötig sind.</p><p>{1:NUMERICAL:=9:0}</p>]]></text></questiontext></question><question type="cloze"><name><text>06 </text></name><questiontext format="html"><text><![CDATA[Gegeben:</p> <p>\( RZ = \left(\begin{matrix}9&3&6&7\\1&3&7&9\\ \end{matrix}\right) \)\(;\quad\)\( ZE = \left(\begin{matrix}4&8&2\\5&1&5\\6&4&3\\8&2&9\\ \end{matrix}\right) \)\(;\quad\)\( RE = \left(\begin{matrix}143&113&114\\133&57&119\\ \end{matrix}\right) \)<p>Bestimmen Sie die Anzahl der Mengeneinheiten von R2, die für Herstellung von einer Mengeneinheit von Z2 nötig sind.</p><p>{1:NUMERICAL:=3:0}</p><p>Bestimmen Sie die Anzahl der Mengeneinheiten von R1, die für Herstellung von einer Mengeneinheit von E3 nötig sind.</p><p>{1:NUMERICAL:=114:0}</p><p>Bestimmen Sie die Anzahl der Mengeneinheiten von Z1, die für Herstellung von einer Mengeneinheit von E2 nötig sind.</p><p>{1:NUMERICAL:=8:0}</p>]]></text></questiontext></question><question type="cloze"><name><text>07 </text></name><questiontext format="html"><text><![CDATA[Gegeben:</p> <p>\( RZ = \left(\begin{matrix}7&6\\5&7\\8&5\\3&9\\ \end{matrix}\right) \)\(;\quad\)\( ZE = \left(\begin{matrix}6&7&2\\5&1&1\\ \end{matrix}\right) \)\(;\quad\)\( RE = \left(\begin{matrix}72&55&20\\65&42&17\\73&61&21\\63&30&15\\ \end{matrix}\right) \)<p>Bestimmen Sie die Anzahl der Mengeneinheiten von R1, die für Herstellung von einer Mengeneinheit von Z1 nötig sind.</p><p>{1:NUMERICAL:=7:0}</p><p>Bestimmen Sie die Anzahl der Mengeneinheiten von R4, die für Herstellung von einer Mengeneinheit von E1 nötig sind.</p><p>{1:NUMERICAL:=63:0}</p><p>Bestimmen Sie die Anzahl der Mengeneinheiten von Z1, die für Herstellung von einer Mengeneinheit von E1 nötig sind.</p><p>{1:NUMERICAL:=6:0}</p>]]></text></questiontext></question><question type="cloze"><name><text>08 </text></name><questiontext format="html"><text><![CDATA[Gegeben:</p> <p>\( RZ = \left(\begin{matrix}8&3&7\\4&9&1\\ \end{matrix}\right) \)\(;\quad\)\( ZE = \left(\begin{matrix}5&2&9\\8&1&5\\3&4&5\\ \end{matrix}\right) \)\(;\quad\)\( RE = \left(\begin{matrix}85&47&122\\95&21&86\\ \end{matrix}\right) \)<p>Bestimmen Sie die Anzahl der Mengeneinheiten von R2, die für Herstellung von einer Mengeneinheit von Z1 nötig sind.</p><p>{1:NUMERICAL:=4:0}</p><p>Bestimmen Sie die Anzahl der Mengeneinheiten von R1, die für Herstellung von einer Mengeneinheit von E1 nötig sind.</p><p>{1:NUMERICAL:=85:0}</p><p>Bestimmen Sie die Anzahl der Mengeneinheiten von Z2, die für Herstellung von einer Mengeneinheit von E2 nötig sind.</p><p>{1:NUMERICAL:=1:0}</p>]]></text></questiontext></question><question type="cloze"><name><text>09 </text></name><questiontext format="html"><text><![CDATA[Gegeben:</p> <p>\( RZ = \left(\begin{matrix}6&8&6\\9&8&7\\9&3&8\\ \end{matrix}\right) \)\(;\quad\)\( ZE = \left(\begin{matrix}5&1\\3&4\\5&6\\ \end{matrix}\right) \)\(;\quad\)\( RE = \left(\begin{matrix}84&74\\104&83\\94&69\\ \end{matrix}\right) \)<p>Bestimmen Sie die Anzahl der Mengeneinheiten von R2, die für Herstellung von einer Mengeneinheit von Z3 nötig sind.</p><p>{1:NUMERICAL:=7:0}</p><p>Bestimmen Sie die Anzahl der Mengeneinheiten von R2, die für Herstellung von einer Mengeneinheit von E2 nötig sind.</p><p>{1:NUMERICAL:=83:0}</p><p>Bestimmen Sie die Anzahl der Mengeneinheiten von Z1, die für Herstellung von einer Mengeneinheit von E2 nötig sind.</p><p>{1:NUMERICAL:=1:0}</p>]]></text></questiontext></question><question type="cloze"><name><text>10 </text></name><questiontext format="html"><text><![CDATA[Gegeben:</p> <p>\( RZ = \left(\begin{matrix}4&5&6\\4&8&4\\5&5&7\\ \end{matrix}\right) \)\(;\quad\)\( ZE = \left(\begin{matrix}1&1&1&6\\6&7&4&5\\7&8&7&3\\ \end{matrix}\right) \)\(;\quad\)\( RE = \left(\begin{matrix}76&87&66&67\\80&92&64&76\\84&96&74&76\\ \end{matrix}\right) \)<p>Bestimmen Sie die Anzahl der Mengeneinheiten von R3, die für Herstellung von einer Mengeneinheit von Z2 nötig sind.</p><p>{1:NUMERICAL:=5:0}</p><p>Bestimmen Sie die Anzahl der Mengeneinheiten von R1, die für Herstellung von einer Mengeneinheit von E3 nötig sind.</p><p>{1:NUMERICAL:=66:0}</p><p>Bestimmen Sie die Anzahl der Mengeneinheiten von Z3, die für Herstellung von einer Mengeneinheit von E2 nötig sind.</p><p>{1:NUMERICAL:=8:0}</p>]]></text></questiontext></question><question type="cloze"><name><text>11 </text></name><questiontext format="html"><text><![CDATA[Gegeben:</p> <p>\( RZ = \left(\begin{matrix}2&4\\8&2\\ \end{matrix}\right) \)\(;\quad\)\( ZE = \left(\begin{matrix}7&5&1\\1&7&6\\ \end{matrix}\right) \)\(;\quad\)\( RE = \left(\begin{matrix}18&38&26\\58&54&20\\ \end{matrix}\right) \)<p>Bestimmen Sie die Anzahl der Mengeneinheiten von R1, die für Herstellung von einer Mengeneinheit von Z2 nötig sind.</p><p>{1:NUMERICAL:=4:0}</p><p>Bestimmen Sie die Anzahl der Mengeneinheiten von R1, die für Herstellung von einer Mengeneinheit von E2 nötig sind.</p><p>{1:NUMERICAL:=38:0}</p><p>Bestimmen Sie die Anzahl der Mengeneinheiten von Z2, die für Herstellung von einer Mengeneinheit von E3 nötig sind.</p><p>{1:NUMERICAL:=6:0}</p>]]></text></questiontext></question><question type="cloze"><name><text>12 </text></name><questiontext format="html"><text><![CDATA[Gegeben:</p> <p>\( RZ = \left(\begin{matrix}2&5\\8&5\\2&9\\8&2\\ \end{matrix}\right) \)\(;\quad\)\( ZE = \left(\begin{matrix}6&8\\4&4\\ \end{matrix}\right) \)\(;\quad\)\( RE = \left(\begin{matrix}32&36\\68&84\\48&52\\56&72\\ \end{matrix}\right) \)<p>Bestimmen Sie die Anzahl der Mengeneinheiten von R2, die für Herstellung von einer Mengeneinheit von Z1 nötig sind.</p><p>{1:NUMERICAL:=8:0}</p><p>Bestimmen Sie die Anzahl der Mengeneinheiten von R3, die für Herstellung von einer Mengeneinheit von E1 nötig sind.</p><p>{1:NUMERICAL:=48:0}</p><p>Bestimmen Sie die Anzahl der Mengeneinheiten von Z2, die für Herstellung von einer Mengeneinheit von E1 nötig sind.</p><p>{1:NUMERICAL:=4:0}</p>]]></text></questiontext></question><question type="cloze"><name><text>13 </text></name><questiontext format="html"><text><![CDATA[Gegeben:</p> <p>\( RZ = \left(\begin{matrix}4&8\\9&6\\ \end{matrix}\right) \)\(;\quad\)\( ZE = \left(\begin{matrix}7&8&6\\8&8&9\\ \end{matrix}\right) \)\(;\quad\)\( RE = \left(\begin{matrix}92&96&96\\111&120&108\\ \end{matrix}\right) \)<p>Bestimmen Sie die Anzahl der Mengeneinheiten von R1, die für Herstellung von einer Mengeneinheit von Z2 nötig sind.</p><p>{1:NUMERICAL:=8:0}</p><p>Bestimmen Sie die Anzahl der Mengeneinheiten von R2, die für Herstellung von einer Mengeneinheit von E1 nötig sind.</p><p>{1:NUMERICAL:=111:0}</p><p>Bestimmen Sie die Anzahl der Mengeneinheiten von Z2, die für Herstellung von einer Mengeneinheit von E3 nötig sind.</p><p>{1:NUMERICAL:=9:0}</p>]]></text></questiontext></question><question type="cloze"><name><text>14 </text></name><questiontext format="html"><text><![CDATA[Gegeben:</p> <p>\( RZ = \left(\begin{matrix}3&4&2\\8&3&5\\ \end{matrix}\right) \)\(;\quad\)\( ZE = \left(\begin{matrix}3&3\\2&8\\2&3\\ \end{matrix}\right) \)\(;\quad\)\( RE = \left(\begin{matrix}21&47\\40&63\\ \end{matrix}\right) \)<p>Bestimmen Sie die Anzahl der Mengeneinheiten von R1, die für Herstellung von einer Mengeneinheit von Z2 nötig sind.</p><p>{1:NUMERICAL:=4:0}</p><p>Bestimmen Sie die Anzahl der Mengeneinheiten von R1, die für Herstellung von einer Mengeneinheit von E1 nötig sind.</p><p>{1:NUMERICAL:=21:0}</p><p>Bestimmen Sie die Anzahl der Mengeneinheiten von Z3, die für Herstellung von einer Mengeneinheit von E1 nötig sind.</p><p>{1:NUMERICAL:=2:0}</p>]]></text></questiontext></question><question type="cloze"><name><text>15 </text></name><questiontext format="html"><text><![CDATA[Gegeben:</p> <p>\( RZ = \left(\begin{matrix}6&2\\1&1\\7&2\\1&7\\ \end{matrix}\right) \)\(;\quad\)\( ZE = \left(\begin{matrix}9&4&1&9\\8&2&7&9\\ \end{matrix}\right) \)\(;\quad\)\( RE = \left(\begin{matrix}70&28&20&72\\17&6&8&18\\79&32&21&81\\65&18&50&72\\ \end{matrix}\right) \)<p>Bestimmen Sie die Anzahl der Mengeneinheiten von R4, die für Herstellung von einer Mengeneinheit von Z1 nötig sind.</p><p>{1:NUMERICAL:=1:0}</p><p>Bestimmen Sie die Anzahl der Mengeneinheiten von R1, die für Herstellung von einer Mengeneinheit von E3 nötig sind.</p><p>{1:NUMERICAL:=20:0}</p><p>Bestimmen Sie die Anzahl der Mengeneinheiten von Z1, die für Herstellung von einer Mengeneinheit von E2 nötig sind.</p><p>{1:NUMERICAL:=4:0}</p>]]></text></questiontext></question><question type="cloze"><name><text>16 </text></name><questiontext format="html"><text><![CDATA[Gegeben:</p> <p>\( RZ = \left(\begin{matrix}9&3&2&9\\1&5&3&8\\ \end{matrix}\right) \)\(;\quad\)\( ZE = \left(\begin{matrix}6&6&9&1\\1&9&7&7\\3&1&1&8\\1&4&4&9\\ \end{matrix}\right) \)\(;\quad\)\( RE = \left(\begin{matrix}72&119&140&127\\28&86&79&132\\ \end{matrix}\right) \)<p>Bestimmen Sie die Anzahl der Mengeneinheiten von R2, die für Herstellung von einer Mengeneinheit von Z1 nötig sind.</p><p>{1:NUMERICAL:=1:0}</p><p>Bestimmen Sie die Anzahl der Mengeneinheiten von R2, die für Herstellung von einer Mengeneinheit von E2 nötig sind.</p><p>{1:NUMERICAL:=86:0}</p><p>Bestimmen Sie die Anzahl der Mengeneinheiten von Z4, die für Herstellung von einer Mengeneinheit von E2 nötig sind.</p><p>{1:NUMERICAL:=4:0}</p>]]></text></questiontext></question><question type="cloze"><name><text>17 </text></name><questiontext format="html"><text><![CDATA[Gegeben:</p> <p>\( RZ = \left(\begin{matrix}4&8\\4&2\\2&5\\ \end{matrix}\right) \)\(;\quad\)\( ZE = \left(\begin{matrix}8&9&9&1\\2&1&1&5\\ \end{matrix}\right) \)\(;\quad\)\( RE = \left(\begin{matrix}48&44&44&44\\36&38&38&14\\26&23&23&27\\ \end{matrix}\right) \)<p>Bestimmen Sie die Anzahl der Mengeneinheiten von R3, die für Herstellung von einer Mengeneinheit von Z2 nötig sind.</p><p>{1:NUMERICAL:=5:0}</p><p>Bestimmen Sie die Anzahl der Mengeneinheiten von R1, die für Herstellung von einer Mengeneinheit von E1 nötig sind.</p><p>{1:NUMERICAL:=48:0}</p><p>Bestimmen Sie die Anzahl der Mengeneinheiten von Z2, die für Herstellung von einer Mengeneinheit von E3 nötig sind.</p><p>{1:NUMERICAL:=1:0}</p>]]></text></questiontext></question><question type="cloze"><name><text>18 </text></name><questiontext format="html"><text><![CDATA[Gegeben:</p> <p>\( RZ = \left(\begin{matrix}4&2&5&7\\4&9&7&2\\5&7&2&9\\3&1&4&9\\ \end{matrix}\right) \)\(;\quad\)\( ZE = \left(\begin{matrix}2&1&4&8\\6&2&5&9\\8&7&5&5\\7&7&4&4\\ \end{matrix}\right) \)\(;\quad\)\( RE = \left(\begin{matrix}109&92&79&103\\132&85&104&156\\131&96&101&149\\107&96&73&89\\ \end{matrix}\right) \)<p>Bestimmen Sie die Anzahl der Mengeneinheiten von R1, die für Herstellung von einer Mengeneinheit von Z3 nötig sind.</p><p>{1:NUMERICAL:=5:0}</p><p>Bestimmen Sie die Anzahl der Mengeneinheiten von R1, die für Herstellung von einer Mengeneinheit von E3 nötig sind.</p><p>{1:NUMERICAL:=79:0}</p><p>Bestimmen Sie die Anzahl der Mengeneinheiten von Z1, die für Herstellung von einer Mengeneinheit von E4 nötig sind.</p><p>{1:NUMERICAL:=8:0}</p>]]></text></questiontext></question><question type="cloze"><name><text>19 </text></name><questiontext format="html"><text><![CDATA[Gegeben:</p> <p>\( RZ = \left(\begin{matrix}2&9\\1&8\\3&9\\8&5\\ \end{matrix}\right) \)\(;\quad\)\( ZE = \left(\begin{matrix}9&2&7\\6&6&5\\ \end{matrix}\right) \)\(;\quad\)\( RE = \left(\begin{matrix}72&58&59\\57&50&47\\81&60&66\\102&46&81\\ \end{matrix}\right) \)<p>Bestimmen Sie die Anzahl der Mengeneinheiten von R1, die für Herstellung von einer Mengeneinheit von Z2 nötig sind.</p><p>{1:NUMERICAL:=9:0}</p><p>Bestimmen Sie die Anzahl der Mengeneinheiten von R1, die für Herstellung von einer Mengeneinheit von E2 nötig sind.</p><p>{1:NUMERICAL:=58:0}</p><p>Bestimmen Sie die Anzahl der Mengeneinheiten von Z2, die für Herstellung von einer Mengeneinheit von E3 nötig sind.</p><p>{1:NUMERICAL:=5:0}</p>]]></text></questiontext></question><question type="cloze"><name><text>20 </text></name><questiontext format="html"><text><![CDATA[Gegeben:</p> <p>\( RZ = \left(\begin{matrix}9&7&4\\8&8&8\\ \end{matrix}\right) \)\(;\quad\)\( ZE = \left(\begin{matrix}8&5\\5&1\\4&3\\ \end{matrix}\right) \)\(;\quad\)\( RE = \left(\begin{matrix}123&64\\136&72\\ \end{matrix}\right) \)<p>Bestimmen Sie die Anzahl der Mengeneinheiten von R2, die für Herstellung von einer Mengeneinheit von Z1 nötig sind.</p><p>{1:NUMERICAL:=8:0}</p><p>Bestimmen Sie die Anzahl der Mengeneinheiten von R2, die für Herstellung von einer Mengeneinheit von E1 nötig sind.</p><p>{1:NUMERICAL:=136:0}</p><p>Bestimmen Sie die Anzahl der Mengeneinheiten von Z3, die für Herstellung von einer Mengeneinheit von E2 nötig sind.</p><p>{1:NUMERICAL:=3:0}</p>]]></text></questiontext></question></quiz>