<?xml version="1.0" encoding="UTF-8" standalone="yes"?>
<quiz><question type="category"><category><text>LineareAlgebra/Wirtschaft/Mehrstufige Produktionsprozesse/Produktionsmatrizen/allgemein</text></category><info format="html"><text /></info><idnumber /></question><question type="cloze"><name><text>01 </text></name><questiontext format="html"><text><![CDATA[Gegeben:</p> <p>\( ZE = \left(\begin{matrix}1&2\\2&3\\ \end{matrix}\right) \)\(;\quad\)\( RE = \left(\begin{matrix}10&16\\16&25\\11&18\\24&39\\ \end{matrix}\right) \)<p>Berechnen Sie \( RZ = \left(\begin{matrix}a&b\\c&d\\e&f\\g&h\\ \end{matrix}\right) \).</p><p>\( a= \){1:NUMERICAL:=2:0}\( b= \){1:NUMERICAL:=4:0}<br>\( c= \){1:NUMERICAL:=2:0}\( d= \){1:NUMERICAL:=7:0}<br>\( e= \){1:NUMERICAL:=3:0}\( f= \){1:NUMERICAL:=4:0}<br>\( g= \){1:NUMERICAL:=6:0}\( h= \){1:NUMERICAL:=9:0}<br></p>]]></text></questiontext></question><question type="cloze"><name><text>02 </text></name><questiontext format="html"><text><![CDATA[Gegeben:</p> <p>\( RZ = \left(\begin{matrix}2&5&7&8\\3&6&1&5\\ \end{matrix}\right) \)\(;\quad\)\( ZE = \left(\begin{matrix}6&2&4&9\\9&3&6&2\\5&3&8&3\\7&7&7&6\\ \end{matrix}\right) \)<p>Berechnen Sie \( RE = \left(\begin{matrix}a&b&c&d\\e&f&g&h\\ \end{matrix}\right) \).</p><p>\( a= \){1:NUMERICAL:=148:0}\( b= \){1:NUMERICAL:=96:0}\( c= \){1:NUMERICAL:=150:0}\( d= \){1:NUMERICAL:=97:0}<br>\( e= \){1:NUMERICAL:=112:0}\( f= \){1:NUMERICAL:=62:0}\( g= \){1:NUMERICAL:=91:0}\( h= \){1:NUMERICAL:=72:0}<br></p>]]></text></questiontext></question><question type="cloze"><name><text>03 </text></name><questiontext format="html"><text><![CDATA[Gegeben:</p> <p>\( RZ = \left(\begin{matrix}9&5&5\\3&2&8\\6&4&4\\ \end{matrix}\right) \)\(;\quad\)\( ZE = \left(\begin{matrix}7&7&5&5\\4&1&9&6\\2&2&9&8\\ \end{matrix}\right) \)<p>Berechnen Sie \( RE = \left(\begin{matrix}a&b&c&d\\e&f&g&h\\i&j&k&l\\ \end{matrix}\right) \).</p><p>\( a= \){1:NUMERICAL:=93:0}\( b= \){1:NUMERICAL:=78:0}\( c= \){1:NUMERICAL:=135:0}\( d= \){1:NUMERICAL:=115:0}<br>\( e= \){1:NUMERICAL:=45:0}\( f= \){1:NUMERICAL:=39:0}\( g= \){1:NUMERICAL:=105:0}\( h= \){1:NUMERICAL:=91:0}<br>\( i= \){1:NUMERICAL:=66:0}\( j= \){1:NUMERICAL:=54:0}\( k= \){1:NUMERICAL:=102:0}\( l= \){1:NUMERICAL:=86:0}<br></p>]]></text></questiontext></question><question type="cloze"><name><text>04 </text></name><questiontext format="html"><text><![CDATA[Gegeben:</p> <p>\( ZE = \left(\begin{matrix}2&8&15&2\\1&4&9&2\\2&9&19&4\\2&8&16&3\\ \end{matrix}\right) \)\(;\quad\)\( RE = \left(\begin{matrix}26&108&225&45\\27&112&228&42\\ \end{matrix}\right) \)<p>Berechnen Sie \( RZ = \left(\begin{matrix}a&b&c&d\\e&f&g&h\\ \end{matrix}\right) \).</p><p>\( a= \){1:NUMERICAL:=1:0}\( b= \){1:NUMERICAL:=6:0}\( c= \){1:NUMERICAL:=4:0}\( d= \){1:NUMERICAL:=5:0}<br>\( e= \){1:NUMERICAL:=5:0}\( f= \){1:NUMERICAL:=5:0}\( g= \){1:NUMERICAL:=4:0}\( h= \){1:NUMERICAL:=2:0}<br></p>]]></text></questiontext></question><question type="cloze"><name><text>05 </text></name><questiontext format="html"><text><![CDATA[Gegeben:</p> <p>\( ZE = \left(\begin{matrix}1&4&2&3\\1&2&1&2\\1&3&2&3\\3&13&6&10\\ \end{matrix}\right) \)\(;\quad\)\( RE = \left(\begin{matrix}34&126&64&103\\17&62&33&52\\28&106&55&87\\ \end{matrix}\right) \)<p>Berechnen Sie \( RZ = \left(\begin{matrix}a&b&c&d\\e&f&g&h\\i&j&k&l\\ \end{matrix}\right) \).</p><p>\( a= \){1:NUMERICAL:=8:0}\( b= \){1:NUMERICAL:=4:0}\( c= \){1:NUMERICAL:=7:0}\( d= \){1:NUMERICAL:=5:0}<br>\( e= \){1:NUMERICAL:=4:0}\( f= \){1:NUMERICAL:=1:0}\( g= \){1:NUMERICAL:=6:0}\( h= \){1:NUMERICAL:=2:0}<br>\( i= \){1:NUMERICAL:=7:0}\( j= \){1:NUMERICAL:=1:0}\( k= \){1:NUMERICAL:=8:0}\( l= \){1:NUMERICAL:=4:0}<br></p>]]></text></questiontext></question><question type="cloze"><name><text>06 </text></name><questiontext format="html"><text><![CDATA[Gegeben:</p> <p>\( ZE = \left(\begin{matrix}7&4\\2&1\\ \end{matrix}\right) \)\(;\quad\)\( RE = \left(\begin{matrix}13&7\\40&22\\68&38\\ \end{matrix}\right) \)<p>Berechnen Sie \( RZ = \left(\begin{matrix}a&b\\c&d\\e&f\\ \end{matrix}\right) \).</p><p>\( a= \){1:NUMERICAL:=1:0}\( b= \){1:NUMERICAL:=3:0}<br>\( c= \){1:NUMERICAL:=4:0}\( d= \){1:NUMERICAL:=6:0}<br>\( e= \){1:NUMERICAL:=8:0}\( f= \){1:NUMERICAL:=6:0}<br></p>]]></text></questiontext></question><question type="cloze"><name><text>07 </text></name><questiontext format="html"><text><![CDATA[Gegeben:</p> <p>\( RZ = \left(\begin{matrix}3&3&3&4\\1&1&1&1\\5&2&4&1\\5&4&5&5\\ \end{matrix}\right) \)\(;\quad\)\( RE = \left(\begin{matrix}76&50\\23&16\\73&49\\112&73\\ \end{matrix}\right) \)<p>Berechnen Sie \( ZE = \left(\begin{matrix}a&b\\c&d\\e&f\\g&h\\ \end{matrix}\right) \).</p><p>\( a= \){1:NUMERICAL:=8:0}\( b= \){1:NUMERICAL:=5:0}<br>\( c= \){1:NUMERICAL:=3:0}\( d= \){1:NUMERICAL:=7:0}<br>\( e= \){1:NUMERICAL:=5:0}\( f= \){1:NUMERICAL:=2:0}<br>\( g= \){1:NUMERICAL:=7:0}\( h= \){1:NUMERICAL:=2:0}<br></p>]]></text></questiontext></question><question type="cloze"><name><text>08 </text></name><questiontext format="html"><text><![CDATA[Gegeben:</p> <p>\( RZ = \left(\begin{matrix}9&1\\3&4\\ \end{matrix}\right) \)\(;\quad\)\( ZE = \left(\begin{matrix}8&8&8\\3&6&1\\ \end{matrix}\right) \)<p>Berechnen Sie \( RE = \left(\begin{matrix}a&b&c\\d&e&f\\ \end{matrix}\right) \).</p><p>\( a= \){1:NUMERICAL:=75:0}\( b= \){1:NUMERICAL:=78:0}\( c= \){1:NUMERICAL:=73:0}<br>\( d= \){1:NUMERICAL:=36:0}\( e= \){1:NUMERICAL:=48:0}\( f= \){1:NUMERICAL:=28:0}<br></p>]]></text></questiontext></question><question type="cloze"><name><text>09 </text></name><questiontext format="html"><text><![CDATA[Gegeben:</p> <p>\( RZ = \left(\begin{matrix}3&8&7&4\\7&4&3&9\\ \end{matrix}\right) \)\(;\quad\)\( ZE = \left(\begin{matrix}5&7&2\\2&8&2\\5&5&3\\1&7&7\\ \end{matrix}\right) \)<p>Berechnen Sie \( RE = \left(\begin{matrix}a&b&c\\d&e&f\\ \end{matrix}\right) \).</p><p>\( a= \){1:NUMERICAL:=70:0}\( b= \){1:NUMERICAL:=148:0}\( c= \){1:NUMERICAL:=71:0}<br>\( d= \){1:NUMERICAL:=67:0}\( e= \){1:NUMERICAL:=159:0}\( f= \){1:NUMERICAL:=94:0}<br></p>]]></text></questiontext></question><question type="cloze"><name><text>10 </text></name><questiontext format="html"><text><![CDATA[Gegeben:</p> <p>\( RZ = \left(\begin{matrix}7&7&4&8\\7&3&9&3\\ \end{matrix}\right) \)\(;\quad\)\( ZE = \left(\begin{matrix}2&6&1\\8&8&8\\7&1&8\\5&7&7\\ \end{matrix}\right) \)<p>Berechnen Sie \( RE = \left(\begin{matrix}a&b&c\\d&e&f\\ \end{matrix}\right) \).</p><p>\( a= \){1:NUMERICAL:=138:0}\( b= \){1:NUMERICAL:=158:0}\( c= \){1:NUMERICAL:=151:0}<br>\( d= \){1:NUMERICAL:=116:0}\( e= \){1:NUMERICAL:=96:0}\( f= \){1:NUMERICAL:=124:0}<br></p>]]></text></questiontext></question><question type="cloze"><name><text>11 </text></name><questiontext format="html"><text><![CDATA[Gegeben:</p> <p>\( ZE = \left(\begin{matrix}3&5\\2&3\\ \end{matrix}\right) \)\(;\quad\)\( RE = \left(\begin{matrix}37&60\\21&33\\43&69\\ \end{matrix}\right) \)<p>Berechnen Sie \( RZ = \left(\begin{matrix}a&b\\c&d\\e&f\\ \end{matrix}\right) \).</p><p>\( a= \){1:NUMERICAL:=9:0}\( b= \){1:NUMERICAL:=5:0}<br>\( c= \){1:NUMERICAL:=3:0}\( d= \){1:NUMERICAL:=6:0}<br>\( e= \){1:NUMERICAL:=9:0}\( f= \){1:NUMERICAL:=8:0}<br></p>]]></text></questiontext></question><question type="cloze"><name><text>12 </text></name><questiontext format="html"><text><![CDATA[Gegeben:</p> <p>\( RZ = \left(\begin{matrix}5&3&6&4\\7&8&7&1\\5&9&3&6\\ \end{matrix}\right) \)\(;\quad\)\( ZE = \left(\begin{matrix}9&6\\8&9\\9&9\\5&9\\ \end{matrix}\right) \)<p>Berechnen Sie \( RE = \left(\begin{matrix}a&b\\c&d\\e&f\\ \end{matrix}\right) \).</p><p>\( a= \){1:NUMERICAL:=143:0}\( b= \){1:NUMERICAL:=147:0}<br>\( c= \){1:NUMERICAL:=195:0}\( d= \){1:NUMERICAL:=186:0}<br>\( e= \){1:NUMERICAL:=174:0}\( f= \){1:NUMERICAL:=192:0}<br></p>]]></text></questiontext></question><question type="cloze"><name><text>13 </text></name><questiontext format="html"><text><![CDATA[Gegeben:</p> <p>\( ZE = \left(\begin{matrix}1&2&1&2\\4&12&5&13\\2&12&5&14\\1&5&2&6\\ \end{matrix}\right) \)\(;\quad\)\( RE = \left(\begin{matrix}41&178&74&203\\27&108&45&123\\28&97&41&108\\ \end{matrix}\right) \)<p>Berechnen Sie \( RZ = \left(\begin{matrix}a&b&c&d\\e&f&g&h\\i&j&k&l\\ \end{matrix}\right) \).</p><p>\( a= \){1:NUMERICAL:=1:0}\( b= \){1:NUMERICAL:=5:0}\( c= \){1:NUMERICAL:=8:0}\( d= \){1:NUMERICAL:=4:0}<br>\( e= \){1:NUMERICAL:=3:0}\( f= \){1:NUMERICAL:=3:0}\( g= \){1:NUMERICAL:=3:0}\( h= \){1:NUMERICAL:=6:0}<br>\( i= \){1:NUMERICAL:=5:0}\( j= \){1:NUMERICAL:=4:0}\( k= \){1:NUMERICAL:=2:0}\( l= \){1:NUMERICAL:=3:0}<br></p>]]></text></questiontext></question><question type="cloze"><name><text>14 </text></name><questiontext format="html"><text><![CDATA[Gegeben:</p> <p>\( RZ = \left(\begin{matrix}6&8\\6&1\\6&5\\ \end{matrix}\right) \)\(;\quad\)\( ZE = \left(\begin{matrix}4&9&9&7\\6&3&7&7\\ \end{matrix}\right) \)<p>Berechnen Sie \( RE = \left(\begin{matrix}a&b&c&d\\e&f&g&h\\i&j&k&l\\ \end{matrix}\right) \).</p><p>\( a= \){1:NUMERICAL:=72:0}\( b= \){1:NUMERICAL:=78:0}\( c= \){1:NUMERICAL:=110:0}\( d= \){1:NUMERICAL:=98:0}<br>\( e= \){1:NUMERICAL:=30:0}\( f= \){1:NUMERICAL:=57:0}\( g= \){1:NUMERICAL:=61:0}\( h= \){1:NUMERICAL:=49:0}<br>\( i= \){1:NUMERICAL:=54:0}\( j= \){1:NUMERICAL:=69:0}\( k= \){1:NUMERICAL:=89:0}\( l= \){1:NUMERICAL:=77:0}<br></p>]]></text></questiontext></question><question type="cloze"><name><text>15 </text></name><questiontext format="html"><text><![CDATA[Gegeben:</p> <p>\( ZE = \left(\begin{matrix}3&8\\2&5\\ \end{matrix}\right) \)\(;\quad\)\( RE = \left(\begin{matrix}31&82\\21&54\\33&87\\35&92\\ \end{matrix}\right) \)<p>Berechnen Sie \( RZ = \left(\begin{matrix}a&b\\c&d\\e&f\\g&h\\ \end{matrix}\right) \).</p><p>\( a= \){1:NUMERICAL:=9:0}\( b= \){1:NUMERICAL:=2:0}<br>\( c= \){1:NUMERICAL:=3:0}\( d= \){1:NUMERICAL:=6:0}<br>\( e= \){1:NUMERICAL:=9:0}\( f= \){1:NUMERICAL:=3:0}<br>\( g= \){1:NUMERICAL:=9:0}\( h= \){1:NUMERICAL:=4:0}<br></p>]]></text></questiontext></question><question type="cloze"><name><text>16 </text></name><questiontext format="html"><text><![CDATA[Gegeben:</p> <p>\( ZE = \left(\begin{matrix}4&5\\5&6\\ \end{matrix}\right) \)\(;\quad\)\( RE = \left(\begin{matrix}52&64\\38&47\\45&55\\31&38\\ \end{matrix}\right) \)<p>Berechnen Sie \( RZ = \left(\begin{matrix}a&b\\c&d\\e&f\\g&h\\ \end{matrix}\right) \).</p><p>\( a= \){1:NUMERICAL:=8:0}\( b= \){1:NUMERICAL:=4:0}<br>\( c= \){1:NUMERICAL:=7:0}\( d= \){1:NUMERICAL:=2:0}<br>\( e= \){1:NUMERICAL:=5:0}\( f= \){1:NUMERICAL:=5:0}<br>\( g= \){1:NUMERICAL:=4:0}\( h= \){1:NUMERICAL:=3:0}<br></p>]]></text></questiontext></question><question type="cloze"><name><text>17 </text></name><questiontext format="html"><text><![CDATA[Gegeben:</p> <p>\( ZE = \left(\begin{matrix}3&2\\10&7\\ \end{matrix}\right) \)\(;\quad\)\( RE = \left(\begin{matrix}32&22\\79&55\\ \end{matrix}\right) \)<p>Berechnen Sie \( RZ = \left(\begin{matrix}a&b\\c&d\\ \end{matrix}\right) \).</p><p>\( a= \){1:NUMERICAL:=4:0}\( b= \){1:NUMERICAL:=2:0}<br>\( c= \){1:NUMERICAL:=3:0}\( d= \){1:NUMERICAL:=7:0}<br></p>]]></text></questiontext></question><question type="cloze"><name><text>18 </text></name><questiontext format="html"><text><![CDATA[Gegeben:</p> <p>\( RZ = \left(\begin{matrix}5&3\\2&4\\5&5\\3&3\\ \end{matrix}\right) \)\(;\quad\)\( ZE = \left(\begin{matrix}7&9&4\\2&5&1\\ \end{matrix}\right) \)<p>Berechnen Sie \( RE = \left(\begin{matrix}a&b&c\\d&e&f\\g&h&i\\j&k&l\\ \end{matrix}\right) \).</p><p>\( a= \){1:NUMERICAL:=41:0}\( b= \){1:NUMERICAL:=60:0}\( c= \){1:NUMERICAL:=23:0}<br>\( d= \){1:NUMERICAL:=22:0}\( e= \){1:NUMERICAL:=38:0}\( f= \){1:NUMERICAL:=12:0}<br>\( g= \){1:NUMERICAL:=45:0}\( h= \){1:NUMERICAL:=70:0}\( i= \){1:NUMERICAL:=25:0}<br>\( j= \){1:NUMERICAL:=27:0}\( k= \){1:NUMERICAL:=42:0}\( l= \){1:NUMERICAL:=15:0}<br></p>]]></text></questiontext></question><question type="cloze"><name><text>19 </text></name><questiontext format="html"><text><![CDATA[Gegeben:</p> <p>\( RZ = \left(\begin{matrix}3&5\\11&18\\ \end{matrix}\right) \)\(;\quad\)\( RE = \left(\begin{matrix}56&34&56\\203&123&203\\ \end{matrix}\right) \)<p>Berechnen Sie \( ZE = \left(\begin{matrix}a&b&c\\d&e&f\\ \end{matrix}\right) \).</p><p>\( a= \){1:NUMERICAL:=7:0}\( b= \){1:NUMERICAL:=3:0}\( c= \){1:NUMERICAL:=7:0}<br>\( d= \){1:NUMERICAL:=7:0}\( e= \){1:NUMERICAL:=5:0}\( f= \){1:NUMERICAL:=7:0}<br></p>]]></text></questiontext></question><question type="cloze"><name><text>20 </text></name><questiontext format="html"><text><![CDATA[Gegeben:</p> <p>\( ZE = \left(\begin{matrix}9&4&2\\7&3&1\\5&2&1\\ \end{matrix}\right) \)\(;\quad\)\( RE = \left(\begin{matrix}150&65&28\\74&32&14\\ \end{matrix}\right) \)<p>Berechnen Sie \( RZ = \left(\begin{matrix}a&b&c\\d&e&f\\ \end{matrix}\right) \).</p><p>\( a= \){1:NUMERICAL:=8:0}\( b= \){1:NUMERICAL:=9:0}\( c= \){1:NUMERICAL:=3:0}<br>\( d= \){1:NUMERICAL:=4:0}\( e= \){1:NUMERICAL:=4:0}\( f= \){1:NUMERICAL:=2:0}<br></p>]]></text></questiontext></question></quiz>