<?xml version="1.0" encoding="UTF-8" standalone="yes"?>
<quiz><question type="category"><category><text>LineareAlgebra/Wirtschaft/Mehrstufige Produktionsprozesse/Mengenvektoren/var1</text></category><info format="html"><text /></info><idnumber /></question><question type="cloze"><name><text>01 </text></name><questiontext format="html"><text><![CDATA[Gegeben:</p> <p>\( RZ = \left(\begin{matrix}5&3\\6&5\\ \end{matrix}\right) \)\(;\quad\)\( ZE = \left(\begin{matrix}2&8\\3&8\\ \end{matrix}\right) \)<p>Die Zwischenprodukte \( \vec{z} = \left(\begin{matrix}1\\4\\ \end{matrix}\right) \) sollen produziert werden.<br>Bestimmen Sie die dafür benötigten Rohstoffe \( \vec{r} = \left(\begin{matrix}a\\b\\ \end{matrix}\right) \).</p><p>\( a= \){1:NUMERICAL:=17:0}<br>\( b= \){1:NUMERICAL:=26:0}<br></p>]]></text></questiontext></question><question type="cloze"><name><text>02 </text></name><questiontext format="html"><text><![CDATA[Gegeben:</p> <p>\( RZ = \left(\begin{matrix}8&6&9&2\\1&3&6&3\\ \end{matrix}\right) \)\(;\quad\)\( ZE = \left(\begin{matrix}7&3&2\\6&7&1\\2&6&8\\4&6&3\\ \end{matrix}\right) \)<p>Die Zwischenprodukte \( \vec{z} = \left(\begin{matrix}5\\6\\1\\1\\ \end{matrix}\right) \) sollen produziert werden.<br>Bestimmen Sie die dafür benötigten Rohstoffe \( \vec{r} = \left(\begin{matrix}a\\b\\ \end{matrix}\right) \).</p><p>\( a= \){1:NUMERICAL:=87:0}<br>\( b= \){1:NUMERICAL:=32:0}<br></p>]]></text></questiontext></question><question type="cloze"><name><text>03 </text></name><questiontext format="html"><text><![CDATA[Gegeben:</p> <p>\( RZ = \left(\begin{matrix}4&3&4\\9&9&2\\8&7&8\\ \end{matrix}\right) \)\(;\quad\)\( ZE = \left(\begin{matrix}5&7\\8&6\\7&3\\ \end{matrix}\right) \)<p>Die Zwischenprodukte \( \vec{z} = \left(\begin{matrix}1\\2\\6\\ \end{matrix}\right) \) sollen produziert werden.<br>Bestimmen Sie die dafür benötigten Rohstoffe \( \vec{r} = \left(\begin{matrix}a\\b\\c\\ \end{matrix}\right) \).</p><p>\( a= \){1:NUMERICAL:=34:0}<br>\( b= \){1:NUMERICAL:=39:0}<br>\( c= \){1:NUMERICAL:=70:0}<br></p>]]></text></questiontext></question><question type="cloze"><name><text>04 </text></name><questiontext format="html"><text><![CDATA[Gegeben:</p> <p>\( RZ = \left(\begin{matrix}2&5\\3&6\\6&1\\ \end{matrix}\right) \)\(;\quad\)\( ZE = \left(\begin{matrix}4&1\\2&8\\ \end{matrix}\right) \)<p>Die Zwischenprodukte \( \vec{z} = \left(\begin{matrix}4\\4\\ \end{matrix}\right) \) sollen produziert werden.<br>Bestimmen Sie die dafür benötigten Rohstoffe \( \vec{r} = \left(\begin{matrix}a\\b\\c\\ \end{matrix}\right) \).</p><p>\( a= \){1:NUMERICAL:=28:0}<br>\( b= \){1:NUMERICAL:=36:0}<br>\( c= \){1:NUMERICAL:=28:0}<br></p>]]></text></questiontext></question><question type="cloze"><name><text>05 </text></name><questiontext format="html"><text><![CDATA[Gegeben:</p> <p>\( RZ = \left(\begin{matrix}2&18&13&12\\1&7&5&4\\2&11&8&7\\2&14&10&9\\ \end{matrix}\right) \)\(;\quad\)\( RE = \left(\begin{matrix}186&206\\69&75\\115&127\\144&159\\ \end{matrix}\right) \)<p>Die Endprodukte \( \vec{m} = \left(\begin{matrix}3\\2\\ \end{matrix}\right) \) sollen produziert werden.<br>Bestimmen Sie die dafür benötigten Zwischenprdukte \( \vec{z} = \left(\begin{matrix}a\\b\\c\\d\\ \end{matrix}\right) \).</p><p>\( a= \){1:NUMERICAL:=22:0}<br>\( b= \){1:NUMERICAL:=13:0}<br>\( c= \){1:NUMERICAL:=20:0}<br>\( d= \){1:NUMERICAL:=36:0}<br></p>]]></text></questiontext></question><question type="cloze"><name><text>06 </text></name><questiontext format="html"><text><![CDATA[Gegeben:</p> <p>\( RZ = \left(\begin{matrix}6&5\\3&7\\5&4\\3&7\\ \end{matrix}\right) \)\(;\quad\)\( RE = \left(\begin{matrix}69&33&70\\48&30&71\\57&27&57\\48&30&71\\ \end{matrix}\right) \)<p>Die Zwischenprodukte \( \vec{z} = \left(\begin{matrix}6\\4\\ \end{matrix}\right) \) sollen produziert werden.<br>Bestimmen Sie die dafür benötigten Rohstoffe \( \vec{r} = \left(\begin{matrix}a\\b\\c\\d\\ \end{matrix}\right) \).</p><p>\( a= \){1:NUMERICAL:=56:0}<br>\( b= \){1:NUMERICAL:=46:0}<br>\( c= \){1:NUMERICAL:=46:0}<br>\( d= \){1:NUMERICAL:=46:0}<br></p>]]></text></questiontext></question><question type="cloze"><name><text>07 </text></name><questiontext format="html"><text><![CDATA[Gegeben:</p> <p>\( RZ = \left(\begin{matrix}4&4&5&2\\2&2&7&5\\5&2&2&7\\9&3&8&6\\ \end{matrix}\right) \)\(;\quad\)\( ZE = \left(\begin{matrix}4&4&7&6\\8&7&5&4\\8&7&9&1\\2&5&1&6\\ \end{matrix}\right) \)<p>Die Endprodukte \( \vec{m} = \left(\begin{matrix}2\\8\\9\\5\\ \end{matrix}\right) \) sollen produziert werden.<br>Bestimmen Sie die dafür benötigten Zwischenprdukte \( \vec{z} = \left(\begin{matrix}a\\b\\c\\d\\ \end{matrix}\right) \).</p><p>\( a= \){1:NUMERICAL:=133:0}<br>\( b= \){1:NUMERICAL:=137:0}<br>\( c= \){1:NUMERICAL:=158:0}<br>\( d= \){1:NUMERICAL:=83:0}<br></p>]]></text></questiontext></question><question type="cloze"><name><text>08 </text></name><questiontext format="html"><text><![CDATA[Gegeben:</p> <p>\( RZ = \left(\begin{matrix}4&6\\6&5\\7&5\\ \end{matrix}\right) \)\(;\quad\)\( ZE = \left(\begin{matrix}4&4&3\\4&4&4\\ \end{matrix}\right) \)<p>Die Zwischenprodukte \( \vec{z} = \left(\begin{matrix}3\\7\\ \end{matrix}\right) \) sollen produziert werden.<br>Bestimmen Sie die dafür benötigten Rohstoffe \( \vec{r} = \left(\begin{matrix}a\\b\\c\\ \end{matrix}\right) \).</p><p>\( a= \){1:NUMERICAL:=54:0}<br>\( b= \){1:NUMERICAL:=53:0}<br>\( c= \){1:NUMERICAL:=56:0}<br></p>]]></text></questiontext></question><question type="cloze"><name><text>09 </text></name><questiontext format="html"><text><![CDATA[Gegeben:</p> <p>\( ZE = \left(\begin{matrix}7&2&3&9\\6&5&6&2\\2&5&9&7\\7&4&3&2\\ \end{matrix}\right) \)\(;\quad\)\( RE = \left(\begin{matrix}154&105&132&133\\66&67&99&79\\172&106&129&134\\ \end{matrix}\right) \)<p>Die Endprodukte \( \vec{m} = \left(\begin{matrix}9\\6\\2\\6\\ \end{matrix}\right) \) sollen produziert werden.<br>Bestimmen Sie die dafür benötigten Zwischenprdukte \( \vec{z} = \left(\begin{matrix}a\\b\\c\\d\\ \end{matrix}\right) \).</p><p>\( a= \){1:NUMERICAL:=135:0}<br>\( b= \){1:NUMERICAL:=108:0}<br>\( c= \){1:NUMERICAL:=108:0}<br>\( d= \){1:NUMERICAL:=105:0}<br></p>]]></text></questiontext></question><question type="cloze"><name><text>10 </text></name><questiontext format="html"><text><![CDATA[Gegeben:</p> <p>\( RZ = \left(\begin{matrix}6&2&3&3\\4&1&2&2\\5&2&2&2\\6&2&2&3\\ \end{matrix}\right) \)\(;\quad\)\( RE = \left(\begin{matrix}92&86&93&69\\61&55&61&43\\69&70&73&56\\83&80&86&62\\ \end{matrix}\right) \)<p>Die Endprodukte \( \vec{m} = \left(\begin{matrix}8\\7\\1\\5\\ \end{matrix}\right) \) sollen produziert werden.<br>Bestimmen Sie die dafür benötigten Zwischenprdukte \( \vec{z} = \left(\begin{matrix}a\\b\\c\\d\\ \end{matrix}\right) \).</p><p>\( a= \){1:NUMERICAL:=141:0}<br>\( b= \){1:NUMERICAL:=105:0}<br>\( c= \){1:NUMERICAL:=156:0}<br>\( d= \){1:NUMERICAL:=84:0}<br></p>]]></text></questiontext></question><question type="cloze"><name><text>11 </text></name><questiontext format="html"><text><![CDATA[Gegeben:</p> <p>\( RZ = \left(\begin{matrix}1&1&4\\4&6&6\\6&5&6\\ \end{matrix}\right) \)\(;\quad\)\( RE = \left(\begin{matrix}20&20&46\\42&70&122\\47&79&123\\ \end{matrix}\right) \)<p>Die Zwischenprodukte \( \vec{z} = \left(\begin{matrix}5\\9\\4\\ \end{matrix}\right) \) sollen produziert werden.<br>Bestimmen Sie die dafür benötigten Rohstoffe \( \vec{r} = \left(\begin{matrix}a\\b\\c\\ \end{matrix}\right) \).</p><p>\( a= \){1:NUMERICAL:=30:0}<br>\( b= \){1:NUMERICAL:=98:0}<br>\( c= \){1:NUMERICAL:=99:0}<br></p>]]></text></questiontext></question><question type="cloze"><name><text>12 </text></name><questiontext format="html"><text><![CDATA[Gegeben:</p> <p>\( RZ = \left(\begin{matrix}1&3&4&4\\1&5&9&8\\2&5&3&8\\ \end{matrix}\right) \)\(;\quad\)\( ZE = \left(\begin{matrix}9&7&9\\9&5&1\\5&3&4\\5&3&8\\ \end{matrix}\right) \)<p>Die Zwischenprodukte \( \vec{z} = \left(\begin{matrix}4\\1\\8\\6\\ \end{matrix}\right) \) sollen produziert werden.<br>Bestimmen Sie die dafür benötigten Rohstoffe \( \vec{r} = \left(\begin{matrix}a\\b\\c\\ \end{matrix}\right) \).</p><p>\( a= \){1:NUMERICAL:=63:0}<br>\( b= \){1:NUMERICAL:=129:0}<br>\( c= \){1:NUMERICAL:=85:0}<br></p>]]></text></questiontext></question><question type="cloze"><name><text>13 </text></name><questiontext format="html"><text><![CDATA[Gegeben:</p> <p>\( RZ = \left(\begin{matrix}6&7&8&1\\8&7&1&5\\5&1&3&1\\ \end{matrix}\right) \)\(;\quad\)\( RE = \left(\begin{matrix}144&140&149\\119&121&161\\61&55&67\\ \end{matrix}\right) \)<p>Die Zwischenprodukte \( \vec{z} = \left(\begin{matrix}4\\9\\7\\7\\ \end{matrix}\right) \) sollen produziert werden.<br>Bestimmen Sie die dafür benötigten Rohstoffe \( \vec{r} = \left(\begin{matrix}a\\b\\c\\ \end{matrix}\right) \).</p><p>\( a= \){1:NUMERICAL:=150:0}<br>\( b= \){1:NUMERICAL:=137:0}<br>\( c= \){1:NUMERICAL:=57:0}<br></p>]]></text></questiontext></question><question type="cloze"><name><text>14 </text></name><questiontext format="html"><text><![CDATA[Gegeben:</p> <p>\( RZ = \left(\begin{matrix}3&8\\8&6\\3&8\\7&6\\ \end{matrix}\right) \)\(;\quad\)\( RE = \left(\begin{matrix}64&71\\94&82\\64&71\\86&77\\ \end{matrix}\right) \)<p>Die Endprodukte \( \vec{m} = \left(\begin{matrix}7\\3\\ \end{matrix}\right) \) sollen produziert werden.<br>Bestimmen Sie die dafür benötigten Rohstoffe \( \vec{r} = \left(\begin{matrix}a\\b\\c\\d\\ \end{matrix}\right) \).</p><p>\( a= \){1:NUMERICAL:=661:0}<br>\( b= \){1:NUMERICAL:=904:0}<br>\( c= \){1:NUMERICAL:=661:0}<br>\( d= \){1:NUMERICAL:=833:0}<br></p>]]></text></questiontext></question><question type="cloze"><name><text>15 </text></name><questiontext format="html"><text><![CDATA[Gegeben:</p> <p>\( RZ = \left(\begin{matrix}1&2&5&9\\9&6&1&7\\6&1&1&9\\8&2&1&1\\ \end{matrix}\right) \)\(;\quad\)\( RE = \left(\begin{matrix}59&54&48\\135&90&66\\82&52&55\\90&50&40\\ \end{matrix}\right) \)<p>Die Endprodukte \( \vec{m} = \left(\begin{matrix}6\\5\\9\\ \end{matrix}\right) \) sollen produziert werden.<br>Bestimmen Sie die dafür benötigten Rohstoffe \( \vec{r} = \left(\begin{matrix}a\\b\\c\\d\\ \end{matrix}\right) \).</p><p>\( a= \){1:NUMERICAL:=1056:0}<br>\( b= \){1:NUMERICAL:=1854:0}<br>\( c= \){1:NUMERICAL:=1247:0}<br>\( d= \){1:NUMERICAL:=1150:0}<br></p>]]></text></questiontext></question><question type="cloze"><name><text>16 </text></name><questiontext format="html"><text><![CDATA[Gegeben:</p> <p>\( ZE = \left(\begin{matrix}1&2&3\\8&3&4\\7&5&3\\7&3&6\\ \end{matrix}\right) \)\(;\quad\)\( RE = \left(\begin{matrix}146&73&96\\148&88&102\\ \end{matrix}\right) \)<p>Die Endprodukte \( \vec{m} = \left(\begin{matrix}8\\2\\6\\ \end{matrix}\right) \) sollen produziert werden.<br>Bestimmen Sie die dafür benötigten Zwischenprdukte \( \vec{z} = \left(\begin{matrix}a\\b\\c\\d\\ \end{matrix}\right) \).</p><p>\( a= \){1:NUMERICAL:=30:0}<br>\( b= \){1:NUMERICAL:=94:0}<br>\( c= \){1:NUMERICAL:=84:0}<br>\( d= \){1:NUMERICAL:=98:0}<br></p>]]></text></questiontext></question><question type="cloze"><name><text>17 </text></name><questiontext format="html"><text><![CDATA[Gegeben:</p> <p>\( ZE = \left(\begin{matrix}9&8&4&3\\5&5&3&1\\6&6&3&2\\2&2&1&1\\ \end{matrix}\right) \)\(;\quad\)\( RE = \left(\begin{matrix}121&116&60&40\\159&150&78&50\\115&109&56&37\\ \end{matrix}\right) \)<p>Die Zwischenprodukte \( \vec{z} = \left(\begin{matrix}5\\2\\8\\5\\ \end{matrix}\right) \) sollen produziert werden.<br>Bestimmen Sie die dafür benötigten Rohstoffe \( \vec{r} = \left(\begin{matrix}a\\b\\c\\ \end{matrix}\right) \).</p><p>\( a= \){1:NUMERICAL:=124:0}<br>\( b= \){1:NUMERICAL:=128:0}<br>\( c= \){1:NUMERICAL:=102:0}<br></p>]]></text></questiontext></question><question type="cloze"><name><text>18 </text></name><questiontext format="html"><text><![CDATA[Gegeben:</p> <p>\( RZ = \left(\begin{matrix}1&2&5&5\\8&6&5&3\\3&8&2&4\\ \end{matrix}\right) \)\(;\quad\)\( ZE = \left(\begin{matrix}4&1\\5&7\\5&1\\8&9\\ \end{matrix}\right) \)<p>Die Zwischenprodukte \( \vec{z} = \left(\begin{matrix}7\\6\\2\\3\\ \end{matrix}\right) \) sollen produziert werden.<br>Bestimmen Sie die dafür benötigten Rohstoffe \( \vec{r} = \left(\begin{matrix}a\\b\\c\\ \end{matrix}\right) \).</p><p>\( a= \){1:NUMERICAL:=44:0}<br>\( b= \){1:NUMERICAL:=111:0}<br>\( c= \){1:NUMERICAL:=85:0}<br></p>]]></text></questiontext></question><question type="cloze"><name><text>19 </text></name><questiontext format="html"><text><![CDATA[Gegeben:</p> <p>\( ZE = \left(\begin{matrix}3&3\\3&7\\9&3\\ \end{matrix}\right) \)\(;\quad\)\( RE = \left(\begin{matrix}102&62\\45&45\\117&75\\99&79\\ \end{matrix}\right) \)<p>Die Endprodukte \( \vec{m} = \left(\begin{matrix}9\\9\\ \end{matrix}\right) \) sollen produziert werden.<br>Bestimmen Sie die dafür benötigten Rohstoffe \( \vec{r} = \left(\begin{matrix}a\\b\\c\\d\\ \end{matrix}\right) \).</p><p>\( a= \){1:NUMERICAL:=1476:0}<br>\( b= \){1:NUMERICAL:=810:0}<br>\( c= \){1:NUMERICAL:=1728:0}<br>\( d= \){1:NUMERICAL:=1602:0}<br></p>]]></text></questiontext></question><question type="cloze"><name><text>20 </text></name><questiontext format="html"><text><![CDATA[Gegeben:</p> <p>\( ZE = \left(\begin{matrix}1&2&1\\3&9&5\\4&10&5\\ \end{matrix}\right) \)\(;\quad\)\( RE = \left(\begin{matrix}34&94&51\\23&63&34\\32&87&47\\ \end{matrix}\right) \)<p>Die Zwischenprodukte \( \vec{z} = \left(\begin{matrix}8\\3\\2\\ \end{matrix}\right) \) sollen produziert werden.<br>Bestimmen Sie die dafür benötigten Rohstoffe \( \vec{r} = \left(\begin{matrix}a\\b\\c\\ \end{matrix}\right) \).</p><p>\( a= \){1:NUMERICAL:=74:0}<br>\( b= \){1:NUMERICAL:=49:0}<br>\( c= \){1:NUMERICAL:=79:0}<br></p>]]></text></questiontext></question></quiz>