<?xml version="1.0" encoding="UTF-8" standalone="yes"?>
<quiz><question type="category"><category><text>LineareAlgebra/Wirtschaft/Mehrstufige Produktionsprozesse/Mengenvektoren/var2</text></category><info format="html"><text /></info><idnumber /></question><question type="cloze"><name><text>01 </text></name><questiontext format="html"><text><![CDATA[Gegeben:</p> <p>\( RZ = \left(\begin{matrix}14&6&3\\2&1&1\\7&3&2\\ \end{matrix}\right) \)\(;\quad\)\( ZE = \left(\begin{matrix}3&7&3\\9&7&6\\4&8&7\\ \end{matrix}\right) \)<p>Die Rohstoffe \( \vec{r} = \left(\begin{matrix}72\\15\\40\\ \end{matrix}\right) \) sollen vollständig zu Zwischenprodukten verarbeitet werden.<br>Bestimmen Sie die zu produzierenden Zwischenprodukte \( \vec{z} = \left(\begin{matrix}a\\b\\c\\ \end{matrix}\right) \).</p><p>\( a= \){1:NUMERICAL:=3:0}<br>\( b= \){1:NUMERICAL:=1:0}<br>\( c= \){1:NUMERICAL:=8:0}<br></p>]]></text></questiontext></question><question type="cloze"><name><text>02 </text></name><questiontext format="html"><text><![CDATA[Gegeben:</p> <p>\( RZ = \left(\begin{matrix}4&14&17\\2&7&8\\1&4&4\\ \end{matrix}\right) \)\(;\quad\)\( ZE = \left(\begin{matrix}5&2&2\\9&7&8\\2&1&1\\ \end{matrix}\right) \)<p>Die Rohstoffe \( \vec{r} = \left(\begin{matrix}3071\\1521\\843\\ \end{matrix}\right) \) sollen vollständig zu Endprodukten verarbeitet werden.<br>Bestimmen Sie die zu produzierenden Endprodukte \( \vec{m} = \left(\begin{matrix}a\\b\\c\\ \end{matrix}\right) \).</p><p>\( a= \){1:NUMERICAL:=9:0}<br>\( b= \){1:NUMERICAL:=4:0}<br>\( c= \){1:NUMERICAL:=7:0}<br></p>]]></text></questiontext></question><question type="cloze"><name><text>03 </text></name><questiontext format="html"><text><![CDATA[Gegeben:</p> <p>\( ZE = \left(\begin{matrix}7&1&4&4\\10&1&6&5\\9&1&4&5\\11&2&7&7\\ \end{matrix}\right) \)\(;\quad\)\( RE = \left(\begin{matrix}64&9&36&37\\71&10&40&41\\169&24&95&98\\116&17&66&68\\ \end{matrix}\right) \)<p>Die Rohstoffe \( \vec{r} = \left(\begin{matrix}531\\589\\1404\\970\\ \end{matrix}\right) \) sollen vollständig zu Endprodukten verarbeitet werden.<br>Bestimmen Sie die zu produzierenden Endprodukte \( \vec{m} = \left(\begin{matrix}a\\b\\c\\d\\ \end{matrix}\right) \).</p><p>\( a= \){1:NUMERICAL:=4:0}<br>\( b= \){1:NUMERICAL:=2:0}<br>\( c= \){1:NUMERICAL:=2:0}<br>\( d= \){1:NUMERICAL:=5:0}<br></p>]]></text></questiontext></question><question type="cloze"><name><text>04 </text></name><questiontext format="html"><text><![CDATA[Gegeben:</p> <p>\( RZ = \left(\begin{matrix}13&3&14\\2&1&3\\7&2&8\\ \end{matrix}\right) \)\(;\quad\)\( RE = \left(\begin{matrix}118&381&101\\24&77&20\\67&216&57\\ \end{matrix}\right) \)<p>Die Rohstoffe \( \vec{r} = \left(\begin{matrix}4402\\887\\2494\\ \end{matrix}\right) \) sollen vollständig zu Endprodukten verarbeitet werden.<br>Bestimmen Sie die zu produzierenden Endprodukte \( \vec{m} = \left(\begin{matrix}a\\b\\c\\ \end{matrix}\right) \).</p><p>\( a= \){1:NUMERICAL:=7:0}<br>\( b= \){1:NUMERICAL:=7:0}<br>\( c= \){1:NUMERICAL:=9:0}<br></p>]]></text></questiontext></question><question type="cloze"><name><text>05 </text></name><questiontext format="html"><text><![CDATA[Gegeben:</p> <p>\( RZ = \left(\begin{matrix}5&4&2\\2&3&2\\3&2&1\\ \end{matrix}\right) \)\(;\quad\)\( RE = \left(\begin{matrix}59&33&42\\47&20&22\\30&18&24\\ \end{matrix}\right) \)<p>Die Rohstoffe \( \vec{r} = \left(\begin{matrix}28\\15\\16\\ \end{matrix}\right) \) sollen vollständig zu Zwischenprodukten verarbeitet werden.<br>Bestimmen Sie die zu produzierenden Zwischenprodukte \( \vec{z} = \left(\begin{matrix}a\\b\\c\\ \end{matrix}\right) \).</p><p>\( a= \){1:NUMERICAL:=4:0}<br>\( b= \){1:NUMERICAL:=1:0}<br>\( c= \){1:NUMERICAL:=2:0}<br></p>]]></text></questiontext></question><question type="cloze"><name><text>06 </text></name><questiontext format="html"><text><![CDATA[Gegeben:</p> <p>\( RZ = \left(\begin{matrix}9&9&14&2\\1&2&1&1\\5&5&8&1\\5&6&8&1\\ \end{matrix}\right) \)\(;\quad\)\( RE = \left(\begin{matrix}70&140&95&368\\11&22&15&58\\39&78&53&205\\42&83&57&219\\ \end{matrix}\right) \)<p>Die Zwischenprodukte \( \vec{z} = \left(\begin{matrix}74\\75\\34\\41\\ \end{matrix}\right) \) sollen vollständig zu Endprodukten verarbeitet werden.<br>Bestimmen Sie die zu produzierenden Endprodukte \( \vec{m} = \left(\begin{matrix}a\\b\\c\\d\\ \end{matrix}\right) \).</p><p>\( a= \){1:NUMERICAL:=8:0}<br>\( b= \){1:NUMERICAL:=1:0}<br>\( c= \){1:NUMERICAL:=1:0}<br>\( d= \){1:NUMERICAL:=3:0}<br></p>]]></text></questiontext></question><question type="cloze"><name><text>07 </text></name><questiontext format="html"><text><![CDATA[Gegeben:</p> <p>\( ZE = \left(\begin{matrix}2&3&2\\3&4&2\\7&10&7\\ \end{matrix}\right) \)\(;\quad\)\( RE = \left(\begin{matrix}41&58&37\\61&86&54\\53&75&48\\ \end{matrix}\right) \)<p>Die Rohstoffe \( \vec{r} = \left(\begin{matrix}53\\81\\68\\ \end{matrix}\right) \) sollen vollständig zu Zwischenprodukten verarbeitet werden.<br>Bestimmen Sie die zu produzierenden Zwischenprodukte \( \vec{z} = \left(\begin{matrix}a\\b\\c\\ \end{matrix}\right) \).</p><p>\( a= \){1:NUMERICAL:=3:0}<br>\( b= \){1:NUMERICAL:=5:0}<br>\( c= \){1:NUMERICAL:=7:0}<br></p>]]></text></questiontext></question><question type="cloze"><name><text>08 </text></name><questiontext format="html"><text><![CDATA[Gegeben:</p> <p>\( ZE = \left(\begin{matrix}9&7\\4&3\\ \end{matrix}\right) \)\(;\quad\)\( RE = \left(\begin{matrix}79&61\\57&44\\ \end{matrix}\right) \)<p>Die Rohstoffe \( \vec{r} = \left(\begin{matrix}55\\40\\ \end{matrix}\right) \) sollen vollständig zu Zwischenprodukten verarbeitet werden.<br>Bestimmen Sie die zu produzierenden Zwischenprodukte \( \vec{z} = \left(\begin{matrix}a\\b\\ \end{matrix}\right) \).</p><p>\( a= \){1:NUMERICAL:=5:0}<br>\( b= \){1:NUMERICAL:=5:0}<br></p>]]></text></questiontext></question><question type="cloze"><name><text>09 </text></name><questiontext format="html"><text><![CDATA[Gegeben:</p> <p>\( RZ = \left(\begin{matrix}3&2&6&5\\1&1&2&2\\2&1&4&2\\3&2&5&4\\ \end{matrix}\right) \)\(;\quad\)\( ZE = \left(\begin{matrix}7&4&8\\1&4&5\\2&1&4\\5&1&8\\ \end{matrix}\right) \)<p>Die Rohstoffe \( \vec{r} = \left(\begin{matrix}114\\42\\66\\100\\ \end{matrix}\right) \) sollen vollständig zu Zwischenprodukten verarbeitet werden.<br>Bestimmen Sie die zu produzierenden Zwischenprodukte \( \vec{z} = \left(\begin{matrix}a\\b\\c\\d\\ \end{matrix}\right) \).</p><p>\( a= \){1:NUMERICAL:=8:0}<br>\( b= \){1:NUMERICAL:=6:0}<br>\( c= \){1:NUMERICAL:=8:0}<br>\( d= \){1:NUMERICAL:=6:0}<br></p>]]></text></questiontext></question><question type="cloze"><name><text>10 </text></name><questiontext format="html"><text><![CDATA[Gegeben:</p> <p>\( ZE = \left(\begin{matrix}4&1&3&4\\8&1&4&9\\7&1&5&7\\6&1&3&7\\ \end{matrix}\right) \)\(;\quad\)\( RE = \left(\begin{matrix}220&36&144&229\\92&15&60&96\\85&14&55&89\\269&44&176&280\\ \end{matrix}\right) \)<p>Die Rohstoffe \( \vec{r} = \left(\begin{matrix}158\\67\\63\\193\\ \end{matrix}\right) \) sollen vollständig zu Zwischenprodukten verarbeitet werden.<br>Bestimmen Sie die zu produzierenden Zwischenprodukte \( \vec{z} = \left(\begin{matrix}a\\b\\c\\d\\ \end{matrix}\right) \).</p><p>\( a= \){1:NUMERICAL:=3:0}<br>\( b= \){1:NUMERICAL:=7:0}<br>\( c= \){1:NUMERICAL:=4:0}<br>\( d= \){1:NUMERICAL:=7:0}<br></p>]]></text></questiontext></question><question type="cloze"><name><text>11 </text></name><questiontext format="html"><text><![CDATA[Gegeben:</p> <p>\( RZ = \left(\begin{matrix}13&8\\5&3\\ \end{matrix}\right) \)\(;\quad\)\( RE = \left(\begin{matrix}55&34\\21&13\\ \end{matrix}\right) \)<p>Die Rohstoffe \( \vec{r} = \left(\begin{matrix}529\\202\\ \end{matrix}\right) \) sollen vollständig zu Endprodukten verarbeitet werden.<br>Bestimmen Sie die zu produzierenden Endprodukte \( \vec{m} = \left(\begin{matrix}a\\b\\ \end{matrix}\right) \).</p><p>\( a= \){1:NUMERICAL:=9:0}<br>\( b= \){1:NUMERICAL:=1:0}<br></p>]]></text></questiontext></question><question type="cloze"><name><text>12 </text></name><questiontext format="html"><text><![CDATA[Gegeben:</p> <p>\( RZ = \left(\begin{matrix}9&3&9\\1&3&9\\3&6&8\\ \end{matrix}\right) \)\(;\quad\)\( ZE = \left(\begin{matrix}2&1&3\\5&1&4\\5&2&6\\ \end{matrix}\right) \)<p>Die Zwischenprodukte \( \vec{z} = \left(\begin{matrix}42\\66\\89\\ \end{matrix}\right) \) sollen vollständig zu Endprodukten verarbeitet werden.<br>Bestimmen Sie die zu produzierenden Endprodukte \( \vec{m} = \left(\begin{matrix}a\\b\\c\\ \end{matrix}\right) \).</p><p>\( a= \){1:NUMERICAL:=5:0}<br>\( b= \){1:NUMERICAL:=5:0}<br>\( c= \){1:NUMERICAL:=9:0}<br></p>]]></text></questiontext></question><question type="cloze"><name><text>13 </text></name><questiontext format="html"><text><![CDATA[Gegeben:</p> <p>\( ZE = \left(\begin{matrix}13&16\\9&11\\ \end{matrix}\right) \)\(;\quad\)\( RE = \left(\begin{matrix}80&98\\149&183\\111&136\\ \end{matrix}\right) \)<p>Die Zwischenprodukte \( \vec{z} = \left(\begin{matrix}110\\76\\ \end{matrix}\right) \) sollen vollständig zu Endprodukten verarbeitet werden.<br>Bestimmen Sie die zu produzierenden Endprodukte \( \vec{m} = \left(\begin{matrix}a\\b\\ \end{matrix}\right) \).</p><p>\( a= \){1:NUMERICAL:=6:0}<br>\( b= \){1:NUMERICAL:=2:0}<br></p>]]></text></questiontext></question><question type="cloze"><name><text>14 </text></name><questiontext format="html"><text><![CDATA[Gegeben:</p> <p>\( ZE = \left(\begin{matrix}10&6&9\\3&2&3\\5&3&4\\ \end{matrix}\right) \)\(;\quad\)\( RE = \left(\begin{matrix}114&70&101\\249&153&221\\70&43&62\\ \end{matrix}\right) \)<p>Die Rohstoffe \( \vec{r} = \left(\begin{matrix}92\\200\\57\\ \end{matrix}\right) \) sollen vollständig zu Zwischenprodukten verarbeitet werden.<br>Bestimmen Sie die zu produzierenden Zwischenprodukte \( \vec{z} = \left(\begin{matrix}a\\b\\c\\ \end{matrix}\right) \).</p><p>\( a= \){1:NUMERICAL:=4:0}<br>\( b= \){1:NUMERICAL:=3:0}<br>\( c= \){1:NUMERICAL:=6:0}<br></p>]]></text></questiontext></question><question type="cloze"><name><text>15 </text></name><questiontext format="html"><text><![CDATA[Gegeben:</p> <p>\( RZ = \left(\begin{matrix}2&5&2\\5&12&6\\2&4&3\\ \end{matrix}\right) \)\(;\quad\)\( RE = \left(\begin{matrix}20&31&25\\51&79&63\\20&31&24\\ \end{matrix}\right) \)<p>Die Rohstoffe \( \vec{r} = \left(\begin{matrix}354\\901\\352\\ \end{matrix}\right) \) sollen vollständig zu Endprodukten verarbeitet werden.<br>Bestimmen Sie die zu produzierenden Endprodukte \( \vec{m} = \left(\begin{matrix}a\\b\\c\\ \end{matrix}\right) \).</p><p>\( a= \){1:NUMERICAL:=9:0}<br>\( b= \){1:NUMERICAL:=4:0}<br>\( c= \){1:NUMERICAL:=2:0}<br></p>]]></text></questiontext></question><question type="cloze"><name><text>16 </text></name><questiontext format="html"><text><![CDATA[Gegeben:</p> <p>\( ZE = \left(\begin{matrix}8&3&3&3\\6&3&2&2\\4&2&1&2\\9&4&3&4\\ \end{matrix}\right) \)\(;\quad\)\( RE = \left(\begin{matrix}58&25&20&23\\49&22&16&21\\124&53&43&49\\85&38&28&36\\ \end{matrix}\right) \)<p>Die Rohstoffe \( \vec{r} = \left(\begin{matrix}346\\299\\739\\517\\ \end{matrix}\right) \) sollen vollständig zu Endprodukten verarbeitet werden.<br>Bestimmen Sie die zu produzierenden Endprodukte \( \vec{m} = \left(\begin{matrix}a\\b\\c\\d\\ \end{matrix}\right) \).</p><p>\( a= \){1:NUMERICAL:=1:0}<br>\( b= \){1:NUMERICAL:=2:0}<br>\( c= \){1:NUMERICAL:=5:0}<br>\( d= \){1:NUMERICAL:=6:0}<br></p>]]></text></questiontext></question><question type="cloze"><name><text>17 </text></name><questiontext format="html"><text><![CDATA[Gegeben:</p> <p>\( RZ = \left(\begin{matrix}7&11&6\\2&3&1\\3&5&3\\ \end{matrix}\right) \)\(;\quad\)\( RE = \left(\begin{matrix}55&156&145\\14&40&37\\25&71&66\\ \end{matrix}\right) \)<p>Die Zwischenprodukte \( \vec{z} = \left(\begin{matrix}119\\107\\84\\ \end{matrix}\right) \) sollen vollständig zu Endprodukten verarbeitet werden.<br>Bestimmen Sie die zu produzierenden Endprodukte \( \vec{m} = \left(\begin{matrix}a\\b\\c\\ \end{matrix}\right) \).</p><p>\( a= \){1:NUMERICAL:=7:0}<br>\( b= \){1:NUMERICAL:=9:0}<br>\( c= \){1:NUMERICAL:=5:0}<br></p>]]></text></questiontext></question><question type="cloze"><name><text>18 </text></name><questiontext format="html"><text><![CDATA[Gegeben:</p> <p>\( RZ = \left(\begin{matrix}7&3\\8&4\\7&2\\ \end{matrix}\right) \)\(;\quad\)\( ZE = \left(\begin{matrix}1&2\\2&3\\ \end{matrix}\right) \)<p>Die Zwischenprodukte \( \vec{z} = \left(\begin{matrix}14\\22\\ \end{matrix}\right) \) sollen vollständig zu Endprodukten verarbeitet werden.<br>Bestimmen Sie die zu produzierenden Endprodukte \( \vec{m} = \left(\begin{matrix}a\\b\\ \end{matrix}\right) \).</p><p>\( a= \){1:NUMERICAL:=2:0}<br>\( b= \){1:NUMERICAL:=6:0}<br></p>]]></text></questiontext></question><question type="cloze"><name><text>19 </text></name><questiontext format="html"><text><![CDATA[Gegeben:</p> <p>\( ZE = \left(\begin{matrix}1&2&1&2\\1&2&1&1\\6&19&18&12\\3&10&10&6\\ \end{matrix}\right) \)\(;\quad\)\( RE = \left(\begin{matrix}122&377&351&238\\115&356&332&225\\33&102&95&64\\66&204&190&129\\ \end{matrix}\right) \)<p>Die Rohstoffe \( \vec{r} = \left(\begin{matrix}5752\\5434\\1556\\3113\\ \end{matrix}\right) \) sollen vollständig zu Endprodukten verarbeitet werden.<br>Bestimmen Sie die zu produzierenden Endprodukte \( \vec{m} = \left(\begin{matrix}a\\b\\c\\d\\ \end{matrix}\right) \).</p><p>\( a= \){1:NUMERICAL:=3:0}<br>\( b= \){1:NUMERICAL:=9:0}<br>\( c= \){1:NUMERICAL:=5:0}<br>\( d= \){1:NUMERICAL:=1:0}<br></p>]]></text></questiontext></question><question type="cloze"><name><text>20 </text></name><questiontext format="html"><text><![CDATA[Gegeben:</p> <p>\( ZE = \left(\begin{matrix}5&7&4\\2&3&2\\4&5&3\\ \end{matrix}\right) \)\(;\quad\)\( RE = \left(\begin{matrix}29&39&23\\24&32&19\\81&108&64\\ \end{matrix}\right) \)<p>Die Rohstoffe \( \vec{r} = \left(\begin{matrix}721\\594\\2004\\ \end{matrix}\right) \) sollen vollständig zu Endprodukten verarbeitet werden.<br>Bestimmen Sie die zu produzierenden Endprodukte \( \vec{m} = \left(\begin{matrix}a\\b\\c\\ \end{matrix}\right) \).</p><p>\( a= \){1:NUMERICAL:=8:0}<br>\( b= \){1:NUMERICAL:=9:0}<br>\( c= \){1:NUMERICAL:=6:0}<br></p>]]></text></questiontext></question></quiz>