<?xml version="1.0" encoding="UTF-8" standalone="yes"?>
<quiz><question type="category"><category><text>Stochastik/Allgemein/Zufallsgrößen/Kennzahlen/BestimmungEX</text></category><info format="html"><text /></info><idnumber /></question><question type="cloze"><name><text>01 </text></name><questiontext format="html"><text><![CDATA[Die Tabelle zeigt die Wahrscheinlichkeitsverteilung einer Zufallsgröße X.<table class="TabelleEinleitung">    <tr>        <td>\( x \)</td>        <td>\( -3 \)</td>        <td>\( 0 \)</td>        <td>\( 1 \)</td>        <td>\( 3 \)</td>        <td>\( 6 \)</td>    </tr>    <tr>        <td>\( P \)</td>        <td>\( 0,13 \)</td>        <td>\( 0,18 \)</td>        <td>\( 0,32 \)</td>        <td>\( 0,21 \)</td>        <td>\( 0,16 \)</td>    </tr></table><p>Bestimmen Sie den Erwartungswert.</p><p>\( E(X)= \) {1:NUMERICAL:=1,52:0}</p>]]></text></questiontext></question><question type="cloze"><name><text>02 </text></name><questiontext format="html"><text><![CDATA[Die Tabelle zeigt die Wahrscheinlichkeitsverteilung einer Zufallsgröße X.<table class="TabelleEinleitung">    <tr>        <td>\( x \)</td>        <td>\( -3 \)</td>        <td>\( 0 \)</td>        <td>\( 2 \)</td>        <td>\( 4 \)</td>        <td>\( 6 \)</td>    </tr>    <tr>        <td>\( P \)</td>        <td>\( 0,05 \)</td>        <td>\( 0,06 \)</td>        <td>\( 0,09 \)</td>        <td>\( 0,4 \)</td>        <td>\( 0,4 \)</td>    </tr></table><p>Bestimmen Sie den Erwartungswert.</p><p>\( E(X)= \) {1:NUMERICAL:=4,03:0}</p>]]></text></questiontext></question><question type="cloze"><name><text>03 </text></name><questiontext format="html"><text><![CDATA[Die Tabelle zeigt die Wahrscheinlichkeitsverteilung einer Zufallsgröße X.<table class="TabelleEinleitung">    <tr>        <td>\( x \)</td>        <td>\( -5 \)</td>        <td>\( -4 \)</td>        <td>\( -1 \)</td>        <td>\( 0 \)</td>        <td>\( 1 \)</td>    </tr>    <tr>        <td>\( P \)</td>        <td>\( 0,26 \)</td>        <td>\( 0,07 \)</td>        <td>\( 0,29 \)</td>        <td>\( 0,15 \)</td>        <td>\( 0,23 \)</td>    </tr></table><p>Bestimmen Sie den Erwartungswert.</p><p>\( E(X)= \) {1:NUMERICAL:=-1,64:0}</p>]]></text></questiontext></question><question type="cloze"><name><text>04 </text></name><questiontext format="html"><text><![CDATA[Die Tabelle zeigt die Wahrscheinlichkeitsverteilung einer Zufallsgröße X.<table class="TabelleEinleitung">    <tr>        <td>\( x \)</td>        <td>\( -2 \)</td>        <td>\( -1 \)</td>        <td>\( 1 \)</td>        <td>\( 3 \)</td>        <td>\( 5 \)</td>    </tr>    <tr>        <td>\( P \)</td>        <td>\( 0,35 \)</td>        <td>\( 0,1 \)</td>        <td>\( 0,32 \)</td>        <td>\( 0,15 \)</td>        <td>\( 0,08 \)</td>    </tr></table><p>Bestimmen Sie den Erwartungswert.</p><p>\( E(X)= \) {1:NUMERICAL:=0,37:0}</p>]]></text></questiontext></question><question type="cloze"><name><text>05 </text></name><questiontext format="html"><text><![CDATA[Die Tabelle zeigt die Wahrscheinlichkeitsverteilung einer Zufallsgröße X.<table class="TabelleEinleitung">    <tr>        <td>\( x \)</td>        <td>\( -3 \)</td>        <td>\( 0 \)</td>        <td>\( 1 \)</td>        <td>\( 2 \)</td>        <td>\( 3 \)</td>    </tr>    <tr>        <td>\( P \)</td>        <td>\( 0,34 \)</td>        <td>\( 0,08 \)</td>        <td>\( 0,16 \)</td>        <td>\( 0,02 \)</td>        <td>\( 0,4 \)</td>    </tr></table><p>Bestimmen Sie den Erwartungswert.</p><p>\( E(X)= \) {1:NUMERICAL:=0,38:0}</p>]]></text></questiontext></question><question type="cloze"><name><text>06 </text></name><questiontext format="html"><text><![CDATA[Die Tabelle zeigt die Wahrscheinlichkeitsverteilung einer Zufallsgröße X.<table class="TabelleEinleitung">    <tr>        <td>\( x \)</td>        <td>\( -4 \)</td>        <td>\( -3 \)</td>        <td>\( -1 \)</td>        <td>\( 0 \)</td>        <td>\( 2 \)</td>    </tr>    <tr>        <td>\( P \)</td>        <td>\( 0,01 \)</td>        <td>\( 0,39 \)</td>        <td>\( 0,34 \)</td>        <td>\( 0,14 \)</td>        <td>\( 0,12 \)</td>    </tr></table><p>Bestimmen Sie den Erwartungswert.</p><p>\( E(X)= \) {1:NUMERICAL:=-1,31:0}</p>]]></text></questiontext></question><question type="cloze"><name><text>07 </text></name><questiontext format="html"><text><![CDATA[Die Tabelle zeigt die Wahrscheinlichkeitsverteilung einer Zufallsgröße X.<table class="TabelleEinleitung">    <tr>        <td>\( x \)</td>        <td>\( -2 \)</td>        <td>\( 0 \)</td>        <td>\( 2 \)</td>        <td>\( 3 \)</td>        <td>\( 6 \)</td>    </tr>    <tr>        <td>\( P \)</td>        <td>\( 0,03 \)</td>        <td>\( 0,24 \)</td>        <td>\( 0,3 \)</td>        <td>\( 0,28 \)</td>        <td>\( 0,15 \)</td>    </tr></table><p>Bestimmen Sie den Erwartungswert.</p><p>\( E(X)= \) {1:NUMERICAL:=2,28:0}</p>]]></text></questiontext></question><question type="cloze"><name><text>08 </text></name><questiontext format="html"><text><![CDATA[Die Tabelle zeigt die Wahrscheinlichkeitsverteilung einer Zufallsgröße X.<table class="TabelleEinleitung">    <tr>        <td>\( x \)</td>        <td>\( -3 \)</td>        <td>\( 0 \)</td>        <td>\( 1 \)</td>        <td>\( 3 \)</td>        <td>\( 4 \)</td>    </tr>    <tr>        <td>\( P \)</td>        <td>\( 0,21 \)</td>        <td>\( 0,16 \)</td>        <td>\( 0,2 \)</td>        <td>\( 0,2 \)</td>        <td>\( 0,23 \)</td>    </tr></table><p>Bestimmen Sie den Erwartungswert.</p><p>\( E(X)= \) {1:NUMERICAL:=1,09:0}</p>]]></text></questiontext></question><question type="cloze"><name><text>09 </text></name><questiontext format="html"><text><![CDATA[Die Tabelle zeigt die Wahrscheinlichkeitsverteilung einer Zufallsgröße X.<table class="TabelleEinleitung">    <tr>        <td>\( x \)</td>        <td>\( -4 \)</td>        <td>\( -1 \)</td>        <td>\( 0 \)</td>        <td>\( 2 \)</td>        <td>\( 4 \)</td>    </tr>    <tr>        <td>\( P \)</td>        <td>\( 0,34 \)</td>        <td>\( 0,15 \)</td>        <td>\( 0,11 \)</td>        <td>\( 0,39 \)</td>        <td>\( 0,01 \)</td>    </tr></table><p>Bestimmen Sie den Erwartungswert.</p><p>\( E(X)= \) {1:NUMERICAL:=-0,69:0}</p>]]></text></questiontext></question><question type="cloze"><name><text>10 </text></name><questiontext format="html"><text><![CDATA[Die Tabelle zeigt die Wahrscheinlichkeitsverteilung einer Zufallsgröße X.<table class="TabelleEinleitung">    <tr>        <td>\( x \)</td>        <td>\( -4 \)</td>        <td>\( -1 \)</td>        <td>\( 1 \)</td>        <td>\( 2 \)</td>        <td>\( 3 \)</td>    </tr>    <tr>        <td>\( P \)</td>        <td>\( 0,22 \)</td>        <td>\( 0,19 \)</td>        <td>\( 0,17 \)</td>        <td>\( 0,22 \)</td>        <td>\( 0,2 \)</td>    </tr></table><p>Bestimmen Sie den Erwartungswert.</p><p>\( E(X)= \) {1:NUMERICAL:=0,14:0}</p>]]></text></questiontext></question><question type="cloze"><name><text>11 </text></name><questiontext format="html"><text><![CDATA[Die Tabelle zeigt die Wahrscheinlichkeitsverteilung einer Zufallsgröße X.<table class="TabelleEinleitung">    <tr>        <td>\( x \)</td>        <td>\( -4 \)</td>        <td>\( -3 \)</td>        <td>\( 0 \)</td>        <td>\( 2 \)</td>        <td>\( 4 \)</td>    </tr>    <tr>        <td>\( P \)</td>        <td>\( 0,09 \)</td>        <td>\( 0,02 \)</td>        <td>\( 0,35 \)</td>        <td>\( 0,47 \)</td>        <td>\( 0,07 \)</td>    </tr></table><p>Bestimmen Sie den Erwartungswert.</p><p>\( E(X)= \) {1:NUMERICAL:=0,8:0}</p>]]></text></questiontext></question><question type="cloze"><name><text>12 </text></name><questiontext format="html"><text><![CDATA[Die Tabelle zeigt die Wahrscheinlichkeitsverteilung einer Zufallsgröße X.<table class="TabelleEinleitung">    <tr>        <td>\( x \)</td>        <td>\( -5 \)</td>        <td>\( -3 \)</td>        <td>\( -1 \)</td>        <td>\( 2 \)</td>        <td>\( 4 \)</td>    </tr>    <tr>        <td>\( P \)</td>        <td>\( 0,11 \)</td>        <td>\( 0,26 \)</td>        <td>\( 0,19 \)</td>        <td>\( 0,23 \)</td>        <td>\( 0,21 \)</td>    </tr></table><p>Bestimmen Sie den Erwartungswert.</p><p>\( E(X)= \) {1:NUMERICAL:=-0,22:0}</p>]]></text></questiontext></question><question type="cloze"><name><text>13 </text></name><questiontext format="html"><text><![CDATA[Die Tabelle zeigt die Wahrscheinlichkeitsverteilung einer Zufallsgröße X.<table class="TabelleEinleitung">    <tr>        <td>\( x \)</td>        <td>\( -5 \)</td>        <td>\( -2 \)</td>        <td>\( 1 \)</td>        <td>\( 4 \)</td>        <td>\( 7 \)</td>    </tr>    <tr>        <td>\( P \)</td>        <td>\( 0,13 \)</td>        <td>\( 0,25 \)</td>        <td>\( 0,1 \)</td>        <td>\( 0,04 \)</td>        <td>\( 0,48 \)</td>    </tr></table><p>Bestimmen Sie den Erwartungswert.</p><p>\( E(X)= \) {1:NUMERICAL:=2,47:0}</p>]]></text></questiontext></question><question type="cloze"><name><text>14 </text></name><questiontext format="html"><text><![CDATA[Die Tabelle zeigt die Wahrscheinlichkeitsverteilung einer Zufallsgröße X.<table class="TabelleEinleitung">    <tr>        <td>\( x \)</td>        <td>\( -2 \)</td>        <td>\( -1 \)</td>        <td>\( 2 \)</td>        <td>\( 4 \)</td>        <td>\( 7 \)</td>    </tr>    <tr>        <td>\( P \)</td>        <td>\( 0,11 \)</td>        <td>\( 0,22 \)</td>        <td>\( 0,27 \)</td>        <td>\( 0,12 \)</td>        <td>\( 0,28 \)</td>    </tr></table><p>Bestimmen Sie den Erwartungswert.</p><p>\( E(X)= \) {1:NUMERICAL:=2,54:0}</p>]]></text></questiontext></question><question type="cloze"><name><text>15 </text></name><questiontext format="html"><text><![CDATA[Die Tabelle zeigt die Wahrscheinlichkeitsverteilung einer Zufallsgröße X.<table class="TabelleEinleitung">    <tr>        <td>\( x \)</td>        <td>\( -4 \)</td>        <td>\( -2 \)</td>        <td>\( 1 \)</td>        <td>\( 4 \)</td>        <td>\( 6 \)</td>    </tr>    <tr>        <td>\( P \)</td>        <td>\( 0,29 \)</td>        <td>\( 0,11 \)</td>        <td>\( 0,34 \)</td>        <td>\( 0,21 \)</td>        <td>\( 0,05 \)</td>    </tr></table><p>Bestimmen Sie den Erwartungswert.</p><p>\( E(X)= \) {1:NUMERICAL:=0,1:0}</p>]]></text></questiontext></question><question type="cloze"><name><text>16 </text></name><questiontext format="html"><text><![CDATA[Die Tabelle zeigt die Wahrscheinlichkeitsverteilung einer Zufallsgröße X.<table class="TabelleEinleitung">    <tr>        <td>\( x \)</td>        <td>\( -2 \)</td>        <td>\( 1 \)</td>        <td>\( 2 \)</td>        <td>\( 5 \)</td>        <td>\( 8 \)</td>    </tr>    <tr>        <td>\( P \)</td>        <td>\( 0,01 \)</td>        <td>\( 0,23 \)</td>        <td>\( 0,15 \)</td>        <td>\( 0,3 \)</td>        <td>\( 0,31 \)</td>    </tr></table><p>Bestimmen Sie den Erwartungswert.</p><p>\( E(X)= \) {1:NUMERICAL:=4,49:0}</p>]]></text></questiontext></question><question type="cloze"><name><text>17 </text></name><questiontext format="html"><text><![CDATA[Die Tabelle zeigt die Wahrscheinlichkeitsverteilung einer Zufallsgröße X.<table class="TabelleEinleitung">    <tr>        <td>\( x \)</td>        <td>\( -5 \)</td>        <td>\( -4 \)</td>        <td>\( -3 \)</td>        <td>\( 0 \)</td>        <td>\( 3 \)</td>    </tr>    <tr>        <td>\( P \)</td>        <td>\( 0,16 \)</td>        <td>\( 0,31 \)</td>        <td>\( 0,24 \)</td>        <td>\( 0,24 \)</td>        <td>\( 0,05 \)</td>    </tr></table><p>Bestimmen Sie den Erwartungswert.</p><p>\( E(X)= \) {1:NUMERICAL:=-2,61:0}</p>]]></text></questiontext></question><question type="cloze"><name><text>18 </text></name><questiontext format="html"><text><![CDATA[Die Tabelle zeigt die Wahrscheinlichkeitsverteilung einer Zufallsgröße X.<table class="TabelleEinleitung">    <tr>        <td>\( x \)</td>        <td>\( -4 \)</td>        <td>\( -3 \)</td>        <td>\( -2 \)</td>        <td>\( -1 \)</td>        <td>\( 0 \)</td>    </tr>    <tr>        <td>\( P \)</td>        <td>\( 0,22 \)</td>        <td>\( 0,03 \)</td>        <td>\( 0,46 \)</td>        <td>\( 0,1 \)</td>        <td>\( 0,19 \)</td>    </tr></table><p>Bestimmen Sie den Erwartungswert.</p><p>\( E(X)= \) {1:NUMERICAL:=-1,99:0}</p>]]></text></questiontext></question><question type="cloze"><name><text>19 </text></name><questiontext format="html"><text><![CDATA[Die Tabelle zeigt die Wahrscheinlichkeitsverteilung einer Zufallsgröße X.<table class="TabelleEinleitung">    <tr>        <td>\( x \)</td>        <td>\( -3 \)</td>        <td>\( -1 \)</td>        <td>\( 0 \)</td>        <td>\( 1 \)</td>        <td>\( 2 \)</td>    </tr>    <tr>        <td>\( P \)</td>        <td>\( 0,14 \)</td>        <td>\( 0,32 \)</td>        <td>\( 0,02 \)</td>        <td>\( 0,42 \)</td>        <td>\( 0,1 \)</td>    </tr></table><p>Bestimmen Sie den Erwartungswert.</p><p>\( E(X)= \) {1:NUMERICAL:=-0,12:0}</p>]]></text></questiontext></question><question type="cloze"><name><text>20 </text></name><questiontext format="html"><text><![CDATA[Die Tabelle zeigt die Wahrscheinlichkeitsverteilung einer Zufallsgröße X.<table class="TabelleEinleitung">    <tr>        <td>\( x \)</td>        <td>\( -4 \)</td>        <td>\( -1 \)</td>        <td>\( 1 \)</td>        <td>\( 3 \)</td>        <td>\( 4 \)</td>    </tr>    <tr>        <td>\( P \)</td>        <td>\( 0,31 \)</td>        <td>\( 0,36 \)</td>        <td>\( 0,06 \)</td>        <td>\( 0,1 \)</td>        <td>\( 0,17 \)</td>    </tr></table><p>Bestimmen Sie den Erwartungswert.</p><p>\( E(X)= \) {1:NUMERICAL:=-0,56:0}</p>]]></text></questiontext></question></quiz>