<?xml version="1.0" encoding="UTF-8" standalone="yes"?>
<quiz><question type="category"><category><text>Stochastik/Allgemein/Zufallsgrößen/Kennzahlen/BestimmungSX</text></category><info format="html"><text /></info><idnumber /></question><question type="cloze"><name><text>01 </text></name><questiontext format="html"><text><![CDATA[Die Tabelle zeigt die Wahrscheinlichkeitsverteilung einer Zufallsgröße X.<table class="TabelleEinleitung">    <tr>        <td>\( x \)</td>        <td>\( -3 \)</td>        <td>\( -1 \)</td>        <td>\( 1 \)</td>        <td>\( 3 \)</td>        <td>\( 5 \)</td>    </tr>    <tr>        <td>\( P \)</td>        <td>\( 0,01 \)</td>        <td>\( 0,24 \)</td>        <td>\( 0,36 \)</td>        <td>\( 0,17 \)</td>        <td>\( 0,22 \)</td>    </tr></table><p>Bestimmen Sie die Standardabweichung (auf 4 NKS gerundet). Es ist bekannt, dass \( E(X) = 1,7\).</p><p>\( \sigma(X)= \) {1:NUMERICAL:=2,1977:0,0001}</p>]]></text></questiontext></question><question type="cloze"><name><text>02 </text></name><questiontext format="html"><text><![CDATA[Die Tabelle zeigt die Wahrscheinlichkeitsverteilung einer Zufallsgröße X.<table class="TabelleEinleitung">    <tr>        <td>\( x \)</td>        <td>\( -3 \)</td>        <td>\( -2 \)</td>        <td>\( 0 \)</td>        <td>\( 2 \)</td>        <td>\( 4 \)</td>    </tr>    <tr>        <td>\( P \)</td>        <td>\( 0,05 \)</td>        <td>\( 0,16 \)</td>        <td>\( 0,13 \)</td>        <td>\( 0,2 \)</td>        <td>\( 0,46 \)</td>    </tr></table><p>Bestimmen Sie die Standardabweichung (auf 4 NKS gerundet). Es ist bekannt, dass \( E(X) = 1,77\).</p><p>\( \sigma(X)= \) {1:NUMERICAL:=2,4733:0,0001}</p>]]></text></questiontext></question><question type="cloze"><name><text>03 </text></name><questiontext format="html"><text><![CDATA[Die Tabelle zeigt die Wahrscheinlichkeitsverteilung einer Zufallsgröße X.<table class="TabelleEinleitung">    <tr>        <td>\( x \)</td>        <td>\( -2 \)</td>        <td>\( 1 \)</td>        <td>\( 3 \)</td>        <td>\( 4 \)</td>        <td>\( 5 \)</td>    </tr>    <tr>        <td>\( P \)</td>        <td>\( 0,07 \)</td>        <td>\( 0,24 \)</td>        <td>\( 0,24 \)</td>        <td>\( 0,27 \)</td>        <td>\( 0,18 \)</td>    </tr></table><p>Bestimmen Sie die Standardabweichung (auf 4 NKS gerundet). Es ist bekannt, dass \( E(X) = 2,8\).</p><p>\( \sigma(X)= \) {1:NUMERICAL:=1,9131:0,0001}</p>]]></text></questiontext></question><question type="cloze"><name><text>04 </text></name><questiontext format="html"><text><![CDATA[Die Tabelle zeigt die Wahrscheinlichkeitsverteilung einer Zufallsgröße X.<table class="TabelleEinleitung">    <tr>        <td>\( x \)</td>        <td>\( -2 \)</td>        <td>\( 0 \)</td>        <td>\( 1 \)</td>        <td>\( 2 \)</td>        <td>\( 4 \)</td>    </tr>    <tr>        <td>\( P \)</td>        <td>\( 0,1 \)</td>        <td>\( 0,05 \)</td>        <td>\( 0,34 \)</td>        <td>\( 0,1 \)</td>        <td>\( 0,41 \)</td>    </tr></table><p>Bestimmen Sie die Standardabweichung (auf 4 NKS gerundet). Es ist bekannt, dass \( E(X) = 1,98\).</p><p>\( \sigma(X)= \) {1:NUMERICAL:=1,9441:0,0001}</p>]]></text></questiontext></question><question type="cloze"><name><text>05 </text></name><questiontext format="html"><text><![CDATA[Die Tabelle zeigt die Wahrscheinlichkeitsverteilung einer Zufallsgröße X.<table class="TabelleEinleitung">    <tr>        <td>\( x \)</td>        <td>\( -2 \)</td>        <td>\( 0 \)</td>        <td>\( 3 \)</td>        <td>\( 6 \)</td>        <td>\( 9 \)</td>    </tr>    <tr>        <td>\( P \)</td>        <td>\( 0,1 \)</td>        <td>\( 0,28 \)</td>        <td>\( 0,18 \)</td>        <td>\( 0,14 \)</td>        <td>\( 0,3 \)</td>    </tr></table><p>Bestimmen Sie die Standardabweichung (auf 4 NKS gerundet). Es ist bekannt, dass \( E(X) = 3,88\).</p><p>\( \sigma(X)= \) {1:NUMERICAL:=4,038:0,0001}</p>]]></text></questiontext></question><question type="cloze"><name><text>06 </text></name><questiontext format="html"><text><![CDATA[Die Tabelle zeigt die Wahrscheinlichkeitsverteilung einer Zufallsgröße X.<table class="TabelleEinleitung">    <tr>        <td>\( x \)</td>        <td>\( -5 \)</td>        <td>\( -3 \)</td>        <td>\( -2 \)</td>        <td>\( 1 \)</td>        <td>\( 3 \)</td>    </tr>    <tr>        <td>\( P \)</td>        <td>\( 0,1 \)</td>        <td>\( 0,33 \)</td>        <td>\( 0,19 \)</td>        <td>\( 0,26 \)</td>        <td>\( 0,12 \)</td>    </tr></table><p>Bestimmen Sie die Standardabweichung (auf 4 NKS gerundet). Es ist bekannt, dass \( E(X) = -1,25\).</p><p>\( \sigma(X)= \) {1:NUMERICAL:=2,451:0,0001}</p>]]></text></questiontext></question><question type="cloze"><name><text>07 </text></name><questiontext format="html"><text><![CDATA[Die Tabelle zeigt die Wahrscheinlichkeitsverteilung einer Zufallsgröße X.<table class="TabelleEinleitung">    <tr>        <td>\( x \)</td>        <td>\( -2 \)</td>        <td>\( 0 \)</td>        <td>\( 1 \)</td>        <td>\( 2 \)</td>        <td>\( 5 \)</td>    </tr>    <tr>        <td>\( P \)</td>        <td>\( 0,28 \)</td>        <td>\( 0,24 \)</td>        <td>\( 0,07 \)</td>        <td>\( 0,17 \)</td>        <td>\( 0,24 \)</td>    </tr></table><p>Bestimmen Sie die Standardabweichung (auf 4 NKS gerundet). Es ist bekannt, dass \( E(X) = 1,05\).</p><p>\( \sigma(X)= \) {1:NUMERICAL:=2,6014:0,0001}</p>]]></text></questiontext></question><question type="cloze"><name><text>08 </text></name><questiontext format="html"><text><![CDATA[Die Tabelle zeigt die Wahrscheinlichkeitsverteilung einer Zufallsgröße X.<table class="TabelleEinleitung">    <tr>        <td>\( x \)</td>        <td>\( -5 \)</td>        <td>\( -2 \)</td>        <td>\( 0 \)</td>        <td>\( 2 \)</td>        <td>\( 5 \)</td>    </tr>    <tr>        <td>\( P \)</td>        <td>\( 0,19 \)</td>        <td>\( 0,28 \)</td>        <td>\( 0,31 \)</td>        <td>\( 0,19 \)</td>        <td>\( 0,03 \)</td>    </tr></table><p>Bestimmen Sie die Standardabweichung (auf 4 NKS gerundet). Es ist bekannt, dass \( E(X) = -0,98\).</p><p>\( \sigma(X)= \) {1:NUMERICAL:=2,5337:0,0001}</p>]]></text></questiontext></question><question type="cloze"><name><text>09 </text></name><questiontext format="html"><text><![CDATA[Die Tabelle zeigt die Wahrscheinlichkeitsverteilung einer Zufallsgröße X.<table class="TabelleEinleitung">    <tr>        <td>\( x \)</td>        <td>\( -2 \)</td>        <td>\( 0 \)</td>        <td>\( 3 \)</td>        <td>\( 4 \)</td>        <td>\( 7 \)</td>    </tr>    <tr>        <td>\( P \)</td>        <td>\( 0,28 \)</td>        <td>\( 0,08 \)</td>        <td>\( 0,05 \)</td>        <td>\( 0,37 \)</td>        <td>\( 0,22 \)</td>    </tr></table><p>Bestimmen Sie die Standardabweichung (auf 4 NKS gerundet). Es ist bekannt, dass \( E(X) = 2,61\).</p><p>\( \sigma(X)= \) {1:NUMERICAL:=3,385:0,0001}</p>]]></text></questiontext></question><question type="cloze"><name><text>10 </text></name><questiontext format="html"><text><![CDATA[Die Tabelle zeigt die Wahrscheinlichkeitsverteilung einer Zufallsgröße X.<table class="TabelleEinleitung">    <tr>        <td>\( x \)</td>        <td>\( -2 \)</td>        <td>\( 0 \)</td>        <td>\( 3 \)</td>        <td>\( 4 \)</td>        <td>\( 7 \)</td>    </tr>    <tr>        <td>\( P \)</td>        <td>\( 0,24 \)</td>        <td>\( 0,11 \)</td>        <td>\( 0,27 \)</td>        <td>\( 0,1 \)</td>        <td>\( 0,28 \)</td>    </tr></table><p>Bestimmen Sie die Standardabweichung (auf 4 NKS gerundet). Es ist bekannt, dass \( E(X) = 2,69\).</p><p>\( \sigma(X)= \) {1:NUMERICAL:=3,3873:0,0001}</p>]]></text></questiontext></question><question type="cloze"><name><text>11 </text></name><questiontext format="html"><text><![CDATA[Die Tabelle zeigt die Wahrscheinlichkeitsverteilung einer Zufallsgröße X.<table class="TabelleEinleitung">    <tr>        <td>\( x \)</td>        <td>\( -4 \)</td>        <td>\( -1 \)</td>        <td>\( 2 \)</td>        <td>\( 3 \)</td>        <td>\( 4 \)</td>    </tr>    <tr>        <td>\( P \)</td>        <td>\( 0,1 \)</td>        <td>\( 0,18 \)</td>        <td>\( 0,14 \)</td>        <td>\( 0,39 \)</td>        <td>\( 0,19 \)</td>    </tr></table><p>Bestimmen Sie die Standardabweichung (auf 4 NKS gerundet). Es ist bekannt, dass \( E(X) = 1,63\).</p><p>\( \sigma(X)= \) {1:NUMERICAL:=2,4966:0,0001}</p>]]></text></questiontext></question><question type="cloze"><name><text>12 </text></name><questiontext format="html"><text><![CDATA[Die Tabelle zeigt die Wahrscheinlichkeitsverteilung einer Zufallsgröße X.<table class="TabelleEinleitung">    <tr>        <td>\( x \)</td>        <td>\( -5 \)</td>        <td>\( -3 \)</td>        <td>\( -1 \)</td>        <td>\( 1 \)</td>        <td>\( 4 \)</td>    </tr>    <tr>        <td>\( P \)</td>        <td>\( 0,21 \)</td>        <td>\( 0,03 \)</td>        <td>\( 0,36 \)</td>        <td>\( 0,24 \)</td>        <td>\( 0,16 \)</td>    </tr></table><p>Bestimmen Sie die Standardabweichung (auf 4 NKS gerundet). Es ist bekannt, dass \( E(X) = -0,62\).</p><p>\( \sigma(X)= \) {1:NUMERICAL:=2,8802:0,0001}</p>]]></text></questiontext></question><question type="cloze"><name><text>13 </text></name><questiontext format="html"><text><![CDATA[Die Tabelle zeigt die Wahrscheinlichkeitsverteilung einer Zufallsgröße X.<table class="TabelleEinleitung">    <tr>        <td>\( x \)</td>        <td>\( -4 \)</td>        <td>\( -1 \)</td>        <td>\( 0 \)</td>        <td>\( 2 \)</td>        <td>\( 4 \)</td>    </tr>    <tr>        <td>\( P \)</td>        <td>\( 0,11 \)</td>        <td>\( 0,34 \)</td>        <td>\( 0,17 \)</td>        <td>\( 0,05 \)</td>        <td>\( 0,33 \)</td>    </tr></table><p>Bestimmen Sie die Standardabweichung (auf 4 NKS gerundet). Es ist bekannt, dass \( E(X) = 0,64\).</p><p>\( \sigma(X)= \) {1:NUMERICAL:=2,6778:0,0001}</p>]]></text></questiontext></question><question type="cloze"><name><text>14 </text></name><questiontext format="html"><text><![CDATA[Die Tabelle zeigt die Wahrscheinlichkeitsverteilung einer Zufallsgröße X.<table class="TabelleEinleitung">    <tr>        <td>\( x \)</td>        <td>\( -3 \)</td>        <td>\( 0 \)</td>        <td>\( 3 \)</td>        <td>\( 4 \)</td>        <td>\( 7 \)</td>    </tr>    <tr>        <td>\( P \)</td>        <td>\( 0,13 \)</td>        <td>\( 0,29 \)</td>        <td>\( 0,31 \)</td>        <td>\( 0,03 \)</td>        <td>\( 0,24 \)</td>    </tr></table><p>Bestimmen Sie die Standardabweichung (auf 4 NKS gerundet). Es ist bekannt, dass \( E(X) = 2,34\).</p><p>\( \sigma(X)= \) {1:NUMERICAL:=3,2748:0,0001}</p>]]></text></questiontext></question><question type="cloze"><name><text>15 </text></name><questiontext format="html"><text><![CDATA[Die Tabelle zeigt die Wahrscheinlichkeitsverteilung einer Zufallsgröße X.<table class="TabelleEinleitung">    <tr>        <td>\( x \)</td>        <td>\( -4 \)</td>        <td>\( -3 \)</td>        <td>\( 0 \)</td>        <td>\( 3 \)</td>        <td>\( 5 \)</td>    </tr>    <tr>        <td>\( P \)</td>        <td>\( 0,23 \)</td>        <td>\( 0,05 \)</td>        <td>\( 0,37 \)</td>        <td>\( 0,2 \)</td>        <td>\( 0,15 \)</td>    </tr></table><p>Bestimmen Sie die Standardabweichung (auf 4 NKS gerundet). Es ist bekannt, dass \( E(X) = 0,28\).</p><p>\( \sigma(X)= \) {1:NUMERICAL:=3,0986:0,0001}</p>]]></text></questiontext></question><question type="cloze"><name><text>16 </text></name><questiontext format="html"><text><![CDATA[Die Tabelle zeigt die Wahrscheinlichkeitsverteilung einer Zufallsgröße X.<table class="TabelleEinleitung">    <tr>        <td>\( x \)</td>        <td>\( -5 \)</td>        <td>\( -2 \)</td>        <td>\( -1 \)</td>        <td>\( 2 \)</td>        <td>\( 5 \)</td>    </tr>    <tr>        <td>\( P \)</td>        <td>\( 0,32 \)</td>        <td>\( 0,12 \)</td>        <td>\( 0,3 \)</td>        <td>\( 0,16 \)</td>        <td>\( 0,1 \)</td>    </tr></table><p>Bestimmen Sie die Standardabweichung (auf 4 NKS gerundet). Es ist bekannt, dass \( E(X) = -1,32\).</p><p>\( \sigma(X)= \) {1:NUMERICAL:=3,1902:0,0001}</p>]]></text></questiontext></question><question type="cloze"><name><text>17 </text></name><questiontext format="html"><text><![CDATA[Die Tabelle zeigt die Wahrscheinlichkeitsverteilung einer Zufallsgröße X.<table class="TabelleEinleitung">    <tr>        <td>\( x \)</td>        <td>\( -5 \)</td>        <td>\( -2 \)</td>        <td>\( -1 \)</td>        <td>\( 2 \)</td>        <td>\( 3 \)</td>    </tr>    <tr>        <td>\( P \)</td>        <td>\( 0,5 \)</td>        <td>\( 0,26 \)</td>        <td>\( 0,16 \)</td>        <td>\( 0,05 \)</td>        <td>\( 0,03 \)</td>    </tr></table><p>Bestimmen Sie die Standardabweichung (auf 4 NKS gerundet). Es ist bekannt, dass \( E(X) = -2,99\).</p><p>\( \sigma(X)= \) {1:NUMERICAL:=2,2869:0,0001}</p>]]></text></questiontext></question><question type="cloze"><name><text>18 </text></name><questiontext format="html"><text><![CDATA[Die Tabelle zeigt die Wahrscheinlichkeitsverteilung einer Zufallsgröße X.<table class="TabelleEinleitung">    <tr>        <td>\( x \)</td>        <td>\( -3 \)</td>        <td>\( -1 \)</td>        <td>\( 2 \)</td>        <td>\( 5 \)</td>        <td>\( 6 \)</td>    </tr>    <tr>        <td>\( P \)</td>        <td>\( 0,31 \)</td>        <td>\( 0,24 \)</td>        <td>\( 0,03 \)</td>        <td>\( 0,14 \)</td>        <td>\( 0,28 \)</td>    </tr></table><p>Bestimmen Sie die Standardabweichung (auf 4 NKS gerundet). Es ist bekannt, dass \( E(X) = 1,27\).</p><p>\( \sigma(X)= \) {1:NUMERICAL:=3,8881:0,0001}</p>]]></text></questiontext></question><question type="cloze"><name><text>19 </text></name><questiontext format="html"><text><![CDATA[Die Tabelle zeigt die Wahrscheinlichkeitsverteilung einer Zufallsgröße X.<table class="TabelleEinleitung">    <tr>        <td>\( x \)</td>        <td>\( -3 \)</td>        <td>\( -1 \)</td>        <td>\( 0 \)</td>        <td>\( 3 \)</td>        <td>\( 4 \)</td>    </tr>    <tr>        <td>\( P \)</td>        <td>\( 0,28 \)</td>        <td>\( 0,21 \)</td>        <td>\( 0,02 \)</td>        <td>\( 0,25 \)</td>        <td>\( 0,24 \)</td>    </tr></table><p>Bestimmen Sie die Standardabweichung (auf 4 NKS gerundet). Es ist bekannt, dass \( E(X) = 0,66\).</p><p>\( \sigma(X)= \) {1:NUMERICAL:=2,8956:0,0001}</p>]]></text></questiontext></question><question type="cloze"><name><text>20 </text></name><questiontext format="html"><text><![CDATA[Die Tabelle zeigt die Wahrscheinlichkeitsverteilung einer Zufallsgröße X.<table class="TabelleEinleitung">    <tr>        <td>\( x \)</td>        <td>\( -2 \)</td>        <td>\( 1 \)</td>        <td>\( 3 \)</td>        <td>\( 5 \)</td>        <td>\( 7 \)</td>    </tr>    <tr>        <td>\( P \)</td>        <td>\( 0,05 \)</td>        <td>\( 0,09 \)</td>        <td>\( 0,3 \)</td>        <td>\( 0,39 \)</td>        <td>\( 0,17 \)</td>    </tr></table><p>Bestimmen Sie die Standardabweichung (auf 4 NKS gerundet). Es ist bekannt, dass \( E(X) = 4,03\).</p><p>\( \sigma(X)= \) {1:NUMERICAL:=2,1975:0,0001}</p>]]></text></questiontext></question></quiz>