<?xml version="1.0" encoding="UTF-8" standalone="yes"?>
<quiz><question type="category"><category><text>stochastik/zufallsgroessen/interpretationen</text></category><info format="html"><text /></info><idnumber /></question><question type="cloze"><name><text>01 </text></name><questiontext format="html"><text><![CDATA[Ein Würfelspiel ist so gestaltet, dass man je nach Augenzahl einen bestimmten Geldbetrag erhält. Die Zufallsgröße X beschreibt den Gewinn. Es gilt: \( E(X) = 4{,}2 \) €, \( \sigma = 1{,}3 \) €.<p>Was bedeutet der Erwartungswert von 4,2 € in diesem Kontext?</p><p>Im Durchschnitt kann man bei dem Spiel 4,2 € Gewinn erwarten.</p><p>Welche Rolle spielt die Standardabweichung von 1,3 €?</p><p>Die Standardabweichung zeigt, wie stark die möglichen Gewinne um den Mittelwert schwanken.</p><p>Ist ein Gewinn von 6 € ungewöhnlich?</p><p>Ein Gewinn von 6 € liegt etwa 1,4 Standardabweichungen über dem Mittelwert und ist daher noch im normalen Bereich.</p>]]></text></questiontext></question><question type="cloze"><name><text>02 </text></name><questiontext format="html"><text><![CDATA[Ein Unternehmen analysiert die wöchentliche Anzahl verkaufter Produkte. Die Zufallsgröße X gibt diese Zahl an. Es gilt: \( E(X) = 850 \), \( \sigma = 120 \).<p>Wie ist der Erwartungswert zu interpretieren?</p><p>Im Durchschnitt werden pro Woche 850 Produkte verkauft.</p><p>Was sagt die Standardabweichung über den Verkauf aus?</p><p>Die Standardabweichung zeigt die Schwankungsbreite der wöchentlichen Verkaufszahlen.</p><p>Wie ist eine Woche mit 1.100 Verkäufen zu bewerten?</p><p>1.100 Verkäufe liegen über zwei Standardabweichungen über dem Mittelwert und sind daher eher ungewöhnlich.</p>]]></text></questiontext></question><question type="cloze"><name><text>03 </text></name><questiontext format="html"><text><![CDATA[Die tägliche Anzahl Kunden in einem Café ist eine Zufallsgröße K mit \( E(K) = 95 \), \( \sigma = 20 \).<p>Was bedeutet der Erwartungswert 95 in diesem Fall?</p><p>Im Durchschnitt besuchen 95 Kunden täglich das Café.</p><p>Welche Aussage lässt sich über die Standardabweichung treffen?</p><p>Die Standardabweichung zeigt, wie stark die Besucherzahlen von Tag zu Tag schwanken.</p><p>An einem Tag kamen 130 Kunden. Ist das außergewöhnlich?</p><p>130 liegt fast zwei Standardabweichungen über dem Mittelwert und ist daher ein besonders besuchsstarker Tag.</p>]]></text></questiontext></question><question type="cloze"><name><text>04 </text></name><questiontext format="html"><text><![CDATA[Eine Fabrik produziert täglich eine bestimmte Menge an Schrauben. Diese Produktionsmenge wird als Zufallsgröße P modelliert. Es gilt: \( E(P) = 10.000 \), \( \sigma = 600 \).<p>Was bedeutet der Erwartungswert von 10.000 in diesem Zusammenhang?</p><p>Im Durchschnitt produziert die Fabrik täglich 10.000 Schrauben.</p><p>Wie kann die Standardabweichung bei der Planung helfen?</p><p>Die Standardabweichung zeigt die tägliche Schwankung und hilft, Kapazitäten und Lagerung besser zu planen.</p><p>An einem Tag wurden nur 9.000 Schrauben produziert. Ist das noch innerhalb der üblichen Schwankungen?</p><p>9.000 liegt mehr als eine Standardabweichung unter dem Mittelwert, ist aber noch nicht extrem ungewöhnlich.</p>]]></text></questiontext></question><question type="cloze"><name><text>05 </text></name><questiontext format="html"><text><![CDATA[Die Tageshöchsttemperatur im April wird als Zufallsgröße T betrachtet. Es gilt: \( E(T) = 15{,}2\,°C \), \( \sigma = 3{,}1\,°C \).<p>Was sagt der Erwartungswert über den April aus?</p><p>Der April hatte im Durchschnitt 15,2 °C als Tageshöchsttemperatur.</p><p>Was bedeutet die Standardabweichung in °C?</p><p>Die Standardabweichung von 3,1 °C zeigt die natürliche Schwankung des Wetters.</p><p>Ein Tag hatte nur 8,5 °C Höchsttemperatur. Wie lässt sich das einordnen?</p><p>8,5 °C liegt mehr als zwei Standardabweichungen unter dem Mittelwert und ist daher ein ungewöhnlich kühler Tag.</p>]]></text></questiontext></question><question type="cloze"><name><text>06 </text></name><questiontext format="html"><text><![CDATA[Die Anzahl täglicher Klicks auf eine Online-Anzeige ist eine Zufallsgröße K mit \( E(K) = 250 \), \( \sigma = 45 \).<p>Wie ist der Erwartungswert zu interpretieren?</p><p>Im Schnitt erhält die Anzeige 250 Klicks pro Tag.</p><p>Welche Rolle spielt die Standardabweichung für das Marketing?</p><p>Die Standardabweichung zeigt, wie stark die Klickzahlen schwanken, z. B. bei saisonalen Effekten.</p><p>Was bedeutet ein Wert von 320 Klicks?</p><p>320 Klicks liegen mehr als 1,5 Standardabweichungen über dem Mittelwert – eine positive Abweichung.</p>]]></text></questiontext></question><question type="cloze"><name><text>07 </text></name><questiontext format="html"><text><![CDATA[Die Wartezeit in Minuten an einer Supermarktkasse wird durch die Zufallsgröße W beschrieben. Gegeben sind: \( E(W) = 4{,}8 \), \( \sigma = 1{,}2 \).<p>Was bedeutet der Erwartungswert?</p><p>Im Schnitt wartet eine Kundin oder ein Kunde 4,8 Minuten.</p><p>Wie hilft die Standardabweichung dem Filialleiter?</p><p>Die Standardabweichung zeigt, wie stabil der Ablauf an der Kasse ist.</p><p>Ist eine Wartezeit von 7 Minuten noch normal?</p><p>7 Minuten liegen fast zwei Standardabweichungen über dem Mittelwert – das ist eher selten.</p>]]></text></questiontext></question><question type="cloze"><name><text>08 </text></name><questiontext format="html"><text><![CDATA[Die tägliche Besucherzahl eines Museums wird als Zufallsgröße B modelliert. Es gilt: \( E(B) = 1.400 \), \( \sigma = 300 \).<p>Was sagt der Erwartungswert aus?</p><p>Im Durchschnitt besuchen 1.400 Personen das Museum pro Tag.</p><p>Welche Bedeutung hat die Standardabweichung für das Personalmanagement?</p><p>Die Standardabweichung zeigt, wie stark die täglichen Besucherzahlen schwanken.</p><p>Wie ist ein Wert von 1.050 zu bewerten?</p><p>1.050 liegt etwas über einer Standardabweichung unter dem Mittel – ein etwas schwächerer Tag.</p>]]></text></questiontext></question><question type="cloze"><name><text>09 </text></name><questiontext format="html"><text><![CDATA[Die Dauer eines automatisierten Arbeitsvorgangs in Sekunden wird mit D modelliert. Es gilt: \( E(D) = 18{,}0 \), \( \sigma = 0{,}6 \).<p>Wie kann der Erwartungswert technisch interpretiert werden?</p><p>Die durchschnittliche Vorgangsdauer beträgt 18 Sekunden.</p><p>Was bedeutet die kleine Standardabweichung?</p><p>Die geringe Standardabweichung zeigt, dass die Anlage sehr zuverlässig arbeitet.</p><p>Ist ein Vorgang mit 17,0 Sekunden noch als normal anzusehen?</p><p>17 Sekunden liegen deutlich unter dem Mittelwert, aber noch im erwartbaren Bereich.</p>]]></text></questiontext></question><question type="cloze"><name><text>10 </text></name><questiontext format="html"><text><![CDATA[Der tägliche Stromverbrauch einer Maschine in kWh ist die Zufallsgröße S mit \( E(S) = 36{,}0 \), \( \sigma = 4{,}0 \).<p>Was sagt der Erwartungswert über die Maschine aus?</p><p>Die Maschine verbraucht im Durchschnitt 36 kWh pro Tag.</p><p>Warum ist die Standardabweichung für die Energiekostenplanung relevant?</p><p>Die Streuung hilft bei der Kalkulation der maximal zu erwartenden Kosten.</p><p>Ist ein Verbrauch von 42,5 kWh ein Ausreißer?</p><p>42,5 kWh liegt über 1,5 Standardabweichungen über dem Mittel – ein höherer, aber nicht extremer Wert.</p>]]></text></questiontext></question><question type="cloze"><name><text>11 </text></name><questiontext format="html"><text><![CDATA[Zwei Maschinen stellen täglich eine Zufallsgröße \( X \) dar: die Anzahl fehlerfreier Produkte pro Tag. Für \( A \): \( E(X_A) = 20 \), \( \sigma(X_A) = 2 \), für \( B \): \( E(X_B) = 20 \), \( \sigma(X_B) = 6 \).<p>Welche Maschine produziert gleichmäßiger?</p><p>Maschine \( A \) produziert gleichmäßiger.</p><p>Welche Maschine ist im Produktionsprozess vorzuziehen?</p><p>Wegen geringerer Streuung ist \( A \) vorzuziehen, wenn Konstanz wichtig ist.</p>]]></text></questiontext></question><question type="cloze"><name><text>12 </text></name><questiontext format="html"><text><![CDATA[Zwei Investitionen führen zu einer Zufallsgröße \( G \): Gewinn in Euro. Für \( X \): \( E(G_X) = 1000 \), \( \sigma(G_X) = 50 \); für \( Y \): \( E(G_Y) = 1000 \), \( \sigma(G_Y) = 300 \).<p>Welche Investition ist bei Risikoscheu sinnvoller?</p><p>Investition \( X \) ist risikoärmer.</p><p>Wann wäre \( Y \) trotzdem vorzuziehen?</p><p>Wenn Chancen auf hohe Gewinne gesucht sind, kann \( Y \) sinnvoll sein.</p>]]></text></questiontext></question><question type="cloze"><name><text>13 </text></name><questiontext format="html"><text><![CDATA[Zufallsgröße \( N \): Anzahl bestandener Prüfungen pro Schüler in zwei Gruppen. Gruppe \( A \): \( E(N_A) = 3{,}4 \), \( \sigma(N_A) = 0{,}5 \); Gruppe \( B \): \( E(N_B) = 3{,}5 \), \( \sigma(N_B) = 0{,}6 \).<p>Welche Gruppe ist zu bevorzugen?</p><p>Keine klare Bevorzugung möglich.</p><p>Wie sind die Unterschiede zu interpretieren?</p><p>Beide Gruppen zeigen ähnliche Leistung und Streuung.</p>]]></text></questiontext></question><question type="cloze"><name><text>14 </text></name><questiontext format="html"><text><![CDATA[Zufallsgröße \( E \): Stromertrag pro Tag in kWh. Anlage \( A \): \( E(E_A) = 400 \), \( \sigma(E_A) = 20 \); Anlage \( B \): \( E(E_B) = 420 \), \( \sigma(E_B) = 100 \).<p>Welche Anlage liefert im Mittel mehr Strom?</p><p>Anlage \( B \) liefert im Mittel mehr Strom.</p><p>Ist die größere Streuung relevant?</p><p>Die höhere Streuung kann Planbarkeit erschweren.</p><p>Welche Anlage ist insgesamt vorzuziehen?</p><p>Bei Bedarf an Konstanz ist \( A \) besser geeignet.</p>]]></text></questiontext></question><question type="cloze"><name><text>15 </text></name><questiontext format="html"><text><![CDATA[Zufallsgröße \( M \): Anzahl gelieferter Teile pro Lieferung. Lieferant \( A \): \( E(M_A) = 80 \), \( \sigma(M_A) = 5 \); Lieferant \( B \): \( E(M_B) = 120 \), \( \sigma(M_B) = 20 \).<p>Welcher Lieferant liefert mehr?</p><p>Lieferant \( B \) liefert mehr.</p><p>Spielt die größere Schwankung noch eine Rolle?</p><p>Die Standardabweichung ist angesichts des Unterschieds im Mittelwert vernachlässigbar.</p>]]></text></questiontext></question><question type="cloze"><name><text>16 </text></name><questiontext format="html"><text><![CDATA[Zufallsgröße \( G \): Gewinn bei einem Spiel in Euro. Option \( A \): \( E(G_A) = 5 \), \( \sigma(G_A) = 2 \); Option \( B \): \( E(G_B) = 5 \), \( \sigma(G_B) = 6 \).<p>Welche Option bietet geringere Schwankung?</p><p>Option \( A \) ist gleichmäßiger.</p><p>Welche ist bei Risikofreude attraktiver?</p><p>Option \( B \) ist bei Risikofreude attraktiver.</p>]]></text></questiontext></question><question type="cloze"><name><text>17 </text></name><questiontext format="html"><text><![CDATA[Zufallsgröße \( U \): Gewinn eines Produkts in Euro. Produkt \( A \): \( E(U_A) = 15000 \), \( \sigma(U_A) = 1000 \); Produkt \( B \): \( E(U_B) = 17000 \), \( \sigma(U_B) = 2500 \).<p>Welches Produkt bringt im Schnitt mehr Gewinn?</p><p>Produkt \( B \) hat den höheren Erwartungswert.</p><p>Ist die Schwankung entscheidend?</p><p>Die höhere Schwankung ist angesichts des höheren Gewinns vertretbar.</p>]]></text></questiontext></question><question type="cloze"><name><text>18 </text></name><questiontext format="html"><text><![CDATA[Zufallsgröße \( A \): Anzahl bearbeiteter Aufträge pro Tag. Azubi \( A \): \( E(A_1) = 20 \), \( \sigma(A_1) = 1{,}5 \); Azubi \( B \): \( E(A_2) = 20 \), \( \sigma(A_2) = 1{,}6 \).<p>Gibt es einen bedeutsamen Unterschied?</p><p>Kein bedeutsamer Unterschied.</p><p>Wie lässt sich das interpretieren?</p><p>Beide Azubis arbeiten sehr ähnlich.</p>]]></text></questiontext></question><question type="cloze"><name><text>19 </text></name><questiontext format="html"><text><![CDATA[Zufallsgröße \( T \): Fahrzeit in Minuten. Verbindung \( A \): \( E(T_A) = 35 \), \( \sigma(T_A) = 4 \); Verbindung \( B \): \( E(T_B) = 36 \), \( \sigma(T_B) = 1 \).<p>Welche Verbindung ist durchschnittlich schneller?</p><p>Verbindung \( A \) ist etwas schneller.</p><p>Welche ist zuverlässiger?</p><p>Verbindung \( B \) ist zuverlässiger.</p><p>Welche ist vorzuziehen, wenn Pünktlichkeit wichtig ist?</p><p>Bei Pünktlichkeit ist \( B \) vorzuziehen.</p>]]></text></questiontext></question><question type="cloze"><name><text>20 </text></name><questiontext format="html"><text><![CDATA[Zufallsgröße \( N \): Schulnote bei Prüfungen. Schüler \( A \): \( E(N_A) = 1{,}7 \), \( \sigma(N_A) = 0{,}5 \); Schüler \( B \): \( E(N_B) = 2{,}5 \), \( \sigma(N_B) = 0{,}2 \).<p>Wer ist im Mittel besser?</p><p>Schüler \( A \) ist im Mittel besser.</p><p>Welche Aussage lässt sich zur Streuung treffen?</p><p>Schüler \( B \) ist konstanter.</p><p>Welche Gesamteinschätzung ist sinnvoll?</p><p>Der bessere Erwartungswert spricht für \( A \), trotz höherer Streuung.</p>]]></text></questiontext></question></quiz>