<?xml version="1.0" encoding="UTF-8" standalone="yes"?>
<quiz><question type="category"><category><text>Stochastik/Allgemein/Zufallsgrößen/Kennzahlen/FehlendeWkt</text></category><info format="html"><text /></info><idnumber /></question><question type="cloze"><name><text>01 </text></name><questiontext format="html"><text><![CDATA[Die Tabelle zeigt die Wahrscheinlichkeitsverteilung einer Zufallsgröße X.<table class="TabelleEinleitung">    <tr>        <td>\( x \)</td>        <td>\( -5 \)</td>        <td>\( -2 \)</td>        <td>\( 0 \)</td>        <td>\( 3 \)</td>        <td>\( 6 \)</td>    </tr>    <tr>        <td>\( P \)</td>        <td>\( 0,04 \)</td>        <td>\( 0,19 \)</td>        <td>\( 0,29 \)</td>        <td>\( 0,13 \)</td>        <td></td>    </tr></table><p>Bestimmen Sie die fehlende Wahrscheinlichkeit.</p><p>\( P(X=6)=\) {1:NUMERICAL:=0,35:0}</p>]]></text></questiontext></question><question type="cloze"><name><text>02 </text></name><questiontext format="html"><text><![CDATA[Die Tabelle zeigt die Wahrscheinlichkeitsverteilung einer Zufallsgröße X.<table class="TabelleEinleitung">    <tr>        <td>\( x \)</td>        <td>\( -5 \)</td>        <td>\( -4 \)</td>        <td>\( -1 \)</td>        <td>\( 0 \)</td>        <td>\( 3 \)</td>    </tr>    <tr>        <td>\( P \)</td>        <td>\( 0,01 \)</td>        <td>\( 0,49 \)</td>        <td>\( 0,45 \)</td>        <td></td>        <td>\( 0,01 \)</td>    </tr></table><p>Bestimmen Sie die fehlende Wahrscheinlichkeit.</p><p>\( P(X=0)=\) {1:NUMERICAL:=0,04:0}</p>]]></text></questiontext></question><question type="cloze"><name><text>03 </text></name><questiontext format="html"><text><![CDATA[Die Tabelle zeigt die Wahrscheinlichkeitsverteilung einer Zufallsgröße X.<table class="TabelleEinleitung">    <tr>        <td>\( x \)</td>        <td>\( -3 \)</td>        <td>\( -1 \)</td>        <td>\( 1 \)</td>        <td>\( 4 \)</td>        <td>\( 5 \)</td>    </tr>    <tr>        <td>\( P \)</td>        <td>\( 0,34 \)</td>        <td>\( 0,3 \)</td>        <td>\( 0,33 \)</td>        <td>\( 0,01 \)</td>        <td></td>    </tr></table><p>Bestimmen Sie die fehlende Wahrscheinlichkeit.</p><p>\( P(X=5)=\) {1:NUMERICAL:=0,02:0}</p>]]></text></questiontext></question><question type="cloze"><name><text>04 </text></name><questiontext format="html"><text><![CDATA[Die Tabelle zeigt die Wahrscheinlichkeitsverteilung einer Zufallsgröße X.<table class="TabelleEinleitung">    <tr>        <td>\( x \)</td>        <td>\( -5 \)</td>        <td>\( -3 \)</td>        <td>\( 0 \)</td>        <td>\( 3 \)</td>        <td>\( 4 \)</td>    </tr>    <tr>        <td>\( P \)</td>        <td>\( 0,15 \)</td>        <td>\( 0,32 \)</td>        <td></td>        <td>\( 0,03 \)</td>        <td>\( 0,17 \)</td>    </tr></table><p>Bestimmen Sie die fehlende Wahrscheinlichkeit.</p><p>\( P(X=0)=\) {1:NUMERICAL:=0,33:0}</p>]]></text></questiontext></question><question type="cloze"><name><text>05 </text></name><questiontext format="html"><text><![CDATA[Die Tabelle zeigt die Wahrscheinlichkeitsverteilung einer Zufallsgröße X.<table class="TabelleEinleitung">    <tr>        <td>\( x \)</td>        <td>\( -4 \)</td>        <td>\( -2 \)</td>        <td>\( -1 \)</td>        <td>\( 2 \)</td>        <td>\( 5 \)</td>    </tr>    <tr>        <td>\( P \)</td>        <td>\( 0,07 \)</td>        <td>\( 0,06 \)</td>        <td></td>        <td>\( 0,41 \)</td>        <td>\( 0,44 \)</td>    </tr></table><p>Bestimmen Sie die fehlende Wahrscheinlichkeit.</p><p>\( P(X=-1)=\) {1:NUMERICAL:=0,02:0}</p>]]></text></questiontext></question><question type="cloze"><name><text>06 </text></name><questiontext format="html"><text><![CDATA[Die Tabelle zeigt die Wahrscheinlichkeitsverteilung einer Zufallsgröße X.<table class="TabelleEinleitung">    <tr>        <td>\( x \)</td>        <td>\( -5 \)</td>        <td>\( -2 \)</td>        <td>\( 1 \)</td>        <td>\( 3 \)</td>        <td>\( 5 \)</td>    </tr>    <tr>        <td>\( P \)</td>        <td>\( 0,34 \)</td>        <td></td>        <td>\( 0,36 \)</td>        <td>\( 0,07 \)</td>        <td>\( 0,22 \)</td>    </tr></table><p>Bestimmen Sie die fehlende Wahrscheinlichkeit.</p><p>\( P(X=-2)=\) {1:NUMERICAL:=0,01:0}</p>]]></text></questiontext></question><question type="cloze"><name><text>07 </text></name><questiontext format="html"><text><![CDATA[Die Tabelle zeigt die Wahrscheinlichkeitsverteilung einer Zufallsgröße X.<table class="TabelleEinleitung">    <tr>        <td>\( x \)</td>        <td>\( -5 \)</td>        <td>\( -4 \)</td>        <td>\( -2 \)</td>        <td>\( -1 \)</td>        <td>\( 1 \)</td>    </tr>    <tr>        <td>\( P \)</td>        <td>\( 0,49 \)</td>        <td>\( 0,02 \)</td>        <td>\( 0,11 \)</td>        <td>\( 0,32 \)</td>        <td></td>    </tr></table><p>Bestimmen Sie die fehlende Wahrscheinlichkeit.</p><p>\( P(X=1)=\) {1:NUMERICAL:=0,06:0}</p>]]></text></questiontext></question><question type="cloze"><name><text>08 </text></name><questiontext format="html"><text><![CDATA[Die Tabelle zeigt die Wahrscheinlichkeitsverteilung einer Zufallsgröße X.<table class="TabelleEinleitung">    <tr>        <td>\( x \)</td>        <td>\( -5 \)</td>        <td>\( -2 \)</td>        <td>\( 1 \)</td>        <td>\( 4 \)</td>        <td>\( 7 \)</td>    </tr>    <tr>        <td>\( P \)</td>        <td>\( 0,19 \)</td>        <td>\( 0,07 \)</td>        <td></td>        <td>\( 0,25 \)</td>        <td>\( 0,17 \)</td>    </tr></table><p>Bestimmen Sie die fehlende Wahrscheinlichkeit.</p><p>\( P(X=1)=\) {1:NUMERICAL:=0,32:0}</p>]]></text></questiontext></question><question type="cloze"><name><text>09 </text></name><questiontext format="html"><text><![CDATA[Die Tabelle zeigt die Wahrscheinlichkeitsverteilung einer Zufallsgröße X.<table class="TabelleEinleitung">    <tr>        <td>\( x \)</td>        <td>\( -4 \)</td>        <td>\( -1 \)</td>        <td>\( 0 \)</td>        <td>\( 2 \)</td>        <td>\( 4 \)</td>    </tr>    <tr>        <td>\( P \)</td>        <td></td>        <td>\( 0,13 \)</td>        <td>\( 0,25 \)</td>        <td>\( 0,09 \)</td>        <td>\( 0,51 \)</td>    </tr></table><p>Bestimmen Sie die fehlende Wahrscheinlichkeit.</p><p>\( P(X=-4)=\) {1:NUMERICAL:=0,02:0}</p>]]></text></questiontext></question><question type="cloze"><name><text>10 </text></name><questiontext format="html"><text><![CDATA[Die Tabelle zeigt die Wahrscheinlichkeitsverteilung einer Zufallsgröße X.<table class="TabelleEinleitung">    <tr>        <td>\( x \)</td>        <td>\( -2 \)</td>        <td>\( 0 \)</td>        <td>\( 1 \)</td>        <td>\( 2 \)</td>        <td>\( 3 \)</td>    </tr>    <tr>        <td>\( P \)</td>        <td>\( 0,08 \)</td>        <td></td>        <td>\( 0,01 \)</td>        <td>\( 0,26 \)</td>        <td>\( 0,4 \)</td>    </tr></table><p>Bestimmen Sie die fehlende Wahrscheinlichkeit.</p><p>\( P(X=0)=\) {1:NUMERICAL:=0,25:0}</p>]]></text></questiontext></question><question type="cloze"><name><text>11 </text></name><questiontext format="html"><text><![CDATA[Die Tabelle zeigt die Wahrscheinlichkeitsverteilung einer Zufallsgröße X.<table class="TabelleEinleitung">    <tr>        <td>\( x \)</td>        <td>\( -5 \)</td>        <td>\( -4 \)</td>        <td>\( -1 \)</td>        <td>\( 1 \)</td>        <td>\( 2 \)</td>    </tr>    <tr>        <td>\( P \)</td>        <td></td>        <td>\( 0,03 \)</td>        <td>\( 0,27 \)</td>        <td>\( 0,19 \)</td>        <td>\( 0,24 \)</td>    </tr></table><p>Bestimmen Sie die fehlende Wahrscheinlichkeit.</p><p>\( P(X=-5)=\) {1:NUMERICAL:=0,27:0}</p>]]></text></questiontext></question><question type="cloze"><name><text>12 </text></name><questiontext format="html"><text><![CDATA[Die Tabelle zeigt die Wahrscheinlichkeitsverteilung einer Zufallsgröße X.<table class="TabelleEinleitung">    <tr>        <td>\( x \)</td>        <td>\( -5 \)</td>        <td>\( -4 \)</td>        <td>\( -1 \)</td>        <td>\( 2 \)</td>        <td>\( 3 \)</td>    </tr>    <tr>        <td>\( P \)</td>        <td>\( 0,07 \)</td>        <td>\( 0,29 \)</td>        <td>\( 0,46 \)</td>        <td></td>        <td>\( 0,03 \)</td>    </tr></table><p>Bestimmen Sie die fehlende Wahrscheinlichkeit.</p><p>\( P(X=2)=\) {1:NUMERICAL:=0,15:0}</p>]]></text></questiontext></question><question type="cloze"><name><text>13 </text></name><questiontext format="html"><text><![CDATA[Die Tabelle zeigt die Wahrscheinlichkeitsverteilung einer Zufallsgröße X.<table class="TabelleEinleitung">    <tr>        <td>\( x \)</td>        <td>\( -4 \)</td>        <td>\( -2 \)</td>        <td>\( 0 \)</td>        <td>\( 1 \)</td>        <td>\( 2 \)</td>    </tr>    <tr>        <td>\( P \)</td>        <td>\( 0,21 \)</td>        <td></td>        <td>\( 0,34 \)</td>        <td>\( 0,21 \)</td>        <td>\( 0,15 \)</td>    </tr></table><p>Bestimmen Sie die fehlende Wahrscheinlichkeit.</p><p>\( P(X=-2)=\) {1:NUMERICAL:=0,09:0}</p>]]></text></questiontext></question><question type="cloze"><name><text>14 </text></name><questiontext format="html"><text><![CDATA[Die Tabelle zeigt die Wahrscheinlichkeitsverteilung einer Zufallsgröße X.<table class="TabelleEinleitung">    <tr>        <td>\( x \)</td>        <td>\( -2 \)</td>        <td>\( 1 \)</td>        <td>\( 4 \)</td>        <td>\( 5 \)</td>        <td>\( 6 \)</td>    </tr>    <tr>        <td>\( P \)</td>        <td></td>        <td>\( 0,06 \)</td>        <td>\( 0,06 \)</td>        <td>\( 0,28 \)</td>        <td>\( 0,21 \)</td>    </tr></table><p>Bestimmen Sie die fehlende Wahrscheinlichkeit.</p><p>\( P(X=-2)=\) {1:NUMERICAL:=0,39:0}</p>]]></text></questiontext></question><question type="cloze"><name><text>15 </text></name><questiontext format="html"><text><![CDATA[Die Tabelle zeigt die Wahrscheinlichkeitsverteilung einer Zufallsgröße X.<table class="TabelleEinleitung">    <tr>        <td>\( x \)</td>        <td>\( -4 \)</td>        <td>\( -3 \)</td>        <td>\( -2 \)</td>        <td>\( -1 \)</td>        <td>\( 1 \)</td>    </tr>    <tr>        <td>\( P \)</td>        <td>\( 0,21 \)</td>        <td>\( 0,2 \)</td>        <td>\( 0,29 \)</td>        <td>\( 0,01 \)</td>        <td></td>    </tr></table><p>Bestimmen Sie die fehlende Wahrscheinlichkeit.</p><p>\( P(X=1)=\) {1:NUMERICAL:=0,29:0}</p>]]></text></questiontext></question><question type="cloze"><name><text>16 </text></name><questiontext format="html"><text><![CDATA[Die Tabelle zeigt die Wahrscheinlichkeitsverteilung einer Zufallsgröße X.<table class="TabelleEinleitung">    <tr>        <td>\( x \)</td>        <td>\( -2 \)</td>        <td>\( -1 \)</td>        <td>\( 0 \)</td>        <td>\( 3 \)</td>        <td>\( 6 \)</td>    </tr>    <tr>        <td>\( P \)</td>        <td>\( 0,23 \)</td>        <td>\( 0,27 \)</td>        <td>\( 0,16 \)</td>        <td>\( 0,1 \)</td>        <td></td>    </tr></table><p>Bestimmen Sie die fehlende Wahrscheinlichkeit.</p><p>\( P(X=6)=\) {1:NUMERICAL:=0,24:0}</p>]]></text></questiontext></question><question type="cloze"><name><text>17 </text></name><questiontext format="html"><text><![CDATA[Die Tabelle zeigt die Wahrscheinlichkeitsverteilung einer Zufallsgröße X.<table class="TabelleEinleitung">    <tr>        <td>\( x \)</td>        <td>\( -4 \)</td>        <td>\( -3 \)</td>        <td>\( -1 \)</td>        <td>\( 1 \)</td>        <td>\( 3 \)</td>    </tr>    <tr>        <td>\( P \)</td>        <td>\( 0,09 \)</td>        <td></td>        <td>\( 0,37 \)</td>        <td>\( 0,32 \)</td>        <td>\( 0,07 \)</td>    </tr></table><p>Bestimmen Sie die fehlende Wahrscheinlichkeit.</p><p>\( P(X=-3)=\) {1:NUMERICAL:=0,15:0}</p>]]></text></questiontext></question><question type="cloze"><name><text>18 </text></name><questiontext format="html"><text><![CDATA[Die Tabelle zeigt die Wahrscheinlichkeitsverteilung einer Zufallsgröße X.<table class="TabelleEinleitung">    <tr>        <td>\( x \)</td>        <td>\( -5 \)</td>        <td>\( -3 \)</td>        <td>\( -1 \)</td>        <td>\( 1 \)</td>        <td>\( 3 \)</td>    </tr>    <tr>        <td>\( P \)</td>        <td>\( 0,28 \)</td>        <td></td>        <td>\( 0,16 \)</td>        <td>\( 0,29 \)</td>        <td>\( 0,16 \)</td>    </tr></table><p>Bestimmen Sie die fehlende Wahrscheinlichkeit.</p><p>\( P(X=-3)=\) {1:NUMERICAL:=0,11:0}</p>]]></text></questiontext></question><question type="cloze"><name><text>19 </text></name><questiontext format="html"><text><![CDATA[Die Tabelle zeigt die Wahrscheinlichkeitsverteilung einer Zufallsgröße X.<table class="TabelleEinleitung">    <tr>        <td>\( x \)</td>        <td>\( -3 \)</td>        <td>\( -1 \)</td>        <td>\( 0 \)</td>        <td>\( 1 \)</td>        <td>\( 2 \)</td>    </tr>    <tr>        <td>\( P \)</td>        <td>\( 0,29 \)</td>        <td>\( 0,14 \)</td>        <td>\( 0,02 \)</td>        <td>\( 0,24 \)</td>        <td></td>    </tr></table><p>Bestimmen Sie die fehlende Wahrscheinlichkeit.</p><p>\( P(X=2)=\) {1:NUMERICAL:=0,31:0}</p>]]></text></questiontext></question><question type="cloze"><name><text>20 </text></name><questiontext format="html"><text><![CDATA[Die Tabelle zeigt die Wahrscheinlichkeitsverteilung einer Zufallsgröße X.<table class="TabelleEinleitung">    <tr>        <td>\( x \)</td>        <td>\( -3 \)</td>        <td>\( 0 \)</td>        <td>\( 2 \)</td>        <td>\( 4 \)</td>        <td>\( 5 \)</td>    </tr>    <tr>        <td>\( P \)</td>        <td>\( 0,35 \)</td>        <td></td>        <td>\( 0,02 \)</td>        <td>\( 0,27 \)</td>        <td>\( 0,27 \)</td>    </tr></table><p>Bestimmen Sie die fehlende Wahrscheinlichkeit.</p><p>\( P(X=0)=\) {1:NUMERICAL:=0,09:0}</p>]]></text></questiontext></question></quiz>