<?xml version="1.0" encoding="UTF-8" standalone="yes"?>
<quiz><question type="category"><category><text>Stochastik/Allgemein/Zufallsgrößen/Kennzahlen/FehlenderWert</text></category><info format="html"><text /></info><idnumber /></question><question type="cloze"><name><text>01 </text></name><questiontext format="html"><text><![CDATA[Die Tabelle zeigt die Wahrscheinlichkeitsverteilung einer Zufallsgröße X.<table class="TabelleEinleitung">    <tr>        <td>\( x \)</td>        <td></td>        <td>\( -4 \)</td>        <td>\( -1 \)</td>        <td>\( 2 \)</td>        <td>\( 5 \)</td>    </tr>    <tr>        <td>\( P \)</td>        <td>\( 0,21 \)</td>        <td>\( 0,23 \)</td>        <td>\( 0,02 \)</td>        <td>\( 0,18 \)</td>        <td>\( 0,36 \)</td>    </tr></table><p>Bestimmen Sie den fehlenden Wert der Zufallsgröße. Es ist bekannt, dass \( E(X) = 0,17\).</p><p>{1:NUMERICAL:=-5:0,01}</p>]]></text></questiontext></question><question type="cloze"><name><text>02 </text></name><questiontext format="html"><text><![CDATA[Die Tabelle zeigt die Wahrscheinlichkeitsverteilung einer Zufallsgröße X.<table class="TabelleEinleitung">    <tr>        <td>\( x \)</td>        <td></td>        <td>\( -2 \)</td>        <td>\( -1 \)</td>        <td>\( 1 \)</td>        <td>\( 2 \)</td>    </tr>    <tr>        <td>\( P \)</td>        <td>\( 0,24 \)</td>        <td>\( 0,22 \)</td>        <td>\( 0,25 \)</td>        <td>\( 0,25 \)</td>        <td>\( 0,04 \)</td>    </tr></table><p>Bestimmen Sie den fehlenden Wert der Zufallsgröße. Es ist bekannt, dass \( E(X) = -1,08\).</p><p>{1:NUMERICAL:=-3:0,01}</p>]]></text></questiontext></question><question type="cloze"><name><text>03 </text></name><questiontext format="html"><text><![CDATA[Die Tabelle zeigt die Wahrscheinlichkeitsverteilung einer Zufallsgröße X.<table class="TabelleEinleitung">    <tr>        <td>\( x \)</td>        <td>\( -4 \)</td>        <td>\( -1 \)</td>        <td>\( 0 \)</td>        <td></td>        <td>\( 5 \)</td>    </tr>    <tr>        <td>\( P \)</td>        <td>\( 0,2 \)</td>        <td>\( 0,33 \)</td>        <td>\( 0,16 \)</td>        <td>\( 0,09 \)</td>        <td>\( 0,22 \)</td>    </tr></table><p>Bestimmen Sie den fehlenden Wert der Zufallsgröße. Es ist bekannt, dass \( E(X) = 0,15\).</p><p>{1:NUMERICAL:=2:0,01}</p>]]></text></questiontext></question><question type="cloze"><name><text>04 </text></name><questiontext format="html"><text><![CDATA[Die Tabelle zeigt die Wahrscheinlichkeitsverteilung einer Zufallsgröße X.<table class="TabelleEinleitung">    <tr>        <td>\( x \)</td>        <td>\( -4 \)</td>        <td>\( -3 \)</td>        <td></td>        <td>\( 2 \)</td>        <td>\( 3 \)</td>    </tr>    <tr>        <td>\( P \)</td>        <td>\( 0,02 \)</td>        <td>\( 0,28 \)</td>        <td>\( 0,3 \)</td>        <td>\( 0,04 \)</td>        <td>\( 0,36 \)</td>    </tr></table><p>Bestimmen Sie den fehlenden Wert der Zufallsgröße. Es ist bekannt, dass \( E(X) = -0,06\).</p><p>{1:NUMERICAL:=-1:0,01}</p>]]></text></questiontext></question><question type="cloze"><name><text>05 </text></name><questiontext format="html"><text><![CDATA[Die Tabelle zeigt die Wahrscheinlichkeitsverteilung einer Zufallsgröße X.<table class="TabelleEinleitung">    <tr>        <td>\( x \)</td>        <td>\( -2 \)</td>        <td></td>        <td>\( 1 \)</td>        <td>\( 2 \)</td>        <td>\( 3 \)</td>    </tr>    <tr>        <td>\( P \)</td>        <td>\( 0,1 \)</td>        <td>\( 0,04 \)</td>        <td>\( 0,25 \)</td>        <td>\( 0,11 \)</td>        <td>\( 0,5 \)</td>    </tr></table><p>Bestimmen Sie den fehlenden Wert der Zufallsgröße. Es ist bekannt, dass \( E(X) = 1,73\).</p><p>{1:NUMERICAL:=-1:0,01}</p>]]></text></questiontext></question><question type="cloze"><name><text>06 </text></name><questiontext format="html"><text><![CDATA[Die Tabelle zeigt die Wahrscheinlichkeitsverteilung einer Zufallsgröße X.<table class="TabelleEinleitung">    <tr>        <td>\( x \)</td>        <td>\( -4 \)</td>        <td></td>        <td>\( 1 \)</td>        <td>\( 3 \)</td>        <td>\( 6 \)</td>    </tr>    <tr>        <td>\( P \)</td>        <td>\( 0,1 \)</td>        <td>\( 0,34 \)</td>        <td>\( 0,21 \)</td>        <td>\( 0,32 \)</td>        <td>\( 0,03 \)</td>    </tr></table><p>Bestimmen Sie den fehlenden Wert der Zufallsgröße. Es ist bekannt, dass \( E(X) = 0,61\).</p><p>{1:NUMERICAL:=-1:0,01}</p>]]></text></questiontext></question><question type="cloze"><name><text>07 </text></name><questiontext format="html"><text><![CDATA[Die Tabelle zeigt die Wahrscheinlichkeitsverteilung einer Zufallsgröße X.<table class="TabelleEinleitung">    <tr>        <td>\( x \)</td>        <td></td>        <td>\( -2 \)</td>        <td>\( 1 \)</td>        <td>\( 2 \)</td>        <td>\( 5 \)</td>    </tr>    <tr>        <td>\( P \)</td>        <td>\( 0,21 \)</td>        <td>\( 0,17 \)</td>        <td>\( 0,26 \)</td>        <td>\( 0,18 \)</td>        <td>\( 0,18 \)</td>    </tr></table><p>Bestimmen Sie den fehlenden Wert der Zufallsgröße. Es ist bekannt, dass \( E(X) = 0,55\).</p><p>{1:NUMERICAL:=-3:0,01}</p>]]></text></questiontext></question><question type="cloze"><name><text>08 </text></name><questiontext format="html"><text><![CDATA[Die Tabelle zeigt die Wahrscheinlichkeitsverteilung einer Zufallsgröße X.<table class="TabelleEinleitung">    <tr>        <td>\( x \)</td>        <td>\( -3 \)</td>        <td>\( -1 \)</td>        <td></td>        <td>\( 1 \)</td>        <td>\( 3 \)</td>    </tr>    <tr>        <td>\( P \)</td>        <td>\( 0,28 \)</td>        <td>\( 0,2 \)</td>        <td>\( 0,22 \)</td>        <td>\( 0,22 \)</td>        <td>\( 0,08 \)</td>    </tr></table><p>Bestimmen Sie den fehlenden Wert der Zufallsgröße. Es ist bekannt, dass \( E(X) = -0,58\).</p><p>{1:NUMERICAL:=0:0,01}</p>]]></text></questiontext></question><question type="cloze"><name><text>09 </text></name><questiontext format="html"><text><![CDATA[Die Tabelle zeigt die Wahrscheinlichkeitsverteilung einer Zufallsgröße X.<table class="TabelleEinleitung">    <tr>        <td>\( x \)</td>        <td>\( -5 \)</td>        <td>\( -3 \)</td>        <td>\( 0 \)</td>        <td></td>        <td>\( 3 \)</td>    </tr>    <tr>        <td>\( P \)</td>        <td>\( 0,37 \)</td>        <td>\( 0,03 \)</td>        <td>\( 0,1 \)</td>        <td>\( 0,09 \)</td>        <td>\( 0,41 \)</td>    </tr></table><p>Bestimmen Sie den fehlenden Wert der Zufallsgröße. Es ist bekannt, dass \( E(X) = -0,62\).</p><p>{1:NUMERICAL:=1:0,01}</p>]]></text></questiontext></question><question type="cloze"><name><text>10 </text></name><questiontext format="html"><text><![CDATA[Die Tabelle zeigt die Wahrscheinlichkeitsverteilung einer Zufallsgröße X.<table class="TabelleEinleitung">    <tr>        <td>\( x \)</td>        <td>\( -4 \)</td>        <td></td>        <td>\( 0 \)</td>        <td>\( 1 \)</td>        <td>\( 3 \)</td>    </tr>    <tr>        <td>\( P \)</td>        <td>\( 0,29 \)</td>        <td>\( 0,05 \)</td>        <td>\( 0,07 \)</td>        <td>\( 0,43 \)</td>        <td>\( 0,16 \)</td>    </tr></table><p>Bestimmen Sie den fehlenden Wert der Zufallsgröße. Es ist bekannt, dass \( E(X) = -0,3\).</p><p>{1:NUMERICAL:=-1:0,01}</p>]]></text></questiontext></question><question type="cloze"><name><text>11 </text></name><questiontext format="html"><text><![CDATA[Die Tabelle zeigt die Wahrscheinlichkeitsverteilung einer Zufallsgröße X.<table class="TabelleEinleitung">    <tr>        <td>\( x \)</td>        <td>\( -3 \)</td>        <td>\( -2 \)</td>        <td>\( 0 \)</td>        <td>\( 2 \)</td>        <td></td>    </tr>    <tr>        <td>\( P \)</td>        <td>\( 0,34 \)</td>        <td>\( 0,06 \)</td>        <td>\( 0,13 \)</td>        <td>\( 0,38 \)</td>        <td>\( 0,09 \)</td>    </tr></table><p>Bestimmen Sie den fehlenden Wert der Zufallsgröße. Es ist bekannt, dass \( E(X) = 0,07\).</p><p>{1:NUMERICAL:=5:0,01}</p>]]></text></questiontext></question><question type="cloze"><name><text>12 </text></name><questiontext format="html"><text><![CDATA[Die Tabelle zeigt die Wahrscheinlichkeitsverteilung einer Zufallsgröße X.<table class="TabelleEinleitung">    <tr>        <td>\( x \)</td>        <td>\( -5 \)</td>        <td>\( -4 \)</td>        <td>\( -1 \)</td>        <td></td>        <td>\( 1 \)</td>    </tr>    <tr>        <td>\( P \)</td>        <td>\( 0,38 \)</td>        <td>\( 0,02 \)</td>        <td>\( 0,38 \)</td>        <td>\( 0,14 \)</td>        <td>\( 0,08 \)</td>    </tr></table><p>Bestimmen Sie den fehlenden Wert der Zufallsgröße. Es ist bekannt, dass \( E(X) = -2,28\).</p><p>{1:NUMERICAL:=0:0,01}</p>]]></text></questiontext></question><question type="cloze"><name><text>13 </text></name><questiontext format="html"><text><![CDATA[Die Tabelle zeigt die Wahrscheinlichkeitsverteilung einer Zufallsgröße X.<table class="TabelleEinleitung">    <tr>        <td>\( x \)</td>        <td>\( -3 \)</td>        <td>\( -2 \)</td>        <td>\( -1 \)</td>        <td>\( 0 \)</td>        <td></td>    </tr>    <tr>        <td>\( P \)</td>        <td>\( 0,29 \)</td>        <td>\( 0,08 \)</td>        <td>\( 0,22 \)</td>        <td>\( 0,12 \)</td>        <td>\( 0,29 \)</td>    </tr></table><p>Bestimmen Sie den fehlenden Wert der Zufallsgröße. Es ist bekannt, dass \( E(X) = -0,38\).</p><p>{1:NUMERICAL:=3:0,01}</p>]]></text></questiontext></question><question type="cloze"><name><text>14 </text></name><questiontext format="html"><text><![CDATA[Die Tabelle zeigt die Wahrscheinlichkeitsverteilung einer Zufallsgröße X.<table class="TabelleEinleitung">    <tr>        <td>\( x \)</td>        <td></td>        <td>\( -3 \)</td>        <td>\( -2 \)</td>        <td>\( 1 \)</td>        <td>\( 3 \)</td>    </tr>    <tr>        <td>\( P \)</td>        <td>\( 0,03 \)</td>        <td>\( 0,27 \)</td>        <td>\( 0,07 \)</td>        <td>\( 0,23 \)</td>        <td>\( 0,4 \)</td>    </tr></table><p>Bestimmen Sie den fehlenden Wert der Zufallsgröße. Es ist bekannt, dass \( E(X) = 0,33\).</p><p>{1:NUMERICAL:=-5:0,01}</p>]]></text></questiontext></question><question type="cloze"><name><text>15 </text></name><questiontext format="html"><text><![CDATA[Die Tabelle zeigt die Wahrscheinlichkeitsverteilung einer Zufallsgröße X.<table class="TabelleEinleitung">    <tr>        <td>\( x \)</td>        <td>\( -3 \)</td>        <td>\( -1 \)</td>        <td></td>        <td>\( 3 \)</td>        <td>\( 4 \)</td>    </tr>    <tr>        <td>\( P \)</td>        <td>\( 0,22 \)</td>        <td>\( 0,24 \)</td>        <td>\( 0,15 \)</td>        <td>\( 0,13 \)</td>        <td>\( 0,26 \)</td>    </tr></table><p>Bestimmen Sie den fehlenden Wert der Zufallsgröße. Es ist bekannt, dass \( E(X) = 0,83\).</p><p>{1:NUMERICAL:=2:0,01}</p>]]></text></questiontext></question><question type="cloze"><name><text>16 </text></name><questiontext format="html"><text><![CDATA[Die Tabelle zeigt die Wahrscheinlichkeitsverteilung einer Zufallsgröße X.<table class="TabelleEinleitung">    <tr>        <td>\( x \)</td>        <td></td>        <td>\( 0 \)</td>        <td>\( 3 \)</td>        <td>\( 5 \)</td>        <td>\( 8 \)</td>    </tr>    <tr>        <td>\( P \)</td>        <td>\( 0,02 \)</td>        <td>\( 0,33 \)</td>        <td>\( 0,44 \)</td>        <td>\( 0,2 \)</td>        <td>\( 0,01 \)</td>    </tr></table><p>Bestimmen Sie den fehlenden Wert der Zufallsgröße. Es ist bekannt, dass \( E(X) = 2,36\).</p><p>{1:NUMERICAL:=-2:0,01}</p>]]></text></questiontext></question><question type="cloze"><name><text>17 </text></name><questiontext format="html"><text><![CDATA[Die Tabelle zeigt die Wahrscheinlichkeitsverteilung einer Zufallsgröße X.<table class="TabelleEinleitung">    <tr>        <td>\( x \)</td>        <td>\( -4 \)</td>        <td>\( -3 \)</td>        <td></td>        <td>\( 2 \)</td>        <td>\( 3 \)</td>    </tr>    <tr>        <td>\( P \)</td>        <td>\( 0,27 \)</td>        <td>\( 0,2 \)</td>        <td>\( 0,21 \)</td>        <td>\( 0,15 \)</td>        <td>\( 0,17 \)</td>    </tr></table><p>Bestimmen Sie den fehlenden Wert der Zufallsgröße. Es ist bekannt, dass \( E(X) = -0,87\).</p><p>{1:NUMERICAL:=0:0,01}</p>]]></text></questiontext></question><question type="cloze"><name><text>18 </text></name><questiontext format="html"><text><![CDATA[Die Tabelle zeigt die Wahrscheinlichkeitsverteilung einer Zufallsgröße X.<table class="TabelleEinleitung">    <tr>        <td>\( x \)</td>        <td></td>        <td>\( -3 \)</td>        <td>\( 0 \)</td>        <td>\( 3 \)</td>        <td>\( 6 \)</td>    </tr>    <tr>        <td>\( P \)</td>        <td>\( 0,19 \)</td>        <td>\( 0,07 \)</td>        <td>\( 0,12 \)</td>        <td>\( 0,32 \)</td>        <td>\( 0,3 \)</td>    </tr></table><p>Bestimmen Sie den fehlenden Wert der Zufallsgröße. Es ist bekannt, dass \( E(X) = 1,6\).</p><p>{1:NUMERICAL:=-5:0,01}</p>]]></text></questiontext></question><question type="cloze"><name><text>19 </text></name><questiontext format="html"><text><![CDATA[Die Tabelle zeigt die Wahrscheinlichkeitsverteilung einer Zufallsgröße X.<table class="TabelleEinleitung">    <tr>        <td>\( x \)</td>        <td>\( -5 \)</td>        <td>\( -4 \)</td>        <td>\( -1 \)</td>        <td>\( 1 \)</td>        <td></td>    </tr>    <tr>        <td>\( P \)</td>        <td>\( 0,28 \)</td>        <td>\( 0,34 \)</td>        <td>\( 0,13 \)</td>        <td>\( 0,22 \)</td>        <td>\( 0,03 \)</td>    </tr></table><p>Bestimmen Sie den fehlenden Wert der Zufallsgröße. Es ist bekannt, dass \( E(X) = -2,58\).</p><p>{1:NUMERICAL:=3:0,01}</p>]]></text></questiontext></question><question type="cloze"><name><text>20 </text></name><questiontext format="html"><text><![CDATA[Die Tabelle zeigt die Wahrscheinlichkeitsverteilung einer Zufallsgröße X.<table class="TabelleEinleitung">    <tr>        <td>\( x \)</td>        <td>\( -4 \)</td>        <td></td>        <td>\( 0 \)</td>        <td>\( 2 \)</td>        <td>\( 5 \)</td>    </tr>    <tr>        <td>\( P \)</td>        <td>\( 0,16 \)</td>        <td>\( 0,34 \)</td>        <td>\( 0,05 \)</td>        <td>\( 0,29 \)</td>        <td>\( 0,16 \)</td>    </tr></table><p>Bestimmen Sie den fehlenden Wert der Zufallsgröße. Es ist bekannt, dass \( E(X) = 0,4\).</p><p>{1:NUMERICAL:=-1:0,01}</p>]]></text></questiontext></question></quiz>