<?xml version="1.0" encoding="UTF-8" standalone="yes"?>
<quiz><question type="category"><category><text>Stochastik/Allgemein/Zufallsgrößen/Kennzahlen/ZweiFehlendeWkt</text></category><info format="html"><text /></info><idnumber /></question><question type="cloze"><name><text>01 </text></name><questiontext format="html"><text><![CDATA[Die Tabelle zeigt die Wahrscheinlichkeitsverteilung einer Zufallsgröße X.<table class="TabelleEinleitung">    <tr>        <td>\( x \)</td>        <td>\( -2 \)</td>        <td>\( -1 \)</td>        <td>\( 2 \)</td>        <td>\( 3 \)</td>        <td>\( 4 \)</td>    </tr>    <tr>        <td>\( P \)</td>        <td></td>        <td>\( 0,22 \)</td>        <td></td>        <td>\( 0,18 \)</td>        <td>\( 0,18 \)</td>    </tr></table><p>Bestimmen Sie die fehlenden Wahrscheinlichkeiten. Es ist bekannt, dass \( E(X) = 0,76\).</p><p>\( P(X=2)=\) {1:NUMERICAL:=0,14:0,01} und \( P(X=-2)=\) {1:NUMERICAL:=0,28:0,01}</p>]]></text></questiontext></question><question type="cloze"><name><text>02 </text></name><questiontext format="html"><text><![CDATA[Die Tabelle zeigt die Wahrscheinlichkeitsverteilung einer Zufallsgröße X.<table class="TabelleEinleitung">    <tr>        <td>\( x \)</td>        <td>\( -5 \)</td>        <td>\( -4 \)</td>        <td>\( -1 \)</td>        <td>\( 2 \)</td>        <td>\( 3 \)</td>    </tr>    <tr>        <td>\( P \)</td>        <td>\( 0,29 \)</td>        <td>\( 0,18 \)</td>        <td></td>        <td></td>        <td>\( 0,02 \)</td>    </tr></table><p>Bestimmen Sie die fehlenden Wahrscheinlichkeiten. Es ist bekannt, dass \( E(X) = -1,57\).</p><p>\( P(X=2)=\) {1:NUMERICAL:=0,35:0,01} und \( P(X=-1)=\) {1:NUMERICAL:=0,16:0,01}</p>]]></text></questiontext></question><question type="cloze"><name><text>03 </text></name><questiontext format="html"><text><![CDATA[Die Tabelle zeigt die Wahrscheinlichkeitsverteilung einer Zufallsgröße X.<table class="TabelleEinleitung">    <tr>        <td>\( x \)</td>        <td>\( -3 \)</td>        <td>\( -1 \)</td>        <td>\( 0 \)</td>        <td>\( 1 \)</td>        <td>\( 4 \)</td>    </tr>    <tr>        <td>\( P \)</td>        <td>\( 0,31 \)</td>        <td></td>        <td></td>        <td>\( 0,21 \)</td>        <td>\( 0,2 \)</td>    </tr></table><p>Bestimmen Sie die fehlenden Wahrscheinlichkeiten. Es ist bekannt, dass \( E(X) = -0,14\).</p><p>\( P(X=-1)=\) {1:NUMERICAL:=0,22:0,01} und \( P(X=0)=\) {1:NUMERICAL:=0,06:0,01}</p>]]></text></questiontext></question><question type="cloze"><name><text>04 </text></name><questiontext format="html"><text><![CDATA[Die Tabelle zeigt die Wahrscheinlichkeitsverteilung einer Zufallsgröße X.<table class="TabelleEinleitung">    <tr>        <td>\( x \)</td>        <td>\( -3 \)</td>        <td>\( -2 \)</td>        <td>\( -1 \)</td>        <td>\( 1 \)</td>        <td>\( 3 \)</td>    </tr>    <tr>        <td>\( P \)</td>        <td>\( 0,28 \)</td>        <td>\( 0,12 \)</td>        <td></td>        <td></td>        <td>\( 0,2 \)</td>    </tr></table><p>Bestimmen Sie die fehlenden Wahrscheinlichkeiten. Es ist bekannt, dass \( E(X) = -0,34\).</p><p>\( P(X=1)=\) {1:NUMERICAL:=0,27:0,01} und \( P(X=-1)=\) {1:NUMERICAL:=0,13:0,01}</p>]]></text></questiontext></question><question type="cloze"><name><text>05 </text></name><questiontext format="html"><text><![CDATA[Die Tabelle zeigt die Wahrscheinlichkeitsverteilung einer Zufallsgröße X.<table class="TabelleEinleitung">    <tr>        <td>\( x \)</td>        <td>\( -2 \)</td>        <td>\( 1 \)</td>        <td>\( 4 \)</td>        <td>\( 5 \)</td>        <td>\( 8 \)</td>    </tr>    <tr>        <td>\( P \)</td>        <td>\( 0,31 \)</td>        <td></td>        <td>\( 0,17 \)</td>        <td>\( 0,11 \)</td>        <td></td>    </tr></table><p>Bestimmen Sie die fehlenden Wahrscheinlichkeiten. Es ist bekannt, dass \( E(X) = 3,61\).</p><p>\( P(X=1)=\) {1:NUMERICAL:=0,04:0,01} und \( P(X=8)=\) {1:NUMERICAL:=0,37:0,01}</p>]]></text></questiontext></question><question type="cloze"><name><text>06 </text></name><questiontext format="html"><text><![CDATA[Die Tabelle zeigt die Wahrscheinlichkeitsverteilung einer Zufallsgröße X.<table class="TabelleEinleitung">    <tr>        <td>\( x \)</td>        <td>\( -5 \)</td>        <td>\( -3 \)</td>        <td>\( 0 \)</td>        <td>\( 3 \)</td>        <td>\( 6 \)</td>    </tr>    <tr>        <td>\( P \)</td>        <td>\( 0,12 \)</td>        <td></td>        <td>\( 0,52 \)</td>        <td>\( 0,13 \)</td>        <td></td>    </tr></table><p>Bestimmen Sie die fehlenden Wahrscheinlichkeiten. Es ist bekannt, dass \( E(X) = -0,63\).</p><p>\( P(X=-3)=\) {1:NUMERICAL:=0,2:0,01} und \( P(X=6)=\) {1:NUMERICAL:=0,03:0,01}</p>]]></text></questiontext></question><question type="cloze"><name><text>07 </text></name><questiontext format="html"><text><![CDATA[Die Tabelle zeigt die Wahrscheinlichkeitsverteilung einer Zufallsgröße X.<table class="TabelleEinleitung">    <tr>        <td>\( x \)</td>        <td>\( -3 \)</td>        <td>\( 0 \)</td>        <td>\( 2 \)</td>        <td>\( 5 \)</td>        <td>\( 6 \)</td>    </tr>    <tr>        <td>\( P \)</td>        <td>\( 0,27 \)</td>        <td></td>        <td>\( 0,15 \)</td>        <td>\( 0,17 \)</td>        <td></td>    </tr></table><p>Bestimmen Sie die fehlenden Wahrscheinlichkeiten. Es ist bekannt, dass \( E(X) = 2,08\).</p><p>\( P(X=6)=\) {1:NUMERICAL:=0,29:0,01} und \( P(X=0)=\) {1:NUMERICAL:=0,12:0,01}</p>]]></text></questiontext></question><question type="cloze"><name><text>08 </text></name><questiontext format="html"><text><![CDATA[Die Tabelle zeigt die Wahrscheinlichkeitsverteilung einer Zufallsgröße X.<table class="TabelleEinleitung">    <tr>        <td>\( x \)</td>        <td>\( -3 \)</td>        <td>\( 0 \)</td>        <td>\( 1 \)</td>        <td>\( 2 \)</td>        <td>\( 4 \)</td>    </tr>    <tr>        <td>\( P \)</td>        <td>\( 0,14 \)</td>        <td></td>        <td>\( 0,21 \)</td>        <td></td>        <td>\( 0,3 \)</td>    </tr></table><p>Bestimmen Sie die fehlenden Wahrscheinlichkeiten. Es ist bekannt, dass \( E(X) = 1,11\).</p><p>\( P(X=2)=\) {1:NUMERICAL:=0,06:0,01} und \( P(X=0)=\) {1:NUMERICAL:=0,29:0,01}</p>]]></text></questiontext></question><question type="cloze"><name><text>09 </text></name><questiontext format="html"><text><![CDATA[Die Tabelle zeigt die Wahrscheinlichkeitsverteilung einer Zufallsgröße X.<table class="TabelleEinleitung">    <tr>        <td>\( x \)</td>        <td>\( -5 \)</td>        <td>\( -4 \)</td>        <td>\( -2 \)</td>        <td>\( 0 \)</td>        <td>\( 3 \)</td>    </tr>    <tr>        <td>\( P \)</td>        <td>\( 0,01 \)</td>        <td></td>        <td>\( 0,46 \)</td>        <td>\( 0,14 \)</td>        <td></td>    </tr></table><p>Bestimmen Sie die fehlenden Wahrscheinlichkeiten. Es ist bekannt, dass \( E(X) = -1,62\).</p><p>\( P(X=-4)=\) {1:NUMERICAL:=0,26:0,01} und \( P(X=3)=\) {1:NUMERICAL:=0,13:0,01}</p>]]></text></questiontext></question><question type="cloze"><name><text>10 </text></name><questiontext format="html"><text><![CDATA[Die Tabelle zeigt die Wahrscheinlichkeitsverteilung einer Zufallsgröße X.<table class="TabelleEinleitung">    <tr>        <td>\( x \)</td>        <td>\( -2 \)</td>        <td>\( 1 \)</td>        <td>\( 3 \)</td>        <td>\( 6 \)</td>        <td>\( 7 \)</td>    </tr>    <tr>        <td>\( P \)</td>        <td>\( 0,01 \)</td>        <td></td>        <td>\( 0,51 \)</td>        <td></td>        <td>\( 0,27 \)</td>    </tr></table><p>Bestimmen Sie die fehlenden Wahrscheinlichkeiten. Es ist bekannt, dass \( E(X) = 4,46\).</p><p>\( P(X=1)=\) {1:NUMERICAL:=0,04:0,01} und \( P(X=6)=\) {1:NUMERICAL:=0,17:0,01}</p>]]></text></questiontext></question><question type="cloze"><name><text>11 </text></name><questiontext format="html"><text><![CDATA[Die Tabelle zeigt die Wahrscheinlichkeitsverteilung einer Zufallsgröße X.<table class="TabelleEinleitung">    <tr>        <td>\( x \)</td>        <td>\( -2 \)</td>        <td>\( 1 \)</td>        <td>\( 4 \)</td>        <td>\( 6 \)</td>        <td>\( 8 \)</td>    </tr>    <tr>        <td>\( P \)</td>        <td>\( 0,31 \)</td>        <td>\( 0,13 \)</td>        <td>\( 0,24 \)</td>        <td></td>        <td></td>    </tr></table><p>Bestimmen Sie die fehlenden Wahrscheinlichkeiten. Es ist bekannt, dass \( E(X) = 2,97\).</p><p>\( P(X=8)=\) {1:NUMERICAL:=0,29:0,01} und \( P(X=6)=\) {1:NUMERICAL:=0,03:0,01}</p>]]></text></questiontext></question><question type="cloze"><name><text>12 </text></name><questiontext format="html"><text><![CDATA[Die Tabelle zeigt die Wahrscheinlichkeitsverteilung einer Zufallsgröße X.<table class="TabelleEinleitung">    <tr>        <td>\( x \)</td>        <td>\( -4 \)</td>        <td>\( -1 \)</td>        <td>\( 1 \)</td>        <td>\( 4 \)</td>        <td>\( 5 \)</td>    </tr>    <tr>        <td>\( P \)</td>        <td>\( 0,05 \)</td>        <td></td>        <td></td>        <td>\( 0,13 \)</td>        <td>\( 0,36 \)</td>    </tr></table><p>Bestimmen Sie die fehlenden Wahrscheinlichkeiten. Es ist bekannt, dass \( E(X) = 1,74\).</p><p>\( P(X=-1)=\) {1:NUMERICAL:=0,42:0,01} und \( P(X=1)=\) {1:NUMERICAL:=0,04:0,01}</p>]]></text></questiontext></question><question type="cloze"><name><text>13 </text></name><questiontext format="html"><text><![CDATA[Die Tabelle zeigt die Wahrscheinlichkeitsverteilung einer Zufallsgröße X.<table class="TabelleEinleitung">    <tr>        <td>\( x \)</td>        <td>\( -4 \)</td>        <td>\( -3 \)</td>        <td>\( -1 \)</td>        <td>\( 1 \)</td>        <td>\( 3 \)</td>    </tr>    <tr>        <td>\( P \)</td>        <td></td>        <td>\( 0,1 \)</td>        <td>\( 0,07 \)</td>        <td>\( 0,25 \)</td>        <td></td>    </tr></table><p>Bestimmen Sie die fehlenden Wahrscheinlichkeiten. Es ist bekannt, dass \( E(X) = -0,83\).</p><p>\( P(X=-4)=\) {1:NUMERICAL:=0,35:0,01} und \( P(X=3)=\) {1:NUMERICAL:=0,23:0,01}</p>]]></text></questiontext></question><question type="cloze"><name><text>14 </text></name><questiontext format="html"><text><![CDATA[Die Tabelle zeigt die Wahrscheinlichkeitsverteilung einer Zufallsgröße X.<table class="TabelleEinleitung">    <tr>        <td>\( x \)</td>        <td>\( -3 \)</td>        <td>\( 0 \)</td>        <td>\( 2 \)</td>        <td>\( 4 \)</td>        <td>\( 7 \)</td>    </tr>    <tr>        <td>\( P \)</td>        <td></td>        <td>\( 0,13 \)</td>        <td>\( 0,14 \)</td>        <td></td>        <td>\( 0,12 \)</td>    </tr></table><p>Bestimmen Sie die fehlenden Wahrscheinlichkeiten. Es ist bekannt, dass \( E(X) = 1,95\).</p><p>\( P(X=4)=\) {1:NUMERICAL:=0,38:0,01} und \( P(X=-3)=\) {1:NUMERICAL:=0,23:0,01}</p>]]></text></questiontext></question><question type="cloze"><name><text>15 </text></name><questiontext format="html"><text><![CDATA[Die Tabelle zeigt die Wahrscheinlichkeitsverteilung einer Zufallsgröße X.<table class="TabelleEinleitung">    <tr>        <td>\( x \)</td>        <td>\( -3 \)</td>        <td>\( -1 \)</td>        <td>\( 1 \)</td>        <td>\( 2 \)</td>        <td>\( 4 \)</td>    </tr>    <tr>        <td>\( P \)</td>        <td></td>        <td>\( 0,41 \)</td>        <td>\( 0 \)</td>        <td></td>        <td>\( 0,19 \)</td>    </tr></table><p>Bestimmen Sie die fehlenden Wahrscheinlichkeiten. Es ist bekannt, dass \( E(X) = 1,05\).</p><p>\( P(X=-3)=\) {1:NUMERICAL:=0,02:0,01} und \( P(X=2)=\) {1:NUMERICAL:=0,38:0,01}</p>]]></text></questiontext></question><question type="cloze"><name><text>16 </text></name><questiontext format="html"><text><![CDATA[Die Tabelle zeigt die Wahrscheinlichkeitsverteilung einer Zufallsgröße X.<table class="TabelleEinleitung">    <tr>        <td>\( x \)</td>        <td>\( -4 \)</td>        <td>\( -3 \)</td>        <td>\( -1 \)</td>        <td>\( 1 \)</td>        <td>\( 2 \)</td>    </tr>    <tr>        <td>\( P \)</td>        <td></td>        <td>\( 0,3 \)</td>        <td>\( 0,06 \)</td>        <td>\( 0,32 \)</td>        <td></td>    </tr></table><p>Bestimmen Sie die fehlenden Wahrscheinlichkeiten. Es ist bekannt, dass \( E(X) = -0,24\).</p><p>\( P(X=2)=\) {1:NUMERICAL:=0,28:0,01} und \( P(X=-4)=\) {1:NUMERICAL:=0,04:0,01}</p>]]></text></questiontext></question><question type="cloze"><name><text>17 </text></name><questiontext format="html"><text><![CDATA[Die Tabelle zeigt die Wahrscheinlichkeitsverteilung einer Zufallsgröße X.<table class="TabelleEinleitung">    <tr>        <td>\( x \)</td>        <td>\( -3 \)</td>        <td>\( -1 \)</td>        <td>\( 2 \)</td>        <td>\( 4 \)</td>        <td>\( 6 \)</td>    </tr>    <tr>        <td>\( P \)</td>        <td>\( 0,31 \)</td>        <td></td>        <td>\( 0,03 \)</td>        <td>\( 0,34 \)</td>        <td></td>    </tr></table><p>Bestimmen Sie die fehlenden Wahrscheinlichkeiten. Es ist bekannt, dass \( E(X) = 0,31\).</p><p>\( P(X=-1)=\) {1:NUMERICAL:=0,3:0,01} und \( P(X=6)=\) {1:NUMERICAL:=0,02:0,01}</p>]]></text></questiontext></question><question type="cloze"><name><text>18 </text></name><questiontext format="html"><text><![CDATA[Die Tabelle zeigt die Wahrscheinlichkeitsverteilung einer Zufallsgröße X.<table class="TabelleEinleitung">    <tr>        <td>\( x \)</td>        <td>\( -4 \)</td>        <td>\( -2 \)</td>        <td>\( 1 \)</td>        <td>\( 2 \)</td>        <td>\( 4 \)</td>    </tr>    <tr>        <td>\( P \)</td>        <td></td>        <td>\( 0,21 \)</td>        <td></td>        <td>\( 0,29 \)</td>        <td>\( 0,05 \)</td>    </tr></table><p>Bestimmen Sie die fehlenden Wahrscheinlichkeiten. Es ist bekannt, dass \( E(X) = -0,24\).</p><p>\( P(X=-4)=\) {1:NUMERICAL:=0,21:0,01} und \( P(X=1)=\) {1:NUMERICAL:=0,24:0,01}</p>]]></text></questiontext></question><question type="cloze"><name><text>19 </text></name><questiontext format="html"><text><![CDATA[Die Tabelle zeigt die Wahrscheinlichkeitsverteilung einer Zufallsgröße X.<table class="TabelleEinleitung">    <tr>        <td>\( x \)</td>        <td>\( -2 \)</td>        <td>\( 0 \)</td>        <td>\( 3 \)</td>        <td>\( 4 \)</td>        <td>\( 6 \)</td>    </tr>    <tr>        <td>\( P \)</td>        <td>\( 0,11 \)</td>        <td></td>        <td>\( 0,31 \)</td>        <td></td>        <td>\( 0 \)</td>    </tr></table><p>Bestimmen Sie die fehlenden Wahrscheinlichkeiten. Es ist bekannt, dass \( E(X) = 1,87\).</p><p>\( P(X=0)=\) {1:NUMERICAL:=0,29:0,01} und \( P(X=4)=\) {1:NUMERICAL:=0,29:0,01}</p>]]></text></questiontext></question><question type="cloze"><name><text>20 </text></name><questiontext format="html"><text><![CDATA[Die Tabelle zeigt die Wahrscheinlichkeitsverteilung einer Zufallsgröße X.<table class="TabelleEinleitung">    <tr>        <td>\( x \)</td>        <td>\( -5 \)</td>        <td>\( -3 \)</td>        <td>\( -2 \)</td>        <td>\( -1 \)</td>        <td>\( 1 \)</td>    </tr>    <tr>        <td>\( P \)</td>        <td>\( 0,2 \)</td>        <td>\( 0,44 \)</td>        <td></td>        <td>\( 0 \)</td>        <td></td>    </tr></table><p>Bestimmen Sie die fehlenden Wahrscheinlichkeiten. Es ist bekannt, dass \( E(X) = -2,29\).</p><p>\( P(X=1)=\) {1:NUMERICAL:=0,25:0,01} und \( P(X=-2)=\) {1:NUMERICAL:=0,11:0,01}</p>]]></text></questiontext></question></quiz>