<?xml version="1.0" encoding="UTF-8" standalone="yes"?>
<quiz><question type="category"><category><text>Analysis/Wirtschaft/Ökonomische Funktionen/KostenkennzahlenRechnerisch/K3</text></category><info format="html"><text /></info><idnumber /></question><question type="cloze"><name><text>01 </text></name><questiontext format="html"><text><![CDATA[Die Kostenfunktion eines Unternehmens lautet</p> <p>\( K(x)=0,028x^3-0,44x^2+5,9x+18 \).</p> <p>Bestimmen Sie (auf 2 NKS gerundet)<p>die kurzfristige Preisuntergrenze.</p><p>{1:NUMERICAL:=4,1714:0,1}</p><p>das Betriebsminimum.</p><p>{1:NUMERICAL:=7,8571:0,1}</p><p>die langfristige Preisuntergrenze.</p><p>{1:NUMERICAL:=6,0799:0,1}</p><p>das Betriebsoptimum.</p><p>{1:NUMERICAL:=10,6768:0,1}</p><p>die Menge beim Übergang vom degressiven zum progressiven Kostenwachstum.</p><p>{1:NUMERICAL:=5,2381:0,1}</p>]]></text></questiontext></question><question type="cloze"><name><text>02 </text></name><questiontext format="html"><text><![CDATA[Die Kostenfunktion eines Unternehmens lautet</p> <p>\( K(x)=0,17x^3-1,8x^2+11x+11 \).</p> <p>Bestimmen Sie (auf 2 NKS gerundet)<p>die kurzfristige Preisuntergrenze.</p><p>{1:NUMERICAL:=6,2353:0,1}</p><p>das Betriebsminimum.</p><p>{1:NUMERICAL:=5,2941:0,1}</p><p>die Menge beim Übergang vom degressiven zum progressiven Kostenwachstum.</p><p>{1:NUMERICAL:=3,5294:0,1}</p><p>das Betriebsoptimum.</p><p>{1:NUMERICAL:=6,1496:0,1}</p><p>die langfristige Preisuntergrenze.</p><p>{1:NUMERICAL:=8,1484:0,1}</p>]]></text></questiontext></question><question type="cloze"><name><text>03 </text></name><questiontext format="html"><text><![CDATA[Die Kostenfunktion eines Unternehmens lautet</p> <p>\( K(x)=0,28x^3-2,2x^2+13x+12 \).</p> <p>Bestimmen Sie (auf 2 NKS gerundet)<p>das Betriebsminimum.</p><p>{1:NUMERICAL:=3,9286:0,1}</p><p>die Menge beim Übergang vom degressiven zum progressiven Kostenwachstum.</p><p>{1:NUMERICAL:=2,619:0,1}</p><p>das Betriebsoptimum.</p><p>{1:NUMERICAL:=4,8424:0,1}</p><p>die langfristige Preisuntergrenze.</p><p>{1:NUMERICAL:=11,3905:0,1}</p><p>die kurzfristige Preisuntergrenze.</p><p>{1:NUMERICAL:=8,6786:0,1}</p>]]></text></questiontext></question><question type="cloze"><name><text>04 </text></name><questiontext format="html"><text><![CDATA[Die Kostenfunktion eines Unternehmens lautet</p> <p>\( K(x)=0,12x^3-1,2x^2+7x+8,2 \).</p> <p>Bestimmen Sie (auf 2 NKS gerundet)<p>die Menge beim Übergang vom degressiven zum progressiven Kostenwachstum.</p><p>{1:NUMERICAL:=3,3333:0,1}</p><p>das Betriebsminimum.</p><p>{1:NUMERICAL:=5:0,1}</p><p>die langfristige Preisuntergrenze.</p><p>{1:NUMERICAL:=5,4864:0,1}</p><p>die kurzfristige Preisuntergrenze.</p><p>{1:NUMERICAL:=4:0,1}</p><p>das Betriebsoptimum.</p><p>{1:NUMERICAL:=5,9614:0,1}</p>]]></text></questiontext></question><question type="cloze"><name><text>05 </text></name><questiontext format="html"><text><![CDATA[Die Kostenfunktion eines Unternehmens lautet</p> <p>\( K(x)=1,1x^3-9,4x^2+50x+74 \).</p> <p>Bestimmen Sie (auf 2 NKS gerundet)<p>die Menge beim Übergang vom degressiven zum progressiven Kostenwachstum.</p><p>{1:NUMERICAL:=2,8485:0,1}</p><p>die langfristige Preisuntergrenze.</p><p>{1:NUMERICAL:=45,0192:0,1}</p><p>die kurzfristige Preisuntergrenze.</p><p>{1:NUMERICAL:=29,9182:0,1}</p><p>das Betriebsminimum.</p><p>{1:NUMERICAL:=4,2727:0,1}</p><p>das Betriebsoptimum.</p><p>{1:NUMERICAL:=5,4184:0,1}</p>]]></text></questiontext></question><question type="cloze"><name><text>06 </text></name><questiontext format="html"><text><![CDATA[Die Kostenfunktion eines Unternehmens lautet</p> <p>\( K(x)=0,058x^3-1,4x^2+13x+22 \).</p> <p>Bestimmen Sie (auf 2 NKS gerundet)<p>die Menge beim Übergang vom degressiven zum progressiven Kostenwachstum.</p><p>{1:NUMERICAL:=8,046:0,1}</p><p>die langfristige Preisuntergrenze.</p><p>{1:NUMERICAL:=6,2925:0,1}</p><p>die kurzfristige Preisuntergrenze.</p><p>{1:NUMERICAL:=4,5517:0,1}</p><p>das Betriebsoptimum.</p><p>{1:NUMERICAL:=13,1635:0,1}</p><p>das Betriebsminimum.</p><p>{1:NUMERICAL:=12,069:0,1}</p>]]></text></questiontext></question><question type="cloze"><name><text>07 </text></name><questiontext format="html"><text><![CDATA[Die Kostenfunktion eines Unternehmens lautet</p> <p>\( K(x)=0,0028x^3-0,18x^2+5,5x+25 \).</p> <p>Bestimmen Sie (auf 2 NKS gerundet)<p>die kurzfristige Preisuntergrenze.</p><p>{1:NUMERICAL:=2,6071:0,1}</p><p>das Betriebsminimum.</p><p>{1:NUMERICAL:=32,1429:0,1}</p><p>das Betriebsoptimum.</p><p>{1:NUMERICAL:=35,6546:0,1}</p><p>die Menge beim Übergang vom degressiven zum progressiven Kostenwachstum.</p><p>{1:NUMERICAL:=21,4286:0,1}</p><p>die langfristige Preisuntergrenze.</p><p>{1:NUMERICAL:=3,3428:0,1}</p>]]></text></questiontext></question><question type="cloze"><name><text>08 </text></name><questiontext format="html"><text><![CDATA[Die Kostenfunktion eines Unternehmens lautet</p> <p>\( K(x)=0,001x^3-0,13x^2+6,7x+60 \).</p> <p>Bestimmen Sie (auf 2 NKS gerundet)<p>die langfristige Preisuntergrenze.</p><p>{1:NUMERICAL:=3,3561:0,1}</p><p>das Betriebsoptimum.</p><p>{1:NUMERICAL:=70,9582:0,1}</p><p>die Menge beim Übergang vom degressiven zum progressiven Kostenwachstum.</p><p>{1:NUMERICAL:=43,3333:0,1}</p><p>die kurzfristige Preisuntergrenze.</p><p>{1:NUMERICAL:=2,475:0,1}</p><p>das Betriebsminimum.</p><p>{1:NUMERICAL:=65:0,1}</p>]]></text></questiontext></question><question type="cloze"><name><text>09 </text></name><questiontext format="html"><text><![CDATA[Die Kostenfunktion eines Unternehmens lautet</p> <p>\( K(x)=0,001x^3-0,094x^2+5x+66 \).</p> <p>Bestimmen Sie (auf 2 NKS gerundet)<p>die kurzfristige Preisuntergrenze.</p><p>{1:NUMERICAL:=2,791:0,1}</p><p>das Betriebsoptimum.</p><p>{1:NUMERICAL:=57,1158:0,1}</p><p>die Menge beim Übergang vom degressiven zum progressiven Kostenwachstum.</p><p>{1:NUMERICAL:=31,3333:0,1}</p><p>die langfristige Preisuntergrenze.</p><p>{1:NUMERICAL:=4,0489:0,1}</p><p>das Betriebsminimum.</p><p>{1:NUMERICAL:=47:0,1}</p>]]></text></questiontext></question><question type="cloze"><name><text>10 </text></name><questiontext format="html"><text><![CDATA[Die Kostenfunktion eines Unternehmens lautet</p> <p>\( K(x)=0,0084x^3-0,51x^2+11x+97 \).</p> <p>Bestimmen Sie (auf 2 NKS gerundet)<p>die kurzfristige Preisuntergrenze.</p><p>{1:NUMERICAL:=3,2589:0,1}</p><p>die Menge beim Übergang vom degressiven zum progressiven Kostenwachstum.</p><p>{1:NUMERICAL:=20,2381:0,1}</p><p>die langfristige Preisuntergrenze.</p><p>{1:NUMERICAL:=6,2114:0,1}</p><p>das Betriebsminimum.</p><p>{1:NUMERICAL:=30,3571:0,1}</p><p>das Betriebsoptimum.</p><p>{1:NUMERICAL:=35,0555:0,1}</p>]]></text></questiontext></question><question type="cloze"><name><text>11 </text></name><questiontext format="html"><text><![CDATA[Die Kostenfunktion eines Unternehmens lautet</p> <p>\( K(x)=0,17x^3-2,5x^2+33x+78 \).</p> <p>Bestimmen Sie (auf 2 NKS gerundet)<p>die kurzfristige Preisuntergrenze.</p><p>{1:NUMERICAL:=23,8088:0,1}</p><p>das Betriebsoptimum.</p><p>{1:NUMERICAL:=9,7609:0,1}</p><p>das Betriebsminimum.</p><p>{1:NUMERICAL:=7,3529:0,1}</p><p>die Menge beim Übergang vom degressiven zum progressiven Kostenwachstum.</p><p>{1:NUMERICAL:=4,902:0,1}</p><p>die langfristige Preisuntergrenze.</p><p>{1:NUMERICAL:=32,7856:0,1}</p>]]></text></questiontext></question><question type="cloze"><name><text>12 </text></name><questiontext format="html"><text><![CDATA[Die Kostenfunktion eines Unternehmens lautet</p> <p>\( K(x)=0,0011x^3-0,11x^2+3,9x+54 \).</p> <p>Bestimmen Sie (auf 2 NKS gerundet)<p>die kurzfristige Preisuntergrenze.</p><p>{1:NUMERICAL:=1,15:0,1}</p><p>die Menge beim Übergang vom degressiven zum progressiven Kostenwachstum.</p><p>{1:NUMERICAL:=33,3333:0,1}</p><p>das Betriebsminimum.</p><p>{1:NUMERICAL:=50:0,1}</p><p>das Betriebsoptimum.</p><p>{1:NUMERICAL:=57,4396:0,1}</p><p>die langfristige Preisuntergrenze.</p><p>{1:NUMERICAL:=2,151:0,1}</p>]]></text></questiontext></question><question type="cloze"><name><text>13 </text></name><questiontext format="html"><text><![CDATA[Die Kostenfunktion eines Unternehmens lautet</p> <p>\( K(x)=0,0013x^3-0,11x^2+5,8x+74 \).</p> <p>Bestimmen Sie (auf 2 NKS gerundet)<p>das Betriebsoptimum.</p><p>{1:NUMERICAL:=52,5962:0,1}</p><p>die langfristige Preisuntergrenze.</p><p>{1:NUMERICAL:=5,0176:0,1}</p><p>das Betriebsminimum.</p><p>{1:NUMERICAL:=42,3077:0,1}</p><p>die Menge beim Übergang vom degressiven zum progressiven Kostenwachstum.</p><p>{1:NUMERICAL:=28,2051:0,1}</p><p>die kurzfristige Preisuntergrenze.</p><p>{1:NUMERICAL:=3,4731:0,1}</p>]]></text></questiontext></question><question type="cloze"><name><text>14 </text></name><questiontext format="html"><text><![CDATA[Die Kostenfunktion eines Unternehmens lautet</p> <p>\( K(x)=0,0012x^3-0,12x^2+6,6x+74 \).</p> <p>Bestimmen Sie (auf 2 NKS gerundet)<p>die Menge beim Übergang vom degressiven zum progressiven Kostenwachstum.</p><p>{1:NUMERICAL:=33,3333:0,1}</p><p>das Betriebsminimum.</p><p>{1:NUMERICAL:=50:0,1}</p><p>die langfristige Preisuntergrenze.</p><p>{1:NUMERICAL:=4,9514:0,1}</p><p>die kurzfristige Preisuntergrenze.</p><p>{1:NUMERICAL:=3,6:0,1}</p><p>das Betriebsoptimum.</p><p>{1:NUMERICAL:=58,8906:0,1}</p>]]></text></questiontext></question><question type="cloze"><name><text>15 </text></name><questiontext format="html"><text><![CDATA[Die Kostenfunktion eines Unternehmens lautet</p> <p>\( K(x)=0,027x^3-0,67x^2+5,7x+19 \).</p> <p>Bestimmen Sie (auf 2 NKS gerundet)<p>das Betriebsoptimum.</p><p>{1:NUMERICAL:=14,1618:0,1}</p><p>die Menge beim Übergang vom degressiven zum progressiven Kostenwachstum.</p><p>{1:NUMERICAL:=8,2716:0,1}</p><p>die kurzfristige Preisuntergrenze.</p><p>{1:NUMERICAL:=1,5435:0,1}</p><p>das Betriebsminimum.</p><p>{1:NUMERICAL:=12,4074:0,1}</p><p>die langfristige Preisuntergrenze.</p><p>{1:NUMERICAL:=2,9683:0,1}</p>]]></text></questiontext></question><question type="cloze"><name><text>16 </text></name><questiontext format="html"><text><![CDATA[Die Kostenfunktion eines Unternehmens lautet</p> <p>\( K(x)=0,13x^3-1,5x^2+6,4x+7 \).</p> <p>Bestimmen Sie (auf 2 NKS gerundet)<p>das Betriebsoptimum.</p><p>{1:NUMERICAL:=6,422:0,1}</p><p>die kurzfristige Preisuntergrenze.</p><p>{1:NUMERICAL:=2,0731:0,1}</p><p>die Menge beim Übergang vom degressiven zum progressiven Kostenwachstum.</p><p>{1:NUMERICAL:=3,8462:0,1}</p><p>das Betriebsminimum.</p><p>{1:NUMERICAL:=5,7692:0,1}</p><p>die langfristige Preisuntergrenze.</p><p>{1:NUMERICAL:=3,2185:0,1}</p>]]></text></questiontext></question><question type="cloze"><name><text>17 </text></name><questiontext format="html"><text><![CDATA[Die Kostenfunktion eines Unternehmens lautet</p> <p>\( K(x)=0,14x^3-3,2x^2+33x+91 \).</p> <p>Bestimmen Sie (auf 2 NKS gerundet)<p>die langfristige Preisuntergrenze.</p><p>{1:NUMERICAL:=22,0466:0,1}</p><p>die kurzfristige Preisuntergrenze.</p><p>{1:NUMERICAL:=14,7143:0,1}</p><p>das Betriebsminimum.</p><p>{1:NUMERICAL:=11,4286:0,1}</p><p>die Menge beim Übergang vom degressiven zum progressiven Kostenwachstum.</p><p>{1:NUMERICAL:=7,619:0,1}</p><p>das Betriebsoptimum.</p><p>{1:NUMERICAL:=13,2733:0,1}</p>]]></text></questiontext></question><question type="cloze"><name><text>18 </text></name><questiontext format="html"><text><![CDATA[Die Kostenfunktion eines Unternehmens lautet</p> <p>\( K(x)=0,056x^3-x^2+8,1x+23 \).</p> <p>Bestimmen Sie (auf 2 NKS gerundet)<p>das Betriebsminimum.</p><p>{1:NUMERICAL:=8,9286:0,1}</p><p>das Betriebsoptimum.</p><p>{1:NUMERICAL:=10,7167:0,1}</p><p>die Menge beim Übergang vom degressiven zum progressiven Kostenwachstum.</p><p>{1:NUMERICAL:=5,9524:0,1}</p><p>die langfristige Preisuntergrenze.</p><p>{1:NUMERICAL:=5,961:0,1}</p><p>die kurzfristige Preisuntergrenze.</p><p>{1:NUMERICAL:=3,6357:0,1}</p>]]></text></questiontext></question><question type="cloze"><name><text>19 </text></name><questiontext format="html"><text><![CDATA[Die Kostenfunktion eines Unternehmens lautet</p> <p>\( K(x)=0,0011x^3-0,11x^2+4,6x+60 \).</p> <p>Bestimmen Sie (auf 2 NKS gerundet)<p>die Menge beim Übergang vom degressiven zum progressiven Kostenwachstum.</p><p>{1:NUMERICAL:=33,3333:0,1}</p><p>das Betriebsminimum.</p><p>{1:NUMERICAL:=50:0,1}</p><p>die langfristige Preisuntergrenze.</p><p>{1:NUMERICAL:=2,9549:0,1}</p><p>die kurzfristige Preisuntergrenze.</p><p>{1:NUMERICAL:=1,85:0,1}</p><p>das Betriebsoptimum.</p><p>{1:NUMERICAL:=58,0838:0,1}</p>]]></text></questiontext></question><question type="cloze"><name><text>20 </text></name><questiontext format="html"><text><![CDATA[Die Kostenfunktion eines Unternehmens lautet</p> <p>\( K(x)=1,4x^3-12x^2+63x+97 \).</p> <p>Bestimmen Sie (auf 2 NKS gerundet)<p>das Betriebsoptimum.</p><p>{1:NUMERICAL:=5,4514:0,1}</p><p>die Menge beim Übergang vom degressiven zum progressiven Kostenwachstum.</p><p>{1:NUMERICAL:=2,8571:0,1}</p><p>das Betriebsminimum.</p><p>{1:NUMERICAL:=4,2857:0,1}</p><p>die langfristige Preisuntergrenze.</p><p>{1:NUMERICAL:=56,9817:0,1}</p><p>die kurzfristige Preisuntergrenze.</p><p>{1:NUMERICAL:=37,2857:0,1}</p>]]></text></questiontext></question></quiz>