<?xml version="1.0" encoding="UTF-8" standalone="yes"?>
<quiz><question type="category"><category><text>Analysis/Wirtschaft/Ökonomische Funktionen/Steckbriefaufgaben/kubischKennzahlen</text></category><info format="html"><text /></info><idnumber /></question><question type="cloze"><name><text>01 </text></name><questiontext format="html"><text><![CDATA[Es liegen folgende Informationen vor:</p> <p>Die Kosten bei 20 ME betragen 8589,6 GE.</p> <p>Die Stückkosten bei 4 ME betragen 1689 GE/ME.</p> <p>Die Grenzkosten bei 28 ME betragen 677,8 ME/GE.</p> <p>Das Betriebsoptimum beträgt 24 ME.<p>Bestimmen Sie die kubische Kostenfunktion.</p><p>\( K(x)= \){1:NUMERICAL:=0,8:0}\( x^3 \)+{1:NUMERICAL:=-28,8:0}\( x^2 \)+{1:NUMERICAL:=409:0}\( x \)+{1:NUMERICAL:=5529,6:0}</p>]]></text></questiontext></question><question type="cloze"><name><text>02 </text></name><questiontext format="html"><text><![CDATA[Es liegen folgende Informationen vor:</p> <p>Die Fixkosten betragen 2710,4 GE.</p> <p>Die Stückkosten bei 25 ME betragen 235,416 GE/ME.</p> <p>Das Betriebsoptimum beträgt 22 ME.</p> <p>Die langfristige Preisuntergrenze beträgt 229,8 GE/ME.<p>Bestimmen Sie die kubische Kostenfunktion.</p><p>\( K(x)= \){1:NUMERICAL:=0,4:0}\( x^3 \)+{1:NUMERICAL:=-12:0}\( x^2 \)+{1:NUMERICAL:=177:0}\( x \)+{1:NUMERICAL:=2710,4:0}</p>]]></text></questiontext></question><question type="cloze"><name><text>03 </text></name><questiontext format="html"><text><![CDATA[Es liegen folgende Informationen vor:</p> <p>Die Kosten bei 11 ME betragen 155,3 GE.</p> <p>Die Stückkosten bei 5 ME betragen 17,5 GE/ME.</p> <p>Das Betriebsoptimum beträgt 10 ME.</p> <p>Die langfristige Preisuntergrenze beträgt 14 GE/ME.<p>Bestimmen Sie die kubische Kostenfunktion.</p><p>\( K(x)= \){1:NUMERICAL:=0,1:0}\( x^3 \)+{1:NUMERICAL:=-1,8:0}\( x^2 \)+{1:NUMERICAL:=20:0}\( x \)+{1:NUMERICAL:=20:0}</p>]]></text></questiontext></question><question type="cloze"><name><text>04 </text></name><questiontext format="html"><text><![CDATA[Es liegen folgende Informationen vor:</p> <p>Die Fixkosten betragen 41067 GE.</p> <p>Die Stückkosten bei 4 ME betragen 10886,35 GE/ME.</p> <p>Das Betriebsoptimum beträgt 39 ME.</p> <p>Die langfristige Preisuntergrenze beträgt 1515,1 GE/ME.<p>Bestimmen Sie die kubische Kostenfunktion.</p><p>\( K(x)= \){1:NUMERICAL:=0,9:0}\( x^3 \)+{1:NUMERICAL:=-43,2:0}\( x^2 \)+{1:NUMERICAL:=778:0}\( x \)+{1:NUMERICAL:=41067:0}</p>]]></text></questiontext></question><question type="cloze"><name><text>05 </text></name><questiontext format="html"><text><![CDATA[Es liegen folgende Informationen vor:</p> <p>Die Fixkosten betragen 2160 GE.</p> <p>Die variablen Stückkosten bei 23 ME betragen 307,8 GE/ME.</p> <p>Das Betriebsminimum beträgt 27 ME.</p> <p>Die kurzfristige Preisuntergrenze beträgt 301,4 GE/ME.<p>Bestimmen Sie die kubische Kostenfunktion.</p><p>\( K(x)= \){1:NUMERICAL:=0,4:0}\( x^3 \)+{1:NUMERICAL:=-21,6:0}\( x^2 \)+{1:NUMERICAL:=593:0}\( x \)+{1:NUMERICAL:=2160:0}</p>]]></text></questiontext></question><question type="cloze"><name><text>06 </text></name><questiontext format="html"><text><![CDATA[Es liegen folgende Informationen vor:</p> <p>Die Kosten bei 18 ME betragen 1862 GE.</p> <p>Die variablen Stückkosten bei 9 ME betragen 49,5 GE/ME.</p> <p>Die Grenzkosten bei 18 ME betragen 252 ME/GE.</p> <p>Das Betriebsoptimum beträgt 11 ME.<p>Bestimmen Sie die kubische Kostenfunktion.</p><p>\( K(x)= \){1:NUMERICAL:=0,5:0}\( x^3 \)+{1:NUMERICAL:=-9:0}\( x^2 \)+{1:NUMERICAL:=90:0}\( x \)+{1:NUMERICAL:=242:0}</p>]]></text></questiontext></question><question type="cloze"><name><text>07 </text></name><questiontext format="html"><text><![CDATA[Es liegen folgende Informationen vor:</p> <p>Die Kosten bei 55 ME betragen 15067,5 GE.</p> <p>Die Stückkosten bei 25 ME betragen 346,5 GE/ME.</p> <p>Die Grenzkosten bei 60 ME betragen 551 ME/GE.</p> <p>Das Betriebsoptimum beträgt 45 ME.<p>Bestimmen Sie die kubische Kostenfunktion.</p><p>\( K(x)= \){1:NUMERICAL:=0,1:0}\( x^3 \)+{1:NUMERICAL:=-6:0}\( x^2 \)+{1:NUMERICAL:=191:0}\( x \)+{1:NUMERICAL:=6075:0}</p>]]></text></questiontext></question><question type="cloze"><name><text>08 </text></name><questiontext format="html"><text><![CDATA[Es liegen folgende Informationen vor:</p> <p>Die Kosten bei 24 ME betragen 3591,4 GE.</p> <p>Die Stückkosten bei 4 ME betragen 468,85 GE/ME.</p> <p>Das Betriebsminimum beträgt 30 ME.</p> <p>Die kurzfristige Preisuntergrenze beträgt 95 GE/ME.<p>Bestimmen Sie die kubische Kostenfunktion.</p><p>\( K(x)= \){1:NUMERICAL:=0,1:0}\( x^3 \)+{1:NUMERICAL:=-6:0}\( x^2 \)+{1:NUMERICAL:=185:0}\( x \)+{1:NUMERICAL:=1225:0}</p>]]></text></questiontext></question><question type="cloze"><name><text>09 </text></name><questiontext format="html"><text><![CDATA[Es liegen folgende Informationen vor:</p> <p>Die Fixkosten betragen 800 GE.</p> <p>Die Stückkosten bei 2 ME betragen 700 GE/ME.</p> <p>Das Betriebsoptimum beträgt 20 ME.</p> <p>Die langfristige Preisuntergrenze beträgt 214 GE/ME.<p>Bestimmen Sie die kubische Kostenfunktion.</p><p>\( K(x)= \){1:NUMERICAL:=0,5:0}\( x^3 \)+{1:NUMERICAL:=-18:0}\( x^2 \)+{1:NUMERICAL:=334:0}\( x \)+{1:NUMERICAL:=800:0}</p>]]></text></questiontext></question><question type="cloze"><name><text>10 </text></name><questiontext format="html"><text><![CDATA[Es liegen folgende Informationen vor:</p> <p>Die Fixkosten betragen 10952 GE.</p> <p>Die variablen Stückkosten bei 35 ME betragen 455 GE/ME.</p> <p>Die Grenzkosten bei 19 ME betragen 333,4 ME/GE.</p> <p>Das Betriebsminimum beträgt 27 ME.<p>Bestimmen Sie die kubische Kostenfunktion.</p><p>\( K(x)= \){1:NUMERICAL:=0,4:0}\( x^3 \)+{1:NUMERICAL:=-21,6:0}\( x^2 \)+{1:NUMERICAL:=721:0}\( x \)+{1:NUMERICAL:=10952:0}</p>]]></text></questiontext></question><question type="cloze"><name><text>11 </text></name><questiontext format="html"><text><![CDATA[Es liegen folgende Informationen vor:</p> <p>Die Fixkosten betragen 2704 GE.</p> <p>Die Stückkosten bei 25 ME betragen 197,16 GE/ME.</p> <p>Das Betriebsoptimum beträgt 26 ME.</p> <p>Die langfristige Preisuntergrenze beträgt 196,6 GE/ME.<p>Bestimmen Sie die kubische Kostenfunktion.</p><p>\( K(x)= \){1:NUMERICAL:=0,4:0}\( x^3 \)+{1:NUMERICAL:=-16,8:0}\( x^2 \)+{1:NUMERICAL:=259:0}\( x \)+{1:NUMERICAL:=2704:0}</p>]]></text></questiontext></question><question type="cloze"><name><text>12 </text></name><questiontext format="html"><text><![CDATA[Es liegen folgende Informationen vor:</p> <p>Die Kosten bei 48 ME betragen 24160 GE.</p> <p>Die variablen Stückkosten bei 31 ME betragen 174,5 GE/ME.</p> <p>Das Betriebsoptimum beträgt 28 ME.</p> <p>Die langfristige Preisuntergrenze beträgt 270 GE/ME.<p>Bestimmen Sie die kubische Kostenfunktion.</p><p>\( K(x)= \){1:NUMERICAL:=0,5:0}\( x^3 \)+{1:NUMERICAL:=-24:0}\( x^2 \)+{1:NUMERICAL:=438:0}\( x \)+{1:NUMERICAL:=3136:0}</p>]]></text></questiontext></question><question type="cloze"><name><text>13 </text></name><questiontext format="html"><text><![CDATA[Es liegen folgende Informationen vor:</p> <p>Die Fixkosten betragen 1555,2 GE.</p> <p>Die variablen Stückkosten bei 45 ME betragen 166,5 GE/ME.</p> <p>Der Übergang vom degressiven zum progressiven Kostenwachstum findet bei 20 ME statt.</p> <p>Das Betriebsoptimum beträgt 36 ME.<p>Bestimmen Sie die kubische Kostenfunktion.</p><p>\( K(x)= \){1:NUMERICAL:=0,1:0}\( x^3 \)+{1:NUMERICAL:=-6:0}\( x^2 \)+{1:NUMERICAL:=234:0}\( x \)+{1:NUMERICAL:=1555,2:0}</p>]]></text></questiontext></question><question type="cloze"><name><text>14 </text></name><questiontext format="html"><text><![CDATA[Es liegen folgende Informationen vor:</p> <p>Die Fixkosten betragen 194,4 GE.</p> <p>Die variablen Stückkosten bei 21 ME betragen 39,1 GE/ME.</p> <p>Das Betriebsoptimum beträgt 18 ME.</p> <p>Die langfristige Preisuntergrenze beträgt 47,2 GE/ME.<p>Bestimmen Sie die kubische Kostenfunktion.</p><p>\( K(x)= \){1:NUMERICAL:=0,1:0}\( x^3 \)+{1:NUMERICAL:=-3:0}\( x^2 \)+{1:NUMERICAL:=58:0}\( x \)+{1:NUMERICAL:=194,4:0}</p>]]></text></questiontext></question><question type="cloze"><name><text>15 </text></name><questiontext format="html"><text><![CDATA[Es liegen folgende Informationen vor:</p> <p>Die Fixkosten betragen 144,4 GE.</p> <p>Die variablen Stückkosten bei 17 ME betragen 108,4 GE/ME.</p> <p>Das Betriebsoptimum beträgt 19 ME.</p> <p>Die langfristige Preisuntergrenze beträgt 116 GE/ME.<p>Bestimmen Sie die kubische Kostenfunktion.</p><p>\( K(x)= \){1:NUMERICAL:=0,2:0}\( x^3 \)+{1:NUMERICAL:=-7,2:0}\( x^2 \)+{1:NUMERICAL:=173:0}\( x \)+{1:NUMERICAL:=144,4:0}</p>]]></text></questiontext></question><question type="cloze"><name><text>16 </text></name><questiontext format="html"><text><![CDATA[Es liegen folgende Informationen vor:</p> <p>Die Fixkosten betragen 1728 GE.</p> <p>Die variablen Stückkosten bei 14 ME betragen 387 GE/ME.</p> <p>Die Grenzkosten bei 26 ME betragen 505 ME/GE.</p> <p>Das Betriebsoptimum beträgt 24 ME.<p>Bestimmen Sie die kubische Kostenfunktion.</p><p>\( K(x)= \){1:NUMERICAL:=0,5:0}\( x^3 \)+{1:NUMERICAL:=-21:0}\( x^2 \)+{1:NUMERICAL:=583:0}\( x \)+{1:NUMERICAL:=1728:0}</p>]]></text></questiontext></question><question type="cloze"><name><text>17 </text></name><questiontext format="html"><text><![CDATA[Es liegen folgende Informationen vor:</p> <p>Die Fixkosten betragen 4624 GE.</p> <p>Die variablen Stückkosten bei 43 ME betragen 292,5 GE/ME.</p> <p>Das Betriebsminimum beträgt 30 ME.</p> <p>Die kurzfristige Preisuntergrenze beträgt 208 GE/ME.<p>Bestimmen Sie die kubische Kostenfunktion.</p><p>\( K(x)= \){1:NUMERICAL:=0,5:0}\( x^3 \)+{1:NUMERICAL:=-30:0}\( x^2 \)+{1:NUMERICAL:=658:0}\( x \)+{1:NUMERICAL:=4624:0}</p>]]></text></questiontext></question><question type="cloze"><name><text>18 </text></name><questiontext format="html"><text><![CDATA[Es liegen folgende Informationen vor:</p> <p>Die Fixkosten betragen 320 GE.</p> <p>Die variablen Stückkosten bei 22 ME betragen 78,4 GE/ME.</p> <p>Die Grenzkosten bei 26 ME betragen 171,2 ME/GE.</p> <p>Das Betriebsoptimum beträgt 20 ME.<p>Bestimmen Sie die kubische Kostenfunktion.</p><p>\( K(x)= \){1:NUMERICAL:=0,2:0}\( x^3 \)+{1:NUMERICAL:=-7,2:0}\( x^2 \)+{1:NUMERICAL:=140:0}\( x \)+{1:NUMERICAL:=320:0}</p>]]></text></questiontext></question><question type="cloze"><name><text>19 </text></name><questiontext format="html"><text><![CDATA[Es liegen folgende Informationen vor:</p> <p>Die Kosten bei 28 ME betragen 4347 GE.</p> <p>Die variablen Stückkosten bei 32 ME betragen 156 GE/ME.</p> <p>Das Betriebsoptimum beträgt 21 ME.</p> <p>Die langfristige Preisuntergrenze beträgt 125,5 GE/ME.<p>Bestimmen Sie die kubische Kostenfunktion.</p><p>\( K(x)= \){1:NUMERICAL:=0,5:0}\( x^3 \)+{1:NUMERICAL:=-18:0}\( x^2 \)+{1:NUMERICAL:=220:0}\( x \)+{1:NUMERICAL:=1323:0}</p>]]></text></questiontext></question><question type="cloze"><name><text>20 </text></name><questiontext format="html"><text><![CDATA[Es liegen folgende Informationen vor:</p> <p>Die Kosten bei 5 ME betragen 375,5 GE.</p> <p>Die variablen Stückkosten bei 12 ME betragen 44 GE/ME.</p> <p>Das Betriebsoptimum beträgt 9 ME.</p> <p>Die langfristige Preisuntergrenze beträgt 57,5 GE/ME.<p>Bestimmen Sie die kubische Kostenfunktion.</p><p>\( K(x)= \){1:NUMERICAL:=0,5:0}\( x^3 \)+{1:NUMERICAL:=-6:0}\( x^2 \)+{1:NUMERICAL:=44:0}\( x \)+{1:NUMERICAL:=243:0}</p>]]></text></questiontext></question></quiz>