<?xml version="1.0" encoding="UTF-8" standalone="yes"?>
<quiz><question type="category"><category><text>LineareAlgebra/Wirtschaft/Mehrstufige Produktionsprozesse/Inverse/2x2</text></category><info format="html"><text /></info><idnumber /></question><question type="cloze"><name><text>01 </text></name><questiontext format="html"><text><![CDATA[Gegeben: \( A = \left(\begin{matrix}11&19\\4&7\\ \end{matrix}\right) \)<p>Bestimmen Sie die inverse Matrix \( A^{-1} = \left(\begin{matrix}a&b\\c&d\\ \end{matrix}\right) \).</p><p>\( a= \){1:NUMERICAL:=7:0}\( b= \){1:NUMERICAL:=-19:0}<br>\( c= \){1:NUMERICAL:=-4:0}\( d= \){1:NUMERICAL:=11:0}<br></p>]]></text></questiontext></question><question type="cloze"><name><text>02 </text></name><questiontext format="html"><text><![CDATA[Gegeben: \( A = \left(\begin{matrix}10&7\\7&5\\ \end{matrix}\right) \)<p>Bestimmen Sie die inverse Matrix \( A^{-1} = \left(\begin{matrix}a&b\\c&d\\ \end{matrix}\right) \).</p><p>\( a= \){1:NUMERICAL:=5:0}\( b= \){1:NUMERICAL:=-7:0}<br>\( c= \){1:NUMERICAL:=-7:0}\( d= \){1:NUMERICAL:=10:0}<br></p>]]></text></questiontext></question><question type="cloze"><name><text>03 </text></name><questiontext format="html"><text><![CDATA[Gegeben: \( A = \left(\begin{matrix}5&8\\7&11\\ \end{matrix}\right) \)<p>Bestimmen Sie die inverse Matrix \( A^{-1} = \left(\begin{matrix}a&b\\c&d\\ \end{matrix}\right) \).</p><p>\( a= \){1:NUMERICAL:=-11:0}\( b= \){1:NUMERICAL:=8:0}<br>\( c= \){1:NUMERICAL:=7:0}\( d= \){1:NUMERICAL:=-5:0}<br></p>]]></text></questiontext></question><question type="cloze"><name><text>04 </text></name><questiontext format="html"><text><![CDATA[Gegeben: \( A = \left(\begin{matrix}1&2\\2&3\\ \end{matrix}\right) \)<p>Bestimmen Sie die inverse Matrix \( A^{-1} = \left(\begin{matrix}a&b\\c&d\\ \end{matrix}\right) \).</p><p>\( a= \){1:NUMERICAL:=-3:0}\( b= \){1:NUMERICAL:=2:0}<br>\( c= \){1:NUMERICAL:=2:0}\( d= \){1:NUMERICAL:=-1:0}<br></p>]]></text></questiontext></question><question type="cloze"><name><text>05 </text></name><questiontext format="html"><text><![CDATA[Gegeben: \( A = \left(\begin{matrix}16&9\\9&5\\ \end{matrix}\right) \)<p>Bestimmen Sie die inverse Matrix \( A^{-1} = \left(\begin{matrix}a&b\\c&d\\ \end{matrix}\right) \).</p><p>\( a= \){1:NUMERICAL:=-5:0}\( b= \){1:NUMERICAL:=9:0}<br>\( c= \){1:NUMERICAL:=9:0}\( d= \){1:NUMERICAL:=-16:0}<br></p>]]></text></questiontext></question><question type="cloze"><name><text>06 </text></name><questiontext format="html"><text><![CDATA[Gegeben: \( A = \left(\begin{matrix}11&19\\4&7\\ \end{matrix}\right) \)<p>Bestimmen Sie die inverse Matrix \( A^{-1} = \left(\begin{matrix}a&b\\c&d\\ \end{matrix}\right) \).</p><p>\( a= \){1:NUMERICAL:=7:0}\( b= \){1:NUMERICAL:=-19:0}<br>\( c= \){1:NUMERICAL:=-4:0}\( d= \){1:NUMERICAL:=11:0}<br></p>]]></text></questiontext></question><question type="cloze"><name><text>07 </text></name><questiontext format="html"><text><![CDATA[Gegeben: \( A = \left(\begin{matrix}12&7\\7&4\\ \end{matrix}\right) \)<p>Bestimmen Sie die inverse Matrix \( A^{-1} = \left(\begin{matrix}a&b\\c&d\\ \end{matrix}\right) \).</p><p>\( a= \){1:NUMERICAL:=-4:0}\( b= \){1:NUMERICAL:=7:0}<br>\( c= \){1:NUMERICAL:=7:0}\( d= \){1:NUMERICAL:=-12:0}<br></p>]]></text></questiontext></question><question type="cloze"><name><text>08 </text></name><questiontext format="html"><text><![CDATA[Gegeben: \( A = \left(\begin{matrix}4&11\\7&19\\ \end{matrix}\right) \)<p>Bestimmen Sie die inverse Matrix \( A^{-1} = \left(\begin{matrix}a&b\\c&d\\ \end{matrix}\right) \).</p><p>\( a= \){1:NUMERICAL:=-19:0}\( b= \){1:NUMERICAL:=11:0}<br>\( c= \){1:NUMERICAL:=7:0}\( d= \){1:NUMERICAL:=-4:0}<br></p>]]></text></questiontext></question><question type="cloze"><name><text>09 </text></name><questiontext format="html"><text><![CDATA[Gegeben: \( A = \left(\begin{matrix}7&4\\2&1\\ \end{matrix}\right) \)<p>Bestimmen Sie die inverse Matrix \( A^{-1} = \left(\begin{matrix}a&b\\c&d\\ \end{matrix}\right) \).</p><p>\( a= \){1:NUMERICAL:=-1:0}\( b= \){1:NUMERICAL:=4:0}<br>\( c= \){1:NUMERICAL:=2:0}\( d= \){1:NUMERICAL:=-7:0}<br></p>]]></text></questiontext></question><question type="cloze"><name><text>10 </text></name><questiontext format="html"><text><![CDATA[Gegeben: \( A = \left(\begin{matrix}11&8\\7&5\\ \end{matrix}\right) \)<p>Bestimmen Sie die inverse Matrix \( A^{-1} = \left(\begin{matrix}a&b\\c&d\\ \end{matrix}\right) \).</p><p>\( a= \){1:NUMERICAL:=-5:0}\( b= \){1:NUMERICAL:=8:0}<br>\( c= \){1:NUMERICAL:=7:0}\( d= \){1:NUMERICAL:=-11:0}<br></p>]]></text></questiontext></question><question type="cloze"><name><text>11 </text></name><questiontext format="html"><text><![CDATA[Gegeben: \( A = \left(\begin{matrix}1&4\\2&7\\ \end{matrix}\right) \)<p>Bestimmen Sie die inverse Matrix \( A^{-1} = \left(\begin{matrix}a&b\\c&d\\ \end{matrix}\right) \).</p><p>\( a= \){1:NUMERICAL:=-7:0}\( b= \){1:NUMERICAL:=4:0}<br>\( c= \){1:NUMERICAL:=2:0}\( d= \){1:NUMERICAL:=-1:0}<br></p>]]></text></questiontext></question><question type="cloze"><name><text>12 </text></name><questiontext format="html"><text><![CDATA[Gegeben: \( A = \left(\begin{matrix}9&7\\13&10\\ \end{matrix}\right) \)<p>Bestimmen Sie die inverse Matrix \( A^{-1} = \left(\begin{matrix}a&b\\c&d\\ \end{matrix}\right) \).</p><p>\( a= \){1:NUMERICAL:=-10:0}\( b= \){1:NUMERICAL:=7:0}<br>\( c= \){1:NUMERICAL:=13:0}\( d= \){1:NUMERICAL:=-9:0}<br></p>]]></text></questiontext></question><question type="cloze"><name><text>13 </text></name><questiontext format="html"><text><![CDATA[Gegeben: \( A = \left(\begin{matrix}5&14\\6&17\\ \end{matrix}\right) \)<p>Bestimmen Sie die inverse Matrix \( A^{-1} = \left(\begin{matrix}a&b\\c&d\\ \end{matrix}\right) \).</p><p>\( a= \){1:NUMERICAL:=17:0}\( b= \){1:NUMERICAL:=-14:0}<br>\( c= \){1:NUMERICAL:=-6:0}\( d= \){1:NUMERICAL:=5:0}<br></p>]]></text></questiontext></question><question type="cloze"><name><text>14 </text></name><questiontext format="html"><text><![CDATA[Gegeben: \( A = \left(\begin{matrix}1&2\\2&3\\ \end{matrix}\right) \)<p>Bestimmen Sie die inverse Matrix \( A^{-1} = \left(\begin{matrix}a&b\\c&d\\ \end{matrix}\right) \).</p><p>\( a= \){1:NUMERICAL:=-3:0}\( b= \){1:NUMERICAL:=2:0}<br>\( c= \){1:NUMERICAL:=2:0}\( d= \){1:NUMERICAL:=-1:0}<br></p>]]></text></questiontext></question><question type="cloze"><name><text>15 </text></name><questiontext format="html"><text><![CDATA[Gegeben: \( A = \left(\begin{matrix}11&14\\7&9\\ \end{matrix}\right) \)<p>Bestimmen Sie die inverse Matrix \( A^{-1} = \left(\begin{matrix}a&b\\c&d\\ \end{matrix}\right) \).</p><p>\( a= \){1:NUMERICAL:=9:0}\( b= \){1:NUMERICAL:=-14:0}<br>\( c= \){1:NUMERICAL:=-7:0}\( d= \){1:NUMERICAL:=11:0}<br></p>]]></text></questiontext></question><question type="cloze"><name><text>16 </text></name><questiontext format="html"><text><![CDATA[Gegeben: \( A = \left(\begin{matrix}15&19\\11&14\\ \end{matrix}\right) \)<p>Bestimmen Sie die inverse Matrix \( A^{-1} = \left(\begin{matrix}a&b\\c&d\\ \end{matrix}\right) \).</p><p>\( a= \){1:NUMERICAL:=14:0}\( b= \){1:NUMERICAL:=-19:0}<br>\( c= \){1:NUMERICAL:=-11:0}\( d= \){1:NUMERICAL:=15:0}<br></p>]]></text></questiontext></question><question type="cloze"><name><text>17 </text></name><questiontext format="html"><text><![CDATA[Gegeben: \( A = \left(\begin{matrix}1&2\\2&3\\ \end{matrix}\right) \)<p>Bestimmen Sie die inverse Matrix \( A^{-1} = \left(\begin{matrix}a&b\\c&d\\ \end{matrix}\right) \).</p><p>\( a= \){1:NUMERICAL:=-3:0}\( b= \){1:NUMERICAL:=2:0}<br>\( c= \){1:NUMERICAL:=2:0}\( d= \){1:NUMERICAL:=-1:0}<br></p>]]></text></questiontext></question><question type="cloze"><name><text>18 </text></name><questiontext format="html"><text><![CDATA[Gegeben: \( A = \left(\begin{matrix}5&3\\7&4\\ \end{matrix}\right) \)<p>Bestimmen Sie die inverse Matrix \( A^{-1} = \left(\begin{matrix}a&b\\c&d\\ \end{matrix}\right) \).</p><p>\( a= \){1:NUMERICAL:=-4:0}\( b= \){1:NUMERICAL:=3:0}<br>\( c= \){1:NUMERICAL:=7:0}\( d= \){1:NUMERICAL:=-5:0}<br></p>]]></text></questiontext></question><question type="cloze"><name><text>19 </text></name><questiontext format="html"><text><![CDATA[Gegeben: \( A = \left(\begin{matrix}3&7\\2&5\\ \end{matrix}\right) \)<p>Bestimmen Sie die inverse Matrix \( A^{-1} = \left(\begin{matrix}a&b\\c&d\\ \end{matrix}\right) \).</p><p>\( a= \){1:NUMERICAL:=5:0}\( b= \){1:NUMERICAL:=-7:0}<br>\( c= \){1:NUMERICAL:=-2:0}\( d= \){1:NUMERICAL:=3:0}<br></p>]]></text></questiontext></question><question type="cloze"><name><text>20 </text></name><questiontext format="html"><text><![CDATA[Gegeben: \( A = \left(\begin{matrix}3&2\\4&3\\ \end{matrix}\right) \)<p>Bestimmen Sie die inverse Matrix \( A^{-1} = \left(\begin{matrix}a&b\\c&d\\ \end{matrix}\right) \).</p><p>\( a= \){1:NUMERICAL:=3:0}\( b= \){1:NUMERICAL:=-2:0}<br>\( c= \){1:NUMERICAL:=-4:0}\( d= \){1:NUMERICAL:=3:0}<br></p>]]></text></questiontext></question></quiz>