<?xml version="1.0" encoding="UTF-8" standalone="yes"?>
<quiz><question type="category"><category><text>LineareAlgebra/Wirtschaft/Mehrstufige Produktionsprozesse/Inverse/3x3</text></category><info format="html"><text /></info><idnumber /></question><question type="cloze"><name><text>01 </text></name><questiontext format="html"><text><![CDATA[Gegeben: \( A = \left(\begin{matrix}5&3&3\\7&4&5\\9&5&6\\ \end{matrix}\right) \)<p>Bestimmen Sie die inverse Matrix \( A^{-1} = \left(\begin{matrix}a&b&c\\d&e&f\\g&h&i\\ \end{matrix}\right) \).</p><p>\( a= \){1:NUMERICAL:=-1:0}\( b= \){1:NUMERICAL:=-3:0}\( c= \){1:NUMERICAL:=3:0}<br>\( d= \){1:NUMERICAL:=3:0}\( e= \){1:NUMERICAL:=3:0}\( f= \){1:NUMERICAL:=-4:0}<br>\( g= \){1:NUMERICAL:=-1:0}\( h= \){1:NUMERICAL:=2:0}\( i= \){1:NUMERICAL:=-1:0}<br></p>]]></text></questiontext></question><question type="cloze"><name><text>02 </text></name><questiontext format="html"><text><![CDATA[Gegeben: \( A = \left(\begin{matrix}11&11&4\\8&8&3\\12&13&4\\ \end{matrix}\right) \)<p>Bestimmen Sie die inverse Matrix \( A^{-1} = \left(\begin{matrix}a&b&c\\d&e&f\\g&h&i\\ \end{matrix}\right) \).</p><p>\( a= \){1:NUMERICAL:=7:0}\( b= \){1:NUMERICAL:=-8:0}\( c= \){1:NUMERICAL:=-1:0}<br>\( d= \){1:NUMERICAL:=-4:0}\( e= \){1:NUMERICAL:=4:0}\( f= \){1:NUMERICAL:=1:0}<br>\( g= \){1:NUMERICAL:=-8:0}\( h= \){1:NUMERICAL:=11:0}\( i= \){1:NUMERICAL:=0:0}<br></p>]]></text></questiontext></question><question type="cloze"><name><text>03 </text></name><questiontext format="html"><text><![CDATA[Gegeben: \( A = \left(\begin{matrix}3&1&3\\10&2&11\\4&1&4\\ \end{matrix}\right) \)<p>Bestimmen Sie die inverse Matrix \( A^{-1} = \left(\begin{matrix}a&b&c\\d&e&f\\g&h&i\\ \end{matrix}\right) \).</p><p>\( a= \){1:NUMERICAL:=-3:0}\( b= \){1:NUMERICAL:=-1:0}\( c= \){1:NUMERICAL:=5:0}<br>\( d= \){1:NUMERICAL:=4:0}\( e= \){1:NUMERICAL:=0:0}\( f= \){1:NUMERICAL:=-3:0}<br>\( g= \){1:NUMERICAL:=2:0}\( h= \){1:NUMERICAL:=1:0}\( i= \){1:NUMERICAL:=-4:0}<br></p>]]></text></questiontext></question><question type="cloze"><name><text>04 </text></name><questiontext format="html"><text><![CDATA[Gegeben: \( A = \left(\begin{matrix}6&1&2\\7&1&3\\12&2&5\\ \end{matrix}\right) \)<p>Bestimmen Sie die inverse Matrix \( A^{-1} = \left(\begin{matrix}a&b&c\\d&e&f\\g&h&i\\ \end{matrix}\right) \).</p><p>\( a= \){1:NUMERICAL:=1:0}\( b= \){1:NUMERICAL:=1:0}\( c= \){1:NUMERICAL:=-1:0}<br>\( d= \){1:NUMERICAL:=-1:0}\( e= \){1:NUMERICAL:=-6:0}\( f= \){1:NUMERICAL:=4:0}<br>\( g= \){1:NUMERICAL:=-2:0}\( h= \){1:NUMERICAL:=0:0}\( i= \){1:NUMERICAL:=1:0}<br></p>]]></text></questiontext></question><question type="cloze"><name><text>05 </text></name><questiontext format="html"><text><![CDATA[Gegeben: \( A = \left(\begin{matrix}3&4&6\\2&2&3\\1&1&2\\ \end{matrix}\right) \)<p>Bestimmen Sie die inverse Matrix \( A^{-1} = \left(\begin{matrix}a&b&c\\d&e&f\\g&h&i\\ \end{matrix}\right) \).</p><p>\( a= \){1:NUMERICAL:=-1:0}\( b= \){1:NUMERICAL:=2:0}\( c= \){1:NUMERICAL:=0:0}<br>\( d= \){1:NUMERICAL:=1:0}\( e= \){1:NUMERICAL:=0:0}\( f= \){1:NUMERICAL:=-3:0}<br>\( g= \){1:NUMERICAL:=0:0}\( h= \){1:NUMERICAL:=-1:0}\( i= \){1:NUMERICAL:=2:0}<br></p>]]></text></questiontext></question><question type="cloze"><name><text>06 </text></name><questiontext format="html"><text><![CDATA[Gegeben: \( A = \left(\begin{matrix}1&5&8\\1&4&7\\3&10&18\\ \end{matrix}\right) \)<p>Bestimmen Sie die inverse Matrix \( A^{-1} = \left(\begin{matrix}a&b&c\\d&e&f\\g&h&i\\ \end{matrix}\right) \).</p><p>\( a= \){1:NUMERICAL:=2:0}\( b= \){1:NUMERICAL:=-10:0}\( c= \){1:NUMERICAL:=3:0}<br>\( d= \){1:NUMERICAL:=3:0}\( e= \){1:NUMERICAL:=-6:0}\( f= \){1:NUMERICAL:=1:0}<br>\( g= \){1:NUMERICAL:=-2:0}\( h= \){1:NUMERICAL:=5:0}\( i= \){1:NUMERICAL:=-1:0}<br></p>]]></text></questiontext></question><question type="cloze"><name><text>07 </text></name><questiontext format="html"><text><![CDATA[Gegeben: \( A = \left(\begin{matrix}7&10&1\\11&15&2\\3&3&1\\ \end{matrix}\right) \)<p>Bestimmen Sie die inverse Matrix \( A^{-1} = \left(\begin{matrix}a&b&c\\d&e&f\\g&h&i\\ \end{matrix}\right) \).</p><p>\( a= \){1:NUMERICAL:=9:0}\( b= \){1:NUMERICAL:=-7:0}\( c= \){1:NUMERICAL:=5:0}<br>\( d= \){1:NUMERICAL:=-5:0}\( e= \){1:NUMERICAL:=4:0}\( f= \){1:NUMERICAL:=-3:0}<br>\( g= \){1:NUMERICAL:=-12:0}\( h= \){1:NUMERICAL:=9:0}\( i= \){1:NUMERICAL:=-5:0}<br></p>]]></text></questiontext></question><question type="cloze"><name><text>08 </text></name><questiontext format="html"><text><![CDATA[Gegeben: \( A = \left(\begin{matrix}7&3&5\\12&5&8\\13&5&8\\ \end{matrix}\right) \)<p>Bestimmen Sie die inverse Matrix \( A^{-1} = \left(\begin{matrix}a&b&c\\d&e&f\\g&h&i\\ \end{matrix}\right) \).</p><p>\( a= \){1:NUMERICAL:=0:0}\( b= \){1:NUMERICAL:=-1:0}\( c= \){1:NUMERICAL:=1:0}<br>\( d= \){1:NUMERICAL:=-8:0}\( e= \){1:NUMERICAL:=9:0}\( f= \){1:NUMERICAL:=-4:0}<br>\( g= \){1:NUMERICAL:=5:0}\( h= \){1:NUMERICAL:=-4:0}\( i= \){1:NUMERICAL:=1:0}<br></p>]]></text></questiontext></question><question type="cloze"><name><text>09 </text></name><questiontext format="html"><text><![CDATA[Gegeben: \( A = \left(\begin{matrix}1&2&3\\1&3&4\\2&5&8\\ \end{matrix}\right) \)<p>Bestimmen Sie die inverse Matrix \( A^{-1} = \left(\begin{matrix}a&b&c\\d&e&f\\g&h&i\\ \end{matrix}\right) \).</p><p>\( a= \){1:NUMERICAL:=4:0}\( b= \){1:NUMERICAL:=-1:0}\( c= \){1:NUMERICAL:=-1:0}<br>\( d= \){1:NUMERICAL:=0:0}\( e= \){1:NUMERICAL:=2:0}\( f= \){1:NUMERICAL:=-1:0}<br>\( g= \){1:NUMERICAL:=-1:0}\( h= \){1:NUMERICAL:=-1:0}\( i= \){1:NUMERICAL:=1:0}<br></p>]]></text></questiontext></question><question type="cloze"><name><text>10 </text></name><questiontext format="html"><text><![CDATA[Gegeben: \( A = \left(\begin{matrix}3&4&1\\7&9&2\\5&6&2\\ \end{matrix}\right) \)<p>Bestimmen Sie die inverse Matrix \( A^{-1} = \left(\begin{matrix}a&b&c\\d&e&f\\g&h&i\\ \end{matrix}\right) \).</p><p>\( a= \){1:NUMERICAL:=-6:0}\( b= \){1:NUMERICAL:=2:0}\( c= \){1:NUMERICAL:=1:0}<br>\( d= \){1:NUMERICAL:=4:0}\( e= \){1:NUMERICAL:=-1:0}\( f= \){1:NUMERICAL:=-1:0}<br>\( g= \){1:NUMERICAL:=3:0}\( h= \){1:NUMERICAL:=-2:0}\( i= \){1:NUMERICAL:=1:0}<br></p>]]></text></questiontext></question><question type="cloze"><name><text>11 </text></name><questiontext format="html"><text><![CDATA[Gegeben: \( A = \left(\begin{matrix}4&3&3\\7&6&5\\3&2&2\\ \end{matrix}\right) \)<p>Bestimmen Sie die inverse Matrix \( A^{-1} = \left(\begin{matrix}a&b&c\\d&e&f\\g&h&i\\ \end{matrix}\right) \).</p><p>\( a= \){1:NUMERICAL:=-2:0}\( b= \){1:NUMERICAL:=0:0}\( c= \){1:NUMERICAL:=3:0}<br>\( d= \){1:NUMERICAL:=-1:0}\( e= \){1:NUMERICAL:=1:0}\( f= \){1:NUMERICAL:=-1:0}<br>\( g= \){1:NUMERICAL:=4:0}\( h= \){1:NUMERICAL:=-1:0}\( i= \){1:NUMERICAL:=-3:0}<br></p>]]></text></questiontext></question><question type="cloze"><name><text>12 </text></name><questiontext format="html"><text><![CDATA[Gegeben: \( A = \left(\begin{matrix}6&8&3\\11&14&3\\7&9&2\\ \end{matrix}\right) \)<p>Bestimmen Sie die inverse Matrix \( A^{-1} = \left(\begin{matrix}a&b&c\\d&e&f\\g&h&i\\ \end{matrix}\right) \).</p><p>\( a= \){1:NUMERICAL:=1:0}\( b= \){1:NUMERICAL:=11:0}\( c= \){1:NUMERICAL:=-18:0}<br>\( d= \){1:NUMERICAL:=-1:0}\( e= \){1:NUMERICAL:=-9:0}\( f= \){1:NUMERICAL:=15:0}<br>\( g= \){1:NUMERICAL:=1:0}\( h= \){1:NUMERICAL:=2:0}\( i= \){1:NUMERICAL:=-4:0}<br></p>]]></text></questiontext></question><question type="cloze"><name><text>13 </text></name><questiontext format="html"><text><![CDATA[Gegeben: \( A = \left(\begin{matrix}7&11&8\\12&19&13\\5&8&6\\ \end{matrix}\right) \)<p>Bestimmen Sie die inverse Matrix \( A^{-1} = \left(\begin{matrix}a&b&c\\d&e&f\\g&h&i\\ \end{matrix}\right) \).</p><p>\( a= \){1:NUMERICAL:=10:0}\( b= \){1:NUMERICAL:=-2:0}\( c= \){1:NUMERICAL:=-9:0}<br>\( d= \){1:NUMERICAL:=-7:0}\( e= \){1:NUMERICAL:=2:0}\( f= \){1:NUMERICAL:=5:0}<br>\( g= \){1:NUMERICAL:=1:0}\( h= \){1:NUMERICAL:=-1:0}\( i= \){1:NUMERICAL:=1:0}<br></p>]]></text></questiontext></question><question type="cloze"><name><text>14 </text></name><questiontext format="html"><text><![CDATA[Gegeben: \( A = \left(\begin{matrix}2&3&6\\2&2&5\\1&1&3\\ \end{matrix}\right) \)<p>Bestimmen Sie die inverse Matrix \( A^{-1} = \left(\begin{matrix}a&b&c\\d&e&f\\g&h&i\\ \end{matrix}\right) \).</p><p>\( a= \){1:NUMERICAL:=-1:0}\( b= \){1:NUMERICAL:=3:0}\( c= \){1:NUMERICAL:=-3:0}<br>\( d= \){1:NUMERICAL:=1:0}\( e= \){1:NUMERICAL:=0:0}\( f= \){1:NUMERICAL:=-2:0}<br>\( g= \){1:NUMERICAL:=0:0}\( h= \){1:NUMERICAL:=-1:0}\( i= \){1:NUMERICAL:=2:0}<br></p>]]></text></questiontext></question><question type="cloze"><name><text>15 </text></name><questiontext format="html"><text><![CDATA[Gegeben: \( A = \left(\begin{matrix}4&11&6\\4&13&7\\1&2&1\\ \end{matrix}\right) \)<p>Bestimmen Sie die inverse Matrix \( A^{-1} = \left(\begin{matrix}a&b&c\\d&e&f\\g&h&i\\ \end{matrix}\right) \).</p><p>\( a= \){1:NUMERICAL:=1:0}\( b= \){1:NUMERICAL:=-1:0}\( c= \){1:NUMERICAL:=1:0}<br>\( d= \){1:NUMERICAL:=-3:0}\( e= \){1:NUMERICAL:=2:0}\( f= \){1:NUMERICAL:=4:0}<br>\( g= \){1:NUMERICAL:=5:0}\( h= \){1:NUMERICAL:=-3:0}\( i= \){1:NUMERICAL:=-8:0}<br></p>]]></text></questiontext></question><question type="cloze"><name><text>16 </text></name><questiontext format="html"><text><![CDATA[Gegeben: \( A = \left(\begin{matrix}1&3&1\\2&7&2\\2&10&3\\ \end{matrix}\right) \)<p>Bestimmen Sie die inverse Matrix \( A^{-1} = \left(\begin{matrix}a&b&c\\d&e&f\\g&h&i\\ \end{matrix}\right) \).</p><p>\( a= \){1:NUMERICAL:=1:0}\( b= \){1:NUMERICAL:=1:0}\( c= \){1:NUMERICAL:=-1:0}<br>\( d= \){1:NUMERICAL:=-2:0}\( e= \){1:NUMERICAL:=1:0}\( f= \){1:NUMERICAL:=0:0}<br>\( g= \){1:NUMERICAL:=6:0}\( h= \){1:NUMERICAL:=-4:0}\( i= \){1:NUMERICAL:=1:0}<br></p>]]></text></questiontext></question><question type="cloze"><name><text>17 </text></name><questiontext format="html"><text><![CDATA[Gegeben: \( A = \left(\begin{matrix}12&2&7\\16&3&9\\5&1&3\\ \end{matrix}\right) \)<p>Bestimmen Sie die inverse Matrix \( A^{-1} = \left(\begin{matrix}a&b&c\\d&e&f\\g&h&i\\ \end{matrix}\right) \).</p><p>\( a= \){1:NUMERICAL:=0:0}\( b= \){1:NUMERICAL:=1:0}\( c= \){1:NUMERICAL:=-3:0}<br>\( d= \){1:NUMERICAL:=-3:0}\( e= \){1:NUMERICAL:=1:0}\( f= \){1:NUMERICAL:=4:0}<br>\( g= \){1:NUMERICAL:=1:0}\( h= \){1:NUMERICAL:=-2:0}\( i= \){1:NUMERICAL:=4:0}<br></p>]]></text></questiontext></question><question type="cloze"><name><text>18 </text></name><questiontext format="html"><text><![CDATA[Gegeben: \( A = \left(\begin{matrix}2&4&5\\3&6&8\\3&7&10\\ \end{matrix}\right) \)<p>Bestimmen Sie die inverse Matrix \( A^{-1} = \left(\begin{matrix}a&b&c\\d&e&f\\g&h&i\\ \end{matrix}\right) \).</p><p>\( a= \){1:NUMERICAL:=-4:0}\( b= \){1:NUMERICAL:=5:0}\( c= \){1:NUMERICAL:=-2:0}<br>\( d= \){1:NUMERICAL:=6:0}\( e= \){1:NUMERICAL:=-5:0}\( f= \){1:NUMERICAL:=1:0}<br>\( g= \){1:NUMERICAL:=-3:0}\( h= \){1:NUMERICAL:=2:0}\( i= \){1:NUMERICAL:=0:0}<br></p>]]></text></questiontext></question><question type="cloze"><name><text>19 </text></name><questiontext format="html"><text><![CDATA[Gegeben: \( A = \left(\begin{matrix}4&6&9\\3&4&6\\4&5&8\\ \end{matrix}\right) \)<p>Bestimmen Sie die inverse Matrix \( A^{-1} = \left(\begin{matrix}a&b&c\\d&e&f\\g&h&i\\ \end{matrix}\right) \).</p><p>\( a= \){1:NUMERICAL:=-2:0}\( b= \){1:NUMERICAL:=3:0}\( c= \){1:NUMERICAL:=0:0}<br>\( d= \){1:NUMERICAL:=0:0}\( e= \){1:NUMERICAL:=4:0}\( f= \){1:NUMERICAL:=-3:0}<br>\( g= \){1:NUMERICAL:=1:0}\( h= \){1:NUMERICAL:=-4:0}\( i= \){1:NUMERICAL:=2:0}<br></p>]]></text></questiontext></question><question type="cloze"><name><text>20 </text></name><questiontext format="html"><text><![CDATA[Gegeben: \( A = \left(\begin{matrix}2&3&2\\5&7&6\\5&7&5\\ \end{matrix}\right) \)<p>Bestimmen Sie die inverse Matrix \( A^{-1} = \left(\begin{matrix}a&b&c\\d&e&f\\g&h&i\\ \end{matrix}\right) \).</p><p>\( a= \){1:NUMERICAL:=-7:0}\( b= \){1:NUMERICAL:=-1:0}\( c= \){1:NUMERICAL:=4:0}<br>\( d= \){1:NUMERICAL:=5:0}\( e= \){1:NUMERICAL:=0:0}\( f= \){1:NUMERICAL:=-2:0}<br>\( g= \){1:NUMERICAL:=0:0}\( h= \){1:NUMERICAL:=1:0}\( i= \){1:NUMERICAL:=-1:0}<br></p>]]></text></questiontext></question></quiz>