<?xml version="1.0" encoding="UTF-8" standalone="yes"?>
<quiz><question type="category"><category><text>LineareAlgebra/Wirtschaft/Mehrstufige Produktionsprozesse/Inverse/4x4</text></category><info format="html"><text /></info><idnumber /></question><question type="cloze"><name><text>01 </text></name><questiontext format="html"><text><![CDATA[Gegeben: \( A = \left(\begin{matrix}13&3&9&13\\6&1&4&6\\3&1&2&3\\6&2&3&5\\ \end{matrix}\right) \)<p>Bestimmen Sie die inverse Matrix \( A^{-1} = \left(\begin{matrix}a&b&c&d\\e&f&g&h\\i&j&k&l\\m&n&o&p\\ \end{matrix}\right) \).</p><p>\( a= \){1:NUMERICAL:=1:0}\( b= \){1:NUMERICAL:=-1:0}\( c= \){1:NUMERICAL:=-4:0}\( d= \){1:NUMERICAL:=1:0}<br>\( e= \){1:NUMERICAL:=0:0}\( f= \){1:NUMERICAL:=-1:0}\( g= \){1:NUMERICAL:=2:0}\( h= \){1:NUMERICAL:=0:0}<br>\( i= \){1:NUMERICAL:=3:0}\( j= \){1:NUMERICAL:=-4:0}\( k= \){1:NUMERICAL:=-5:0}\( l= \){1:NUMERICAL:=0:0}<br>\( m= \){1:NUMERICAL:=-3:0}\( n= \){1:NUMERICAL:=4:0}\( o= \){1:NUMERICAL:=7:0}\( p= \){1:NUMERICAL:=-1:0}<br></p>]]></text></questiontext></question><question type="cloze"><name><text>02 </text></name><questiontext format="html"><text><![CDATA[Gegeben: \( A = \left(\begin{matrix}1&2&1&2\\4&5&4&7\\6&6&5&8\\1&1&1&2\\ \end{matrix}\right) \)<p>Bestimmen Sie die inverse Matrix \( A^{-1} = \left(\begin{matrix}a&b&c&d\\e&f&g&h\\i&j&k&l\\m&n&o&p\\ \end{matrix}\right) \).</p><p>\( a= \){1:NUMERICAL:=1:0}\( b= \){1:NUMERICAL:=-2:0}\( c= \){1:NUMERICAL:=1:0}\( d= \){1:NUMERICAL:=2:0}<br>\( e= \){1:NUMERICAL:=1:0}\( f= \){1:NUMERICAL:=0:0}\( g= \){1:NUMERICAL:=0:0}\( h= \){1:NUMERICAL:=-1:0}<br>\( i= \){1:NUMERICAL:=-4:0}\( j= \){1:NUMERICAL:=4:0}\( k= \){1:NUMERICAL:=-1:0}\( l= \){1:NUMERICAL:=-6:0}<br>\( m= \){1:NUMERICAL:=1:0}\( n= \){1:NUMERICAL:=-1:0}\( o= \){1:NUMERICAL:=0:0}\( p= \){1:NUMERICAL:=3:0}<br></p>]]></text></questiontext></question><question type="cloze"><name><text>03 </text></name><questiontext format="html"><text><![CDATA[Gegeben: \( A = \left(\begin{matrix}8&9&6&8\\2&2&1&1\\4&5&3&4\\7&7&5&6\\ \end{matrix}\right) \)<p>Bestimmen Sie die inverse Matrix \( A^{-1} = \left(\begin{matrix}a&b&c&d\\e&f&g&h\\i&j&k&l\\m&n&o&p\\ \end{matrix}\right) \).</p><p>\( a= \){1:NUMERICAL:=2:0}\( b= \){1:NUMERICAL:=2:0}\( c= \){1:NUMERICAL:=-3:0}\( d= \){1:NUMERICAL:=-1:0}<br>\( e= \){1:NUMERICAL:=-1:0}\( f= \){1:NUMERICAL:=0:0}\( g= \){1:NUMERICAL:=2:0}\( h= \){1:NUMERICAL:=0:0}<br>\( i= \){1:NUMERICAL:=-5:0}\( j= \){1:NUMERICAL:=-4:0}\( k= \){1:NUMERICAL:=5:0}\( l= \){1:NUMERICAL:=4:0}<br>\( m= \){1:NUMERICAL:=3:0}\( n= \){1:NUMERICAL:=1:0}\( o= \){1:NUMERICAL:=-3:0}\( p= \){1:NUMERICAL:=-2:0}<br></p>]]></text></questiontext></question><question type="cloze"><name><text>04 </text></name><questiontext format="html"><text><![CDATA[Gegeben: \( A = \left(\begin{matrix}2&3&7&4\\3&3&7&4\\2&2&7&4\\1&2&2&1\\ \end{matrix}\right) \)<p>Bestimmen Sie die inverse Matrix \( A^{-1} = \left(\begin{matrix}a&b&c&d\\e&f&g&h\\i&j&k&l\\m&n&o&p\\ \end{matrix}\right) \).</p><p>\( a= \){1:NUMERICAL:=-1:0}\( b= \){1:NUMERICAL:=1:0}\( c= \){1:NUMERICAL:=0:0}\( d= \){1:NUMERICAL:=0:0}<br>\( e= \){1:NUMERICAL:=1:0}\( f= \){1:NUMERICAL:=0:0}\( g= \){1:NUMERICAL:=-1:0}\( h= \){1:NUMERICAL:=0:0}<br>\( i= \){1:NUMERICAL:=-4:0}\( j= \){1:NUMERICAL:=-2:0}\( k= \){1:NUMERICAL:=5:0}\( l= \){1:NUMERICAL:=4:0}<br>\( m= \){1:NUMERICAL:=7:0}\( n= \){1:NUMERICAL:=3:0}\( o= \){1:NUMERICAL:=-8:0}\( p= \){1:NUMERICAL:=-7:0}<br></p>]]></text></questiontext></question><question type="cloze"><name><text>05 </text></name><questiontext format="html"><text><![CDATA[Gegeben: \( A = \left(\begin{matrix}1&1&3&1\\2&3&10&4\\2&1&5&2\\2&2&8&3\\ \end{matrix}\right) \)<p>Bestimmen Sie die inverse Matrix \( A^{-1} = \left(\begin{matrix}a&b&c&d\\e&f&g&h\\i&j&k&l\\m&n&o&p\\ \end{matrix}\right) \).</p><p>\( a= \){1:NUMERICAL:=1:0}\( b= \){1:NUMERICAL:=0:0}\( c= \){1:NUMERICAL:=1:0}\( d= \){1:NUMERICAL:=-1:0}<br>\( e= \){1:NUMERICAL:=2:0}\( f= \){1:NUMERICAL:=1:0}\( g= \){1:NUMERICAL:=0:0}\( h= \){1:NUMERICAL:=-2:0}<br>\( i= \){1:NUMERICAL:=0:0}\( j= \){1:NUMERICAL:=-1:0}\( k= \){1:NUMERICAL:=-1:0}\( l= \){1:NUMERICAL:=2:0}<br>\( m= \){1:NUMERICAL:=-2:0}\( n= \){1:NUMERICAL:=2:0}\( o= \){1:NUMERICAL:=2:0}\( p= \){1:NUMERICAL:=-3:0}<br></p>]]></text></questiontext></question><question type="cloze"><name><text>06 </text></name><questiontext format="html"><text><![CDATA[Gegeben: \( A = \left(\begin{matrix}5&3&2&5\\2&1&1&2\\2&2&1&2\\5&4&3&4\\ \end{matrix}\right) \)<p>Bestimmen Sie die inverse Matrix \( A^{-1} = \left(\begin{matrix}a&b&c&d\\e&f&g&h\\i&j&k&l\\m&n&o&p\\ \end{matrix}\right) \).</p><p>\( a= \){1:NUMERICAL:=2:0}\( b= \){1:NUMERICAL:=-4:0}\( c= \){1:NUMERICAL:=-3:0}\( d= \){1:NUMERICAL:=1:0}<br>\( e= \){1:NUMERICAL:=0:0}\( f= \){1:NUMERICAL:=-1:0}\( g= \){1:NUMERICAL:=1:0}\( h= \){1:NUMERICAL:=0:0}<br>\( i= \){1:NUMERICAL:=-2:0}\( j= \){1:NUMERICAL:=4:0}\( k= \){1:NUMERICAL:=1:0}\( l= \){1:NUMERICAL:=0:0}<br>\( m= \){1:NUMERICAL:=-1:0}\( n= \){1:NUMERICAL:=3:0}\( o= \){1:NUMERICAL:=2:0}\( p= \){1:NUMERICAL:=-1:0}<br></p>]]></text></questiontext></question><question type="cloze"><name><text>07 </text></name><questiontext format="html"><text><![CDATA[Gegeben: \( A = \left(\begin{matrix}3&1&3&4\\6&1&4&6\\5&1&4&5\\10&2&7&10\\ \end{matrix}\right) \)<p>Bestimmen Sie die inverse Matrix \( A^{-1} = \left(\begin{matrix}a&b&c&d\\e&f&g&h\\i&j&k&l\\m&n&o&p\\ \end{matrix}\right) \).</p><p>\( a= \){1:NUMERICAL:=-1:0}\( b= \){1:NUMERICAL:=-1:0}\( c= \){1:NUMERICAL:=0:0}\( d= \){1:NUMERICAL:=1:0}<br>\( e= \){1:NUMERICAL:=0:0}\( f= \){1:NUMERICAL:=-5:0}\( g= \){1:NUMERICAL:=-2:0}\( h= \){1:NUMERICAL:=4:0}<br>\( i= \){1:NUMERICAL:=0:0}\( j= \){1:NUMERICAL:=0:0}\( k= \){1:NUMERICAL:=2:0}\( l= \){1:NUMERICAL:=-1:0}<br>\( m= \){1:NUMERICAL:=1:0}\( n= \){1:NUMERICAL:=2:0}\( o= \){1:NUMERICAL:=-1:0}\( p= \){1:NUMERICAL:=-1:0}<br></p>]]></text></questiontext></question><question type="cloze"><name><text>08 </text></name><questiontext format="html"><text><![CDATA[Gegeben: \( A = \left(\begin{matrix}4&8&1&6\\4&10&1&7\\6&13&1&9\\3&7&1&5\\ \end{matrix}\right) \)<p>Bestimmen Sie die inverse Matrix \( A^{-1} = \left(\begin{matrix}a&b&c&d\\e&f&g&h\\i&j&k&l\\m&n&o&p\\ \end{matrix}\right) \).</p><p>\( a= \){1:NUMERICAL:=0:0}\( b= \){1:NUMERICAL:=-2:0}\( c= \){1:NUMERICAL:=1:0}\( d= \){1:NUMERICAL:=1:0}<br>\( e= \){1:NUMERICAL:=-2:0}\( f= \){1:NUMERICAL:=-1:0}\( g= \){1:NUMERICAL:=1:0}\( h= \){1:NUMERICAL:=2:0}<br>\( i= \){1:NUMERICAL:=-1:0}\( j= \){1:NUMERICAL:=-2:0}\( k= \){1:NUMERICAL:=0:0}\( l= \){1:NUMERICAL:=4:0}<br>\( m= \){1:NUMERICAL:=3:0}\( n= \){1:NUMERICAL:=3:0}\( o= \){1:NUMERICAL:=-2:0}\( p= \){1:NUMERICAL:=-4:0}<br></p>]]></text></questiontext></question><question type="cloze"><name><text>09 </text></name><questiontext format="html"><text><![CDATA[Gegeben: \( A = \left(\begin{matrix}4&2&1&6\\5&3&1&8\\10&6&3&15\\4&3&1&6\\ \end{matrix}\right) \)<p>Bestimmen Sie die inverse Matrix \( A^{-1} = \left(\begin{matrix}a&b&c&d\\e&f&g&h\\i&j&k&l\\m&n&o&p\\ \end{matrix}\right) \).</p><p>\( a= \){1:NUMERICAL:=6:0}\( b= \){1:NUMERICAL:=-3:0}\( c= \){1:NUMERICAL:=-2:0}\( d= \){1:NUMERICAL:=3:0}<br>\( e= \){1:NUMERICAL:=-1:0}\( f= \){1:NUMERICAL:=0:0}\( g= \){1:NUMERICAL:=0:0}\( h= \){1:NUMERICAL:=1:0}<br>\( i= \){1:NUMERICAL:=-3:0}\( j= \){1:NUMERICAL:=0:0}\( k= \){1:NUMERICAL:=2:0}\( l= \){1:NUMERICAL:=-2:0}<br>\( m= \){1:NUMERICAL:=-3:0}\( n= \){1:NUMERICAL:=2:0}\( o= \){1:NUMERICAL:=1:0}\( p= \){1:NUMERICAL:=-2:0}<br></p>]]></text></questiontext></question><question type="cloze"><name><text>10 </text></name><questiontext format="html"><text><![CDATA[Gegeben: \( A = \left(\begin{matrix}3&1&1&7\\5&2&2&11\\3&3&4&8\\3&3&4&7\\ \end{matrix}\right) \)<p>Bestimmen Sie die inverse Matrix \( A^{-1} = \left(\begin{matrix}a&b&c&d\\e&f&g&h\\i&j&k&l\\m&n&o&p\\ \end{matrix}\right) \).</p><p>\( a= \){1:NUMERICAL:=2:0}\( b= \){1:NUMERICAL:=-1:0}\( c= \){1:NUMERICAL:=-3:0}\( d= \){1:NUMERICAL:=3:0}<br>\( e= \){1:NUMERICAL:=-14:0}\( f= \){1:NUMERICAL:=9:0}\( g= \){1:NUMERICAL:=6:0}\( h= \){1:NUMERICAL:=-7:0}<br>\( i= \){1:NUMERICAL:=9:0}\( j= \){1:NUMERICAL:=-6:0}\( k= \){1:NUMERICAL:=-4:0}\( l= \){1:NUMERICAL:=5:0}<br>\( m= \){1:NUMERICAL:=0:0}\( n= \){1:NUMERICAL:=0:0}\( o= \){1:NUMERICAL:=1:0}\( p= \){1:NUMERICAL:=-1:0}<br></p>]]></text></questiontext></question><question type="cloze"><name><text>11 </text></name><questiontext format="html"><text><![CDATA[Gegeben: \( A = \left(\begin{matrix}1&2&1&2\\3&5&4&5\\1&3&2&2\\1&4&2&3\\ \end{matrix}\right) \)<p>Bestimmen Sie die inverse Matrix \( A^{-1} = \left(\begin{matrix}a&b&c&d\\e&f&g&h\\i&j&k&l\\m&n&o&p\\ \end{matrix}\right) \).</p><p>\( a= \){1:NUMERICAL:=4:0}\( b= \){1:NUMERICAL:=-1:0}\( c= \){1:NUMERICAL:=3:0}\( d= \){1:NUMERICAL:=-3:0}<br>\( e= \){1:NUMERICAL:=2:0}\( f= \){1:NUMERICAL:=-1:0}\( g= \){1:NUMERICAL:=2:0}\( h= \){1:NUMERICAL:=-1:0}<br>\( i= \){1:NUMERICAL:=-3:0}\( j= \){1:NUMERICAL:=1:0}\( k= \){1:NUMERICAL:=-1:0}\( l= \){1:NUMERICAL:=1:0}<br>\( m= \){1:NUMERICAL:=-2:0}\( n= \){1:NUMERICAL:=1:0}\( o= \){1:NUMERICAL:=-3:0}\( p= \){1:NUMERICAL:=2:0}<br></p>]]></text></questiontext></question><question type="cloze"><name><text>12 </text></name><questiontext format="html"><text><![CDATA[Gegeben: \( A = \left(\begin{matrix}2&2&1&3\\4&2&1&4\\3&1&1&3\\4&5&2&7\\ \end{matrix}\right) \)<p>Bestimmen Sie die inverse Matrix \( A^{-1} = \left(\begin{matrix}a&b&c&d\\e&f&g&h\\i&j&k&l\\m&n&o&p\\ \end{matrix}\right) \).</p><p>\( a= \){1:NUMERICAL:=2:0}\( b= \){1:NUMERICAL:=1:0}\( c= \){1:NUMERICAL:=-1:0}\( d= \){1:NUMERICAL:=-1:0}<br>\( e= \){1:NUMERICAL:=3:0}\( f= \){1:NUMERICAL:=1:0}\( g= \){1:NUMERICAL:=-2:0}\( h= \){1:NUMERICAL:=-1:0}<br>\( i= \){1:NUMERICAL:=6:0}\( j= \){1:NUMERICAL:=-1:0}\( k= \){1:NUMERICAL:=0:0}\( l= \){1:NUMERICAL:=-2:0}<br>\( m= \){1:NUMERICAL:=-5:0}\( n= \){1:NUMERICAL:=-1:0}\( o= \){1:NUMERICAL:=2:0}\( p= \){1:NUMERICAL:=2:0}<br></p>]]></text></questiontext></question><question type="cloze"><name><text>13 </text></name><questiontext format="html"><text><![CDATA[Gegeben: \( A = \left(\begin{matrix}9&6&1&4\\7&5&1&3\\16&11&3&6\\3&2&1&1\\ \end{matrix}\right) \)<p>Bestimmen Sie die inverse Matrix \( A^{-1} = \left(\begin{matrix}a&b&c&d\\e&f&g&h\\i&j&k&l\\m&n&o&p\\ \end{matrix}\right) \).</p><p>\( a= \){1:NUMERICAL:=1:0}\( b= \){1:NUMERICAL:=-3:0}\( c= \){1:NUMERICAL:=1:0}\( d= \){1:NUMERICAL:=-1:0}<br>\( e= \){1:NUMERICAL:=-2:0}\( f= \){1:NUMERICAL:=3:0}\( g= \){1:NUMERICAL:=0:0}\( h= \){1:NUMERICAL:=-1:0}<br>\( i= \){1:NUMERICAL:=0:0}\( j= \){1:NUMERICAL:=1:0}\( k= \){1:NUMERICAL:=-1:0}\( l= \){1:NUMERICAL:=3:0}<br>\( m= \){1:NUMERICAL:=1:0}\( n= \){1:NUMERICAL:=2:0}\( o= \){1:NUMERICAL:=-2:0}\( p= \){1:NUMERICAL:=3:0}<br></p>]]></text></questiontext></question><question type="cloze"><name><text>14 </text></name><questiontext format="html"><text><![CDATA[Gegeben: \( A = \left(\begin{matrix}1&3&1&5\\1&4&2&8\\3&9&3&14\\1&4&1&6\\ \end{matrix}\right) \)<p>Bestimmen Sie die inverse Matrix \( A^{-1} = \left(\begin{matrix}a&b&c&d\\e&f&g&h\\i&j&k&l\\m&n&o&p\\ \end{matrix}\right) \).</p><p>\( a= \){1:NUMERICAL:=4:0}\( b= \){1:NUMERICAL:=-1:0}\( c= \){1:NUMERICAL:=0:0}\( d= \){1:NUMERICAL:=-2:0}<br>\( e= \){1:NUMERICAL:=-4:0}\( f= \){1:NUMERICAL:=0:0}\( g= \){1:NUMERICAL:=1:0}\( h= \){1:NUMERICAL:=1:0}<br>\( i= \){1:NUMERICAL:=-6:0}\( j= \){1:NUMERICAL:=1:0}\( k= \){1:NUMERICAL:=2:0}\( l= \){1:NUMERICAL:=-1:0}<br>\( m= \){1:NUMERICAL:=3:0}\( n= \){1:NUMERICAL:=0:0}\( o= \){1:NUMERICAL:=-1:0}\( p= \){1:NUMERICAL:=0:0}<br></p>]]></text></questiontext></question><question type="cloze"><name><text>15 </text></name><questiontext format="html"><text><![CDATA[Gegeben: \( A = \left(\begin{matrix}1&3&1&1\\2&2&1&1\\9&16&6&8\\5&8&3&4\\ \end{matrix}\right) \)<p>Bestimmen Sie die inverse Matrix \( A^{-1} = \left(\begin{matrix}a&b&c&d\\e&f&g&h\\i&j&k&l\\m&n&o&p\\ \end{matrix}\right) \).</p><p>\( a= \){1:NUMERICAL:=0:0}\( b= \){1:NUMERICAL:=0:0}\( c= \){1:NUMERICAL:=-1:0}\( d= \){1:NUMERICAL:=2:0}<br>\( e= \){1:NUMERICAL:=1:0}\( f= \){1:NUMERICAL:=-1:0}\( g= \){1:NUMERICAL:=-1:0}\( h= \){1:NUMERICAL:=2:0}<br>\( i= \){1:NUMERICAL:=0:0}\( j= \){1:NUMERICAL:=4:0}\( k= \){1:NUMERICAL:=3:0}\( l= \){1:NUMERICAL:=-7:0}<br>\( m= \){1:NUMERICAL:=-2:0}\( n= \){1:NUMERICAL:=-1:0}\( o= \){1:NUMERICAL:=1:0}\( p= \){1:NUMERICAL:=-1:0}<br></p>]]></text></questiontext></question><question type="cloze"><name><text>16 </text></name><questiontext format="html"><text><![CDATA[Gegeben: \( A = \left(\begin{matrix}3&2&2&2\\9&7&3&6\\5&4&2&3\\11&8&5&7\\ \end{matrix}\right) \)<p>Bestimmen Sie die inverse Matrix \( A^{-1} = \left(\begin{matrix}a&b&c&d\\e&f&g&h\\i&j&k&l\\m&n&o&p\\ \end{matrix}\right) \).</p><p>\( a= \){1:NUMERICAL:=-5:0}\( b= \){1:NUMERICAL:=-2:0}\( c= \){1:NUMERICAL:=-2:0}\( d= \){1:NUMERICAL:=4:0}<br>\( e= \){1:NUMERICAL:=3:0}\( f= \){1:NUMERICAL:=1:0}\( g= \){1:NUMERICAL:=3:0}\( h= \){1:NUMERICAL:=-3:0}<br>\( i= \){1:NUMERICAL:=2:0}\( j= \){1:NUMERICAL:=0:0}\( k= \){1:NUMERICAL:=1:0}\( l= \){1:NUMERICAL:=-1:0}<br>\( m= \){1:NUMERICAL:=3:0}\( n= \){1:NUMERICAL:=2:0}\( o= \){1:NUMERICAL:=-1:0}\( p= \){1:NUMERICAL:=-2:0}<br></p>]]></text></questiontext></question><question type="cloze"><name><text>17 </text></name><questiontext format="html"><text><![CDATA[Gegeben: \( A = \left(\begin{matrix}4&1&2&2\\7&3&4&5\\6&3&3&4\\6&4&3&5\\ \end{matrix}\right) \)<p>Bestimmen Sie die inverse Matrix \( A^{-1} = \left(\begin{matrix}a&b&c&d\\e&f&g&h\\i&j&k&l\\m&n&o&p\\ \end{matrix}\right) \).</p><p>\( a= \){1:NUMERICAL:=2:0}\( b= \){1:NUMERICAL:=-1:0}\( c= \){1:NUMERICAL:=-1:0}\( d= \){1:NUMERICAL:=1:0}<br>\( e= \){1:NUMERICAL:=-3:0}\( f= \){1:NUMERICAL:=0:0}\( g= \){1:NUMERICAL:=4:0}\( h= \){1:NUMERICAL:=-2:0}<br>\( i= \){1:NUMERICAL:=-5:0}\( j= \){1:NUMERICAL:=2:0}\( k= \){1:NUMERICAL:=5:0}\( l= \){1:NUMERICAL:=-4:0}<br>\( m= \){1:NUMERICAL:=3:0}\( n= \){1:NUMERICAL:=0:0}\( o= \){1:NUMERICAL:=-5:0}\( p= \){1:NUMERICAL:=3:0}<br></p>]]></text></questiontext></question><question type="cloze"><name><text>18 </text></name><questiontext format="html"><text><![CDATA[Gegeben: \( A = \left(\begin{matrix}16&13&7&8\\7&5&3&3\\12&10&5&6\\17&13&8&8\\ \end{matrix}\right) \)<p>Bestimmen Sie die inverse Matrix \( A^{-1} = \left(\begin{matrix}a&b&c&d\\e&f&g&h\\i&j&k&l\\m&n&o&p\\ \end{matrix}\right) \).</p><p>\( a= \){1:NUMERICAL:=1:0}\( b= \){1:NUMERICAL:=2:0}\( c= \){1:NUMERICAL:=-1:0}\( d= \){1:NUMERICAL:=-1:0}<br>\( e= \){1:NUMERICAL:=-5:0}\( f= \){1:NUMERICAL:=-2:0}\( g= \){1:NUMERICAL:=5:0}\( h= \){1:NUMERICAL:=2:0}<br>\( i= \){1:NUMERICAL:=-2:0}\( j= \){1:NUMERICAL:=-2:0}\( k= \){1:NUMERICAL:=1:0}\( l= \){1:NUMERICAL:=2:0}<br>\( m= \){1:NUMERICAL:=8:0}\( n= \){1:NUMERICAL:=1:0}\( o= \){1:NUMERICAL:=-7:0}\( p= \){1:NUMERICAL:=-3:0}<br></p>]]></text></questiontext></question><question type="cloze"><name><text>19 </text></name><questiontext format="html"><text><![CDATA[Gegeben: \( A = \left(\begin{matrix}10&3&7&3\\4&2&3&1\\9&3&6&2\\6&2&4&1\\ \end{matrix}\right) \)<p>Bestimmen Sie die inverse Matrix \( A^{-1} = \left(\begin{matrix}a&b&c&d\\e&f&g&h\\i&j&k&l\\m&n&o&p\\ \end{matrix}\right) \).</p><p>\( a= \){1:NUMERICAL:=-1:0}\( b= \){1:NUMERICAL:=-1:0}\( c= \){1:NUMERICAL:=3:0}\( d= \){1:NUMERICAL:=-2:0}<br>\( e= \){1:NUMERICAL:=-1:0}\( f= \){1:NUMERICAL:=1:0}\( g= \){1:NUMERICAL:=2:0}\( h= \){1:NUMERICAL:=-2:0}<br>\( i= \){1:NUMERICAL:=2:0}\( j= \){1:NUMERICAL:=1:0}\( k= \){1:NUMERICAL:=-6:0}\( l= \){1:NUMERICAL:=5:0}<br>\( m= \){1:NUMERICAL:=0:0}\( n= \){1:NUMERICAL:=0:0}\( o= \){1:NUMERICAL:=2:0}\( p= \){1:NUMERICAL:=-3:0}<br></p>]]></text></questiontext></question><question type="cloze"><name><text>20 </text></name><questiontext format="html"><text><![CDATA[Gegeben: \( A = \left(\begin{matrix}6&19&3&10\\3&11&2&6\\2&6&1&3\\5&19&3&10\\ \end{matrix}\right) \)<p>Bestimmen Sie die inverse Matrix \( A^{-1} = \left(\begin{matrix}a&b&c&d\\e&f&g&h\\i&j&k&l\\m&n&o&p\\ \end{matrix}\right) \).</p><p>\( a= \){1:NUMERICAL:=1:0}\( b= \){1:NUMERICAL:=0:0}\( c= \){1:NUMERICAL:=0:0}\( d= \){1:NUMERICAL:=-1:0}<br>\( e= \){1:NUMERICAL:=-1:0}\( f= \){1:NUMERICAL:=-1:0}\( g= \){1:NUMERICAL:=2:0}\( h= \){1:NUMERICAL:=1:0}<br>\( i= \){1:NUMERICAL:=-2:0}\( j= \){1:NUMERICAL:=3:0}\( k= \){1:NUMERICAL:=4:0}\( l= \){1:NUMERICAL:=-1:0}<br>\( m= \){1:NUMERICAL:=2:0}\( n= \){1:NUMERICAL:=1:0}\( o= \){1:NUMERICAL:=-5:0}\( p= \){1:NUMERICAL:=-1:0}<br></p>]]></text></questiontext></question></quiz>