<?xml version="1.0" encoding="UTF-8" standalone="yes"?>
<quiz><question type="category"><category><text>stochastik/zufallsexperimente-und-wahrscheinlichkeiten/mengenoperationen</text></category><info format="html"><text /></info><idnumber /></question><question type="cloze"><name><text>01 </text></name><questiontext format="html"><text><![CDATA[Welche Wege stehen nach dem Abitur offen? Zur Auswahl stehen ein Studium (\( S\)), eine Ausbildung (\(A\)) sowie ein Praktikum (\(P\)). Dabei besteht die Möglichkeit, in der Heimatstadt wohnen zu bleiben (\(H\)) oder in eine andere Region zu ziehen (\( \overline{H} \)). Daher ist \( S=\{SH; S\overline{H}; AH; A\overline{H}; PH; P\overline{H}\}\). Wir betrachten Ereignisse \( E=\{SH; S\overline{H}\} \) und \( F: \) 'Man bleibt in der Heimat.'.<p>Beschreiben Sie das Ereignis \( E \) textuell.</p><p>Man studiert - unabhängig davon, ob man in der Heimat bleibt oder nicht.</p><p>Beschreiben Sie das Ereignis \( F \) in Mengenschreibweise</p><p>\( F = \{SH; AH; PH\} \)</p><p>Beschreiben Sie das Ereignis \( \overline{E} \) in Mengeschreibweise.</p><p>\( \overline{E} = \{AH; A\overline{H}; PH; P\overline{H}\} \)</p><p>Beschreiben Sie das Ereignis \( E\cup \overline{F} \) textuell.</p><p>Man studiert oder zieht in eine andere Region.</p><p>Beschreiben Sie das Ereignis \( \overline{E}\cap F \) in Mengenschreibweise.</p><p>\( \overline{E} \cap F = \{AH; PH\} \)</p><p>Beschreiben Sie das Ereignis \( (E\cap \overline{F}) \cup (\overline{E}\cap F) \) textuell.</p><p>Man erfüllt genau eines der beiden Ereignisse: Entweder studiert man und zieht weg, oder man tut etwas anderes und bleibt in der Heimat.</p><p>Beschreiben Sie das Ereignis \( \{PH; P\overline{H}\} \) textuell.</p><p>Man macht ein Praktikum - unabhängig davon, wo man wohnt.</p><p>Beschreiben Sie das Ereignis 'Man studiert in einer anderen Region.' symbolisch mit \( E \) und \( F \).</p><p>\( E \cap \overline{F}  \)</p>]]></text></questiontext></question></quiz>