<?xml version="1.0" encoding="UTF-8" standalone="yes"?>
<quiz><question type="category"><category><text>stochastik/zufallsexperimente-und-wahrscheinlichkeiten/grundbegriffe-zufallsexperiment</text></category><info format="html"><text /></info><idnumber /></question><question type="cloze"><name><text>01 </text></name><questiontext format="html"><text><![CDATA[Wir betrachten das Zufallsexperiment, bei dem ein Würfel einmal geworfen wird.<p>Was ist die Ergebnismenge?</p><p>Die Ergebnismenge ist die Menge aller möglichen Ergebnisse eines Zufallsexperiments, d.h. \( S=\{1, 2, 3, 4, 5, 6\} \).</p><p>Was sind die Ergebnisse?</p><p>Ein Ergebnis ist ein einzelnes Element der Ergebnismenge, das bei einem Zufallsexperiment beobachtet werden kann. In diesem Fall sind die Ergebnisse die Zahlen 1 bis 6.</p><p>Was sind die Ereignisse?</p><p>Ein Ereignis ist eine Teilmenge der Ergebnismenge, die bestimmte Ergebnisse umfasst. Beispielsweise ist \( A=\{2, 4, 6\} \) ein Ereignis, das die geraden Zahlen umfasst.</p><p>Was ist das Gegenereignis zu \( A=\{1, 2, 3\} \)?</p><p>Das Gegenereignis zu \( A=\{1, 2, 3\} \) ist die Menge der Ergebnisse, die nicht in \( A \) enthalten sind, also \( \overline{A} = \{4, 5, 6\} \).</p>]]></text></questiontext></question></quiz>