<?xml version="1.0" encoding="UTF-8" standalone="yes"?>
<quiz><question type="category"><category><text>Stochastik/Allgemein/Methoden der Wahrscheinlichkeitsrechnung/Interpretationen/ohneBedingt</text></category><info format="html"><text /></info><idnumber /></question><question type="cloze"><name><text>01 </text></name><questiontext format="html"><text><![CDATA[Ein Hersteller von Halbleitern erhält Aufträge von Groß- und Kleinkunden. Alle Kunden können zwischen Basis- und Premium-Qualität wählen. In diesem Zusammenhang werden die folgenden Ereignisse betrachtet.</p> <p>A: Ein Großkunde bestellt Halbleiter.<br>B: Halbleiter werden in Premium-Qualität bestellt.</p> <p>Interpretieren Sie die folgenden Wahrscheinlichkeiten im Sachzusammenhang.<p>\( P(\overline{B}) \) ist die Wahrscheinlichkeit, dass</p><p>{1:MC:~ein Großkunde Halbleiter bestellt.~Halbleiter in Premium-Qualität bestellt werden.~ein Kleinkunde Halbleiter bestellt.~=Halbleiter in Basis-Qualität bestellt werden.~eine Bestellung von einem Großkunden stammt und Premium-Qualität erfordert.~eine Bestellung von einem Großkunden stammt und Basis-Qualität erfordert.~eine Bestellung von einem Kleinkunden stammt und Premium-Qualität erfordert.~eine Bestellung von einem Kleinkunden stammt und Basis-Qualität erfordert.~ein Großkunde Halbleiter bestellt oder Halbleiter in Premium-Qualität bestellt werden.~ein Großkunde Halbleiter bestellt oder Halbleiter in Basis-Qualität bestellt werden.~ein Kleinkunde Halbleiter bestellt oder Halbleiter in Premium-Qualität bestellt werden.~ein Kleinkunde Halbleiter bestellt oder Halbleiter in Basis-Qualität bestellt werden.~entweder ein Großkunde Halbleiter bestellt oder Halbleiter in Premium-Qualität bestellt werden.~eine Bestellung von einem Großkunden stammt und Premium-Qualität erfordert oder von einem Kleinkunden stammt und Basis-Qualität erfordert.~ein Halbleiter in Premium- oder Basis-Qualität bestellt wird.~weder ein Großkunde noch ein Kleinkunde Halbleiter bestellt.}</p><p>\( P(\overline{A}\cap B) \) ist die Wahrscheinlichkeit, dass</p><p>{1:MC:~ein Großkunde Halbleiter bestellt.~Halbleiter in Premium-Qualität bestellt werden.~ein Kleinkunde Halbleiter bestellt.~Halbleiter in Basis-Qualität bestellt werden.~eine Bestellung von einem Großkunden stammt und Premium-Qualität erfordert.~eine Bestellung von einem Großkunden stammt und Basis-Qualität erfordert.~=eine Bestellung von einem Kleinkunden stammt und Premium-Qualität erfordert.~eine Bestellung von einem Kleinkunden stammt und Basis-Qualität erfordert.~ein Großkunde Halbleiter bestellt oder Halbleiter in Premium-Qualität bestellt werden.~ein Großkunde Halbleiter bestellt oder Halbleiter in Basis-Qualität bestellt werden.~ein Kleinkunde Halbleiter bestellt oder Halbleiter in Premium-Qualität bestellt werden.~ein Kleinkunde Halbleiter bestellt oder Halbleiter in Basis-Qualität bestellt werden.~entweder ein Großkunde Halbleiter bestellt oder Halbleiter in Premium-Qualität bestellt werden.~eine Bestellung von einem Großkunden stammt und Premium-Qualität erfordert oder von einem Kleinkunden stammt und Basis-Qualität erfordert.~ein Halbleiter in Premium- oder Basis-Qualität bestellt wird.~weder ein Großkunde noch ein Kleinkunde Halbleiter bestellt.}</p><p>\( P(\overline{A}\cup B) \) ist die Wahrscheinlichkeit, dass</p><p>{1:MC:~ein Großkunde Halbleiter bestellt.~Halbleiter in Premium-Qualität bestellt werden.~ein Kleinkunde Halbleiter bestellt.~Halbleiter in Basis-Qualität bestellt werden.~eine Bestellung von einem Großkunden stammt und Premium-Qualität erfordert.~eine Bestellung von einem Großkunden stammt und Basis-Qualität erfordert.~eine Bestellung von einem Kleinkunden stammt und Premium-Qualität erfordert.~eine Bestellung von einem Kleinkunden stammt und Basis-Qualität erfordert.~ein Großkunde Halbleiter bestellt oder Halbleiter in Premium-Qualität bestellt werden.~ein Großkunde Halbleiter bestellt oder Halbleiter in Basis-Qualität bestellt werden.~=ein Kleinkunde Halbleiter bestellt oder Halbleiter in Premium-Qualität bestellt werden.~ein Kleinkunde Halbleiter bestellt oder Halbleiter in Basis-Qualität bestellt werden.~entweder ein Großkunde Halbleiter bestellt oder Halbleiter in Premium-Qualität bestellt werden.~eine Bestellung von einem Großkunden stammt und Premium-Qualität erfordert oder von einem Kleinkunden stammt und Basis-Qualität erfordert.~ein Halbleiter in Premium- oder Basis-Qualität bestellt wird.~weder ein Großkunde noch ein Kleinkunde Halbleiter bestellt.}</p><p>\( P(A\cap B) + P(\overline{A}\cap\overline{B}) \) ist die Wahrscheinlichkeit, dass</p><p>{1:MC:~ein Großkunde Halbleiter bestellt.~Halbleiter in Premium-Qualität bestellt werden.~ein Kleinkunde Halbleiter bestellt.~Halbleiter in Basis-Qualität bestellt werden.~eine Bestellung von einem Großkunden stammt und Premium-Qualität erfordert.~eine Bestellung von einem Großkunden stammt und Basis-Qualität erfordert.~eine Bestellung von einem Kleinkunden stammt und Premium-Qualität erfordert.~eine Bestellung von einem Kleinkunden stammt und Basis-Qualität erfordert.~ein Großkunde Halbleiter bestellt oder Halbleiter in Premium-Qualität bestellt werden.~ein Großkunde Halbleiter bestellt oder Halbleiter in Basis-Qualität bestellt werden.~ein Kleinkunde Halbleiter bestellt oder Halbleiter in Premium-Qualität bestellt werden.~ein Kleinkunde Halbleiter bestellt oder Halbleiter in Basis-Qualität bestellt werden.~entweder ein Großkunde Halbleiter bestellt oder Halbleiter in Premium-Qualität bestellt werden.~=eine Bestellung von einem Großkunden stammt und Premium-Qualität erfordert oder von einem Kleinkunden stammt und Basis-Qualität erfordert.~ein Halbleiter in Premium- oder Basis-Qualität bestellt wird.~weder ein Großkunde noch ein Kleinkunde Halbleiter bestellt.}</p>]]></text></questiontext></question><question type="cloze"><name><text>02 </text></name><questiontext format="html"><text><![CDATA[Eine Zugbegleiterin kontrolliert die Fahrscheine und das Einhalten einer pandemiebedingten Maskenpflicht in einem ICE von Hamburg nach München. In diesem Zusammenhang werden die folgenden Ereignisse betrachtet.</p> <p>A: Ein Passagier hat einen gültigen Fahrschein.<br>B: Ein Passagier trägt eine Maske.</p> <p>Interpretieren Sie die folgenden Wahrscheinlichkeiten im Sachzusammenhang.<p>\( P(\overline{B}) \) ist die Wahrscheinlichkeit, dass</p><p>{1:MC:~ein Passagier einen gültigen Fahrschein hat.~ein Passagier eine Maske trägt.~ein Passagier keinen gültigen Fahrschein hat.~=ein Passagier keine Maske trägt.~ein Passagier einen gültigen Fahrschein hat und eine Maske trägt.~ein Passagier einen gültigen Fahrschein hat und keine Maske trägt.~ein Passagier keinen gültigen Fahrschein hat und eine Maske trägt.~ein Passagier keinen gültigen Fahrschein hat und keine Maske trägt.~ein Passagier einen gültigen Fahrschein hat oder eine Maske trägt.~ein Passagier einen gültigen Fahrschein hat oder keine Maske trägt.~ein Passagier keinen gültigen Fahrschein hat oder eine Maske trägt.~ein Passagier keinen gültigen Fahrschein hat oder keine Maske trägt.~ein Passagier entweder einen gültigen Fahrschein hat oder eine Maske trägt.~ein Passagier einen gültigen Fahrschein hat und eine Maske trägt oder keinen gültigen Fahrschein hat und keine Maske trägt.~ein Passagier eine Maske trägt oder nicht.~ein Passagier weder einen gültigen Fahrschein noch einen ungültigen hat.}</p><p>\( P(A\cap B) \) ist die Wahrscheinlichkeit, dass</p><p>{1:MC:~ein Passagier einen gültigen Fahrschein hat.~ein Passagier eine Maske trägt.~ein Passagier keinen gültigen Fahrschein hat.~ein Passagier keine Maske trägt.~=ein Passagier einen gültigen Fahrschein hat und eine Maske trägt.~ein Passagier einen gültigen Fahrschein hat und keine Maske trägt.~ein Passagier keinen gültigen Fahrschein hat und eine Maske trägt.~ein Passagier keinen gültigen Fahrschein hat und keine Maske trägt.~ein Passagier einen gültigen Fahrschein hat oder eine Maske trägt.~ein Passagier einen gültigen Fahrschein hat oder keine Maske trägt.~ein Passagier keinen gültigen Fahrschein hat oder eine Maske trägt.~ein Passagier keinen gültigen Fahrschein hat oder keine Maske trägt.~ein Passagier entweder einen gültigen Fahrschein hat oder eine Maske trägt.~ein Passagier einen gültigen Fahrschein hat und eine Maske trägt oder keinen gültigen Fahrschein hat und keine Maske trägt.~ein Passagier eine Maske trägt oder nicht.~ein Passagier weder einen gültigen Fahrschein noch einen ungültigen hat.}</p><p>\( P(\overline{A}\cup \overline{B}) \) ist die Wahrscheinlichkeit, dass</p><p>{1:MC:~ein Passagier einen gültigen Fahrschein hat.~ein Passagier eine Maske trägt.~ein Passagier keinen gültigen Fahrschein hat.~ein Passagier keine Maske trägt.~ein Passagier einen gültigen Fahrschein hat und eine Maske trägt.~ein Passagier einen gültigen Fahrschein hat und keine Maske trägt.~ein Passagier keinen gültigen Fahrschein hat und eine Maske trägt.~ein Passagier keinen gültigen Fahrschein hat und keine Maske trägt.~ein Passagier einen gültigen Fahrschein hat oder eine Maske trägt.~ein Passagier einen gültigen Fahrschein hat oder keine Maske trägt.~ein Passagier keinen gültigen Fahrschein hat oder eine Maske trägt.~=ein Passagier keinen gültigen Fahrschein hat oder keine Maske trägt.~ein Passagier entweder einen gültigen Fahrschein hat oder eine Maske trägt.~ein Passagier einen gültigen Fahrschein hat und eine Maske trägt oder keinen gültigen Fahrschein hat und keine Maske trägt.~ein Passagier eine Maske trägt oder nicht.~ein Passagier weder einen gültigen Fahrschein noch einen ungültigen hat.}</p><p>\( P(\overline{A}\cap B) + P(A\cap\overline{B}) \) ist die Wahrscheinlichkeit, dass</p><p>{1:MC:~ein Passagier einen gültigen Fahrschein hat.~ein Passagier eine Maske trägt.~ein Passagier keinen gültigen Fahrschein hat.~ein Passagier keine Maske trägt.~ein Passagier einen gültigen Fahrschein hat und eine Maske trägt.~ein Passagier einen gültigen Fahrschein hat und keine Maske trägt.~ein Passagier keinen gültigen Fahrschein hat und eine Maske trägt.~ein Passagier keinen gültigen Fahrschein hat und keine Maske trägt.~ein Passagier einen gültigen Fahrschein hat oder eine Maske trägt.~ein Passagier einen gültigen Fahrschein hat oder keine Maske trägt.~ein Passagier keinen gültigen Fahrschein hat oder eine Maske trägt.~ein Passagier keinen gültigen Fahrschein hat oder keine Maske trägt.~=ein Passagier entweder einen gültigen Fahrschein hat oder eine Maske trägt.~ein Passagier einen gültigen Fahrschein hat und eine Maske trägt oder keinen gültigen Fahrschein hat und keine Maske trägt.~ein Passagier eine Maske trägt oder nicht.~ein Passagier weder einen gültigen Fahrschein noch einen ungültigen hat.}</p>]]></text></questiontext></question><question type="cloze"><name><text>03 </text></name><questiontext format="html"><text><![CDATA[Ein Eisstand bietet Getränke an: Schokolade und Kaffee, jeweils entweder heiß oder kalt zubereitet. In diesem Zusammenhang werden die folgenden Ereignisse betrachtet.</p> <p>A: Ein Kunde bestellt eine Schokolade.<br>B: Ein Kunde bestellt ein heißes Getränk.</p> <p>Interpretieren Sie die folgenden Wahrscheinlichkeiten im Sachzusammenhang.<p>\( P(A) \) ist die Wahrscheinlichkeit, dass</p><p>{1:MC:~=ein Kunde eine Schokolade bestellt.~ein Kunde ein heißes Getränk bestellt.~ein Kunde einen Kaffee bestellt.~ein Kunde ein kaltes Getränk bestellt.~ein Kunde eine heiße Schokolade bestellt.~ein Kunde eine Eisschokolade bestellt.~ein Kunde einen heißen Kaffee bestellt.~ein Kunde einen Eiskaffee bestellt.~ein Kunde eine Schokolade oder ein heißes Getränk bestellt.~ein Kunde eine Schokolade oder ein kaltes Getränk bestellt.~ein Kunde einen Kaffee oder ein heißes Getränk bestellt.~ein Kunde einen Kaffee oder ein kaltes Getränk bestellt.~entweder eine Schokolade oder ein heißes Getränk bestellt.~ein Kunde eine heiße Schokolade oder einen Eiskaffee bestellt.~ein Kunde ein heißes oder kaltes Getränk bestellt.~ein Kunde weder eine Schokolade noch einen Kaffee bestellt.}</p><p>\( P(\overline{A}\cap \overline{B}) \) ist die Wahrscheinlichkeit, dass</p><p>{1:MC:~ein Kunde eine Schokolade bestellt.~ein Kunde ein heißes Getränk bestellt.~ein Kunde einen Kaffee bestellt.~ein Kunde ein kaltes Getränk bestellt.~ein Kunde eine heiße Schokolade bestellt.~ein Kunde eine Eisschokolade bestellt.~ein Kunde einen heißen Kaffee bestellt.~=ein Kunde einen Eiskaffee bestellt.~ein Kunde eine Schokolade oder ein heißes Getränk bestellt.~ein Kunde eine Schokolade oder ein kaltes Getränk bestellt.~ein Kunde einen Kaffee oder ein heißes Getränk bestellt.~ein Kunde einen Kaffee oder ein kaltes Getränk bestellt.~entweder eine Schokolade oder ein heißes Getränk bestellt.~ein Kunde eine heiße Schokolade oder einen Eiskaffee bestellt.~ein Kunde ein heißes oder kaltes Getränk bestellt.~ein Kunde weder eine Schokolade noch einen Kaffee bestellt.}</p><p>\( P(\overline{A}\cup \overline{B}) \) ist die Wahrscheinlichkeit, dass</p><p>{1:MC:~ein Kunde eine Schokolade bestellt.~ein Kunde ein heißes Getränk bestellt.~ein Kunde einen Kaffee bestellt.~ein Kunde ein kaltes Getränk bestellt.~ein Kunde eine heiße Schokolade bestellt.~ein Kunde eine Eisschokolade bestellt.~ein Kunde einen heißen Kaffee bestellt.~ein Kunde einen Eiskaffee bestellt.~ein Kunde eine Schokolade oder ein heißes Getränk bestellt.~ein Kunde eine Schokolade oder ein kaltes Getränk bestellt.~ein Kunde einen Kaffee oder ein heißes Getränk bestellt.~=ein Kunde einen Kaffee oder ein kaltes Getränk bestellt.~entweder eine Schokolade oder ein heißes Getränk bestellt.~ein Kunde eine heiße Schokolade oder einen Eiskaffee bestellt.~ein Kunde ein heißes oder kaltes Getränk bestellt.~ein Kunde weder eine Schokolade noch einen Kaffee bestellt.}</p><p>\( P(A\cap\overline{A}) \) ist die Wahrscheinlichkeit, dass</p><p>{1:MC:~ein Kunde eine Schokolade bestellt.~ein Kunde ein heißes Getränk bestellt.~ein Kunde einen Kaffee bestellt.~ein Kunde ein kaltes Getränk bestellt.~ein Kunde eine heiße Schokolade bestellt.~ein Kunde eine Eisschokolade bestellt.~ein Kunde einen heißen Kaffee bestellt.~ein Kunde einen Eiskaffee bestellt.~ein Kunde eine Schokolade oder ein heißes Getränk bestellt.~ein Kunde eine Schokolade oder ein kaltes Getränk bestellt.~ein Kunde einen Kaffee oder ein heißes Getränk bestellt.~ein Kunde einen Kaffee oder ein kaltes Getränk bestellt.~entweder eine Schokolade oder ein heißes Getränk bestellt.~ein Kunde eine heiße Schokolade oder einen Eiskaffee bestellt.~ein Kunde ein heißes oder kaltes Getränk bestellt.~=ein Kunde weder eine Schokolade noch einen Kaffee bestellt.}</p>]]></text></questiontext></question><question type="cloze"><name><text>04 </text></name><questiontext format="html"><text><![CDATA[Ein angeblich verzauberter Würfel wird geworfen. Bevor man wirft, kann man einen Zauberspruch aufsagen. In diesem Zusammenhang werden die folgenden Ereignisse betrachtet.</p> <p>A: Es wird eine Sechs geworfen.<br>B: Es wird ein Zauberspruch aufgesagt.</p> <p>Interpretieren Sie die folgenden Wahrscheinlichkeiten im Sachzusammenhang.<p>\( P(B) \) ist die Wahrscheinlichkeit, dass</p><p>{1:MC:~eine Sechs geworfen wird.~=ein Zauberspruch aufgesagt wird.~keine Sechs geworfen wird.~kein Zauberspruch aufgesagt wird.~eine Sechs geworfen und ein Zauberspruch aufgesagt wird.~eine Sechs geworfen und kein Zauberspruch aufgesagt wird.~keine Sechs geworfen und ein Zauberspruch aufgesagt wird.~keine Sechs geworfen und kein Zauberspruch aufgesagt wird.~eine Sechs geworfen oder ein Zauberspruch aufgesagt wird.~eine Sechs geworfen oder kein Zauberspruch aufgesagt wird.~keine Sechs geworfen oder ein Zauberspruch aufgesagt wird.~keine Sechs geworfen oder kein Zauberspruch aufgesagt wird.~entweder eine Sechs geworfen oder ein Zauberspruch aufgesagt wird.~eine Sechs geworfen und ein Zauberspruch aufgesagt wird oder keine Sechs geworfen und kein Zauberspruch aufgesagt wird.~ein Zauberspruch aufgesagt wird oder nicht.~weder eine Sechs noch eine andere Zahl geworfen wird.}</p><p>\( P(\overline{A}\cap B) \) ist die Wahrscheinlichkeit, dass</p><p>{1:MC:~eine Sechs geworfen wird.~ein Zauberspruch aufgesagt wird.~keine Sechs geworfen wird.~kein Zauberspruch aufgesagt wird.~eine Sechs geworfen und ein Zauberspruch aufgesagt wird.~eine Sechs geworfen und kein Zauberspruch aufgesagt wird.~=keine Sechs geworfen und ein Zauberspruch aufgesagt wird.~keine Sechs geworfen und kein Zauberspruch aufgesagt wird.~eine Sechs geworfen oder ein Zauberspruch aufgesagt wird.~eine Sechs geworfen oder kein Zauberspruch aufgesagt wird.~keine Sechs geworfen oder ein Zauberspruch aufgesagt wird.~keine Sechs geworfen oder kein Zauberspruch aufgesagt wird.~entweder eine Sechs geworfen oder ein Zauberspruch aufgesagt wird.~eine Sechs geworfen und ein Zauberspruch aufgesagt wird oder keine Sechs geworfen und kein Zauberspruch aufgesagt wird.~ein Zauberspruch aufgesagt wird oder nicht.~weder eine Sechs noch eine andere Zahl geworfen wird.}</p><p>\( P(\overline{A}\cup B) \) ist die Wahrscheinlichkeit, dass</p><p>{1:MC:~eine Sechs geworfen wird.~ein Zauberspruch aufgesagt wird.~keine Sechs geworfen wird.~kein Zauberspruch aufgesagt wird.~eine Sechs geworfen und ein Zauberspruch aufgesagt wird.~eine Sechs geworfen und kein Zauberspruch aufgesagt wird.~keine Sechs geworfen und ein Zauberspruch aufgesagt wird.~keine Sechs geworfen und kein Zauberspruch aufgesagt wird.~eine Sechs geworfen oder ein Zauberspruch aufgesagt wird.~eine Sechs geworfen oder kein Zauberspruch aufgesagt wird.~=keine Sechs geworfen oder ein Zauberspruch aufgesagt wird.~keine Sechs geworfen oder kein Zauberspruch aufgesagt wird.~entweder eine Sechs geworfen oder ein Zauberspruch aufgesagt wird.~eine Sechs geworfen und ein Zauberspruch aufgesagt wird oder keine Sechs geworfen und kein Zauberspruch aufgesagt wird.~ein Zauberspruch aufgesagt wird oder nicht.~weder eine Sechs noch eine andere Zahl geworfen wird.}</p><p>\( P(A\cap B) + P(\overline{A}\cap\overline{B}) \) ist die Wahrscheinlichkeit, dass</p><p>{1:MC:~eine Sechs geworfen wird.~ein Zauberspruch aufgesagt wird.~keine Sechs geworfen wird.~kein Zauberspruch aufgesagt wird.~eine Sechs geworfen und ein Zauberspruch aufgesagt wird.~eine Sechs geworfen und kein Zauberspruch aufgesagt wird.~keine Sechs geworfen und ein Zauberspruch aufgesagt wird.~keine Sechs geworfen und kein Zauberspruch aufgesagt wird.~eine Sechs geworfen oder ein Zauberspruch aufgesagt wird.~eine Sechs geworfen oder kein Zauberspruch aufgesagt wird.~keine Sechs geworfen oder ein Zauberspruch aufgesagt wird.~keine Sechs geworfen oder kein Zauberspruch aufgesagt wird.~entweder eine Sechs geworfen oder ein Zauberspruch aufgesagt wird.~=eine Sechs geworfen und ein Zauberspruch aufgesagt wird oder keine Sechs geworfen und kein Zauberspruch aufgesagt wird.~ein Zauberspruch aufgesagt wird oder nicht.~weder eine Sechs noch eine andere Zahl geworfen wird.}</p>]]></text></questiontext></question><question type="cloze"><name><text>05 </text></name><questiontext format="html"><text><![CDATA[Für das Controlling bei der Deutschen Bundesbank bewerben sich Mathematiker und Wirtschaftswissenschaftler mit Bachelor- oder Masterabschluss. In diesem Zusammenhang werden die folgenden Ereignisse betrachtet.</p> <p>A: Ein Bewerber ist Mathematiker.<br>B: Ein Bewerber hat einen Bachelor.</p> <p>Interpretieren Sie die folgenden Wahrscheinlichkeiten im Sachzusammenhang.<p>\( P(B) \) ist die Wahrscheinlichkeit, dass</p><p>{1:MC:~ein Bewerber Mathematiker ist.~=ein Bewerber einen Bachelor hat.~ein Bewerber Wirtschaftswissenschaftler ist.~ein Bewerber einen Master hat.~ein Bewerber einen Bachelor in Mathematik hat.~ein Bewerber einen Master in Mathematik hat.~ein Bewerber einen Bachelor in Wirtschaftswissenschaft hat.~ein Bewerber einen Master in Wirtschaftswissenschaften hat.~ein Bewerber Mathematiker ist oder einen Bachelor hat.~ein Bewerber Mathematiker ist oder einen Master hat.~ein Bewerber Wirtschaftswissenschaftler ist oder einen Bachelor hat.~ein Bewerber Wirtschaftswissenschaftler ist oder einen Master hat.~ein Bewerber entweder Mathematiker ist oder einen Bachelor hat.~ein Bewerber einen Bachelor in Mathematik oder einen Master in Wirtschaftswissenschaften hat.~ein Bewerber einen Bachelor oder Master hat.~ein Bewerber weder Mathematiker noch Wirtschaftswissenschaftler ist.}</p><p>\( P(A\cap B) \) ist die Wahrscheinlichkeit, dass</p><p>{1:MC:~ein Bewerber Mathematiker ist.~ein Bewerber einen Bachelor hat.~ein Bewerber Wirtschaftswissenschaftler ist.~ein Bewerber einen Master hat.~=ein Bewerber einen Bachelor in Mathematik hat.~ein Bewerber einen Master in Mathematik hat.~ein Bewerber einen Bachelor in Wirtschaftswissenschaft hat.~ein Bewerber einen Master in Wirtschaftswissenschaften hat.~ein Bewerber Mathematiker ist oder einen Bachelor hat.~ein Bewerber Mathematiker ist oder einen Master hat.~ein Bewerber Wirtschaftswissenschaftler ist oder einen Bachelor hat.~ein Bewerber Wirtschaftswissenschaftler ist oder einen Master hat.~ein Bewerber entweder Mathematiker ist oder einen Bachelor hat.~ein Bewerber einen Bachelor in Mathematik oder einen Master in Wirtschaftswissenschaften hat.~ein Bewerber einen Bachelor oder Master hat.~ein Bewerber weder Mathematiker noch Wirtschaftswissenschaftler ist.}</p><p>\( P(\overline{A}\cup B) \) ist die Wahrscheinlichkeit, dass</p><p>{1:MC:~ein Bewerber Mathematiker ist.~ein Bewerber einen Bachelor hat.~ein Bewerber Wirtschaftswissenschaftler ist.~ein Bewerber einen Master hat.~ein Bewerber einen Bachelor in Mathematik hat.~ein Bewerber einen Master in Mathematik hat.~ein Bewerber einen Bachelor in Wirtschaftswissenschaft hat.~ein Bewerber einen Master in Wirtschaftswissenschaften hat.~ein Bewerber Mathematiker ist oder einen Bachelor hat.~ein Bewerber Mathematiker ist oder einen Master hat.~=ein Bewerber Wirtschaftswissenschaftler ist oder einen Bachelor hat.~ein Bewerber Wirtschaftswissenschaftler ist oder einen Master hat.~ein Bewerber entweder Mathematiker ist oder einen Bachelor hat.~ein Bewerber einen Bachelor in Mathematik oder einen Master in Wirtschaftswissenschaften hat.~ein Bewerber einen Bachelor oder Master hat.~ein Bewerber weder Mathematiker noch Wirtschaftswissenschaftler ist.}</p><p>\( P(\overline{A}\cap B) + P(A\cap\overline{B}) \) ist die Wahrscheinlichkeit, dass</p><p>{1:MC:~ein Bewerber Mathematiker ist.~ein Bewerber einen Bachelor hat.~ein Bewerber Wirtschaftswissenschaftler ist.~ein Bewerber einen Master hat.~ein Bewerber einen Bachelor in Mathematik hat.~ein Bewerber einen Master in Mathematik hat.~ein Bewerber einen Bachelor in Wirtschaftswissenschaft hat.~ein Bewerber einen Master in Wirtschaftswissenschaften hat.~ein Bewerber Mathematiker ist oder einen Bachelor hat.~ein Bewerber Mathematiker ist oder einen Master hat.~ein Bewerber Wirtschaftswissenschaftler ist oder einen Bachelor hat.~ein Bewerber Wirtschaftswissenschaftler ist oder einen Master hat.~=ein Bewerber entweder Mathematiker ist oder einen Bachelor hat.~ein Bewerber einen Bachelor in Mathematik oder einen Master in Wirtschaftswissenschaften hat.~ein Bewerber einen Bachelor oder Master hat.~ein Bewerber weder Mathematiker noch Wirtschaftswissenschaftler ist.}</p>]]></text></questiontext></question><question type="cloze"><name><text>06 </text></name><questiontext format="html"><text><![CDATA[Praktische Führerscheinprüfung: In diesem Zusammenhang werden die folgenden Ereignisse betrachtet.</p> <p>A: Der Prüfling besteht.<br>B: Der Prüfer ist ausgeschlafen.</p> <p>Interpretieren Sie die folgenden Wahrscheinlichkeiten im Sachzusammenhang.<p>\( P(\overline{A}) \) ist die Wahrscheinlichkeit, dass</p><p>{1:MC:~ein Prüfling besteht.~ein Prüfer ausgeschlafen ist.~=ein Prüfling durchfällt.~ein Prüfer nicht ausgeschlafen ist.~ein Prüfling besteht und ein Prüfer ausgeschlafen ist.~ein Prüfling besteht und ein Prüfer nicht ausgeschlafen ist.~ein Prüfling durchfällt und ein Prüfer ausgeschlafen ist.~ein Prüfling durchfällt und ein Prüfer nicht ausgeschlafen ist.~ein Prüfling besteht oder ein Prüfer ausgeschlafen ist.~ein Prüfling besteht oder ein Prüfer nicht ausgeschlafen ist.~ein Prüfling durchfällt oder ein Prüfer ausgeschlafen ist.~ein Prüfling durchfällt oder ein Prüfer nicht ausgeschlafen ist.~entweder ein Prüfling besteht oder ein Prüfer ausgeschlafen ist.~ein Prüfling besteht und ein Prüfer ausgeschlafen ist oder ein Prüfling durchfällt und ein Prüfer nicht ausgeschlafen ist.~ein Prüfer ausgeschlafen ist oder nicht.~ein Prüfling weder besteht noch durchfällt.}</p><p>\( P(A\cap B) \) ist die Wahrscheinlichkeit, dass</p><p>{1:MC:~ein Prüfling besteht.~ein Prüfer ausgeschlafen ist.~ein Prüfling durchfällt.~ein Prüfer nicht ausgeschlafen ist.~=ein Prüfling besteht und ein Prüfer ausgeschlafen ist.~ein Prüfling besteht und ein Prüfer nicht ausgeschlafen ist.~ein Prüfling durchfällt und ein Prüfer ausgeschlafen ist.~ein Prüfling durchfällt und ein Prüfer nicht ausgeschlafen ist.~ein Prüfling besteht oder ein Prüfer ausgeschlafen ist.~ein Prüfling besteht oder ein Prüfer nicht ausgeschlafen ist.~ein Prüfling durchfällt oder ein Prüfer ausgeschlafen ist.~ein Prüfling durchfällt oder ein Prüfer nicht ausgeschlafen ist.~entweder ein Prüfling besteht oder ein Prüfer ausgeschlafen ist.~ein Prüfling besteht und ein Prüfer ausgeschlafen ist oder ein Prüfling durchfällt und ein Prüfer nicht ausgeschlafen ist.~ein Prüfer ausgeschlafen ist oder nicht.~ein Prüfling weder besteht noch durchfällt.}</p><p>\( P(A\cup\overline{B}) \) ist die Wahrscheinlichkeit, dass</p><p>{1:MC:~ein Prüfling besteht.~ein Prüfer ausgeschlafen ist.~ein Prüfling durchfällt.~ein Prüfer nicht ausgeschlafen ist.~ein Prüfling besteht und ein Prüfer ausgeschlafen ist.~ein Prüfling besteht und ein Prüfer nicht ausgeschlafen ist.~ein Prüfling durchfällt und ein Prüfer ausgeschlafen ist.~ein Prüfling durchfällt und ein Prüfer nicht ausgeschlafen ist.~ein Prüfling besteht oder ein Prüfer ausgeschlafen ist.~=ein Prüfling besteht oder ein Prüfer nicht ausgeschlafen ist.~ein Prüfling durchfällt oder ein Prüfer ausgeschlafen ist.~ein Prüfling durchfällt oder ein Prüfer nicht ausgeschlafen ist.~entweder ein Prüfling besteht oder ein Prüfer ausgeschlafen ist.~ein Prüfling besteht und ein Prüfer ausgeschlafen ist oder ein Prüfling durchfällt und ein Prüfer nicht ausgeschlafen ist.~ein Prüfer ausgeschlafen ist oder nicht.~ein Prüfling weder besteht noch durchfällt.}</p><p>\( P(B\cup\overline{B}) \) ist die Wahrscheinlichkeit, dass</p><p>{1:MC:~ein Prüfling besteht.~ein Prüfer ausgeschlafen ist.~ein Prüfling durchfällt.~ein Prüfer nicht ausgeschlafen ist.~ein Prüfling besteht und ein Prüfer ausgeschlafen ist.~ein Prüfling besteht und ein Prüfer nicht ausgeschlafen ist.~ein Prüfling durchfällt und ein Prüfer ausgeschlafen ist.~ein Prüfling durchfällt und ein Prüfer nicht ausgeschlafen ist.~ein Prüfling besteht oder ein Prüfer ausgeschlafen ist.~ein Prüfling besteht oder ein Prüfer nicht ausgeschlafen ist.~ein Prüfling durchfällt oder ein Prüfer ausgeschlafen ist.~ein Prüfling durchfällt oder ein Prüfer nicht ausgeschlafen ist.~entweder ein Prüfling besteht oder ein Prüfer ausgeschlafen ist.~ein Prüfling besteht und ein Prüfer ausgeschlafen ist oder ein Prüfling durchfällt und ein Prüfer nicht ausgeschlafen ist.~=ein Prüfer ausgeschlafen ist oder nicht.~ein Prüfling weder besteht noch durchfällt.}</p>]]></text></questiontext></question><question type="cloze"><name><text>07 </text></name><questiontext format="html"><text><![CDATA[In einem Sportgeschäft werden Hanteln aus Metall und Kunststoff angeboten. Zur Schonung der Handgelenke sind einige Hanteln zudem mit einem drehbaren Griff ausgestattet. In diesem Zusammenhang werden die folgenden Ereignisse betrachtet.</p> <p>A: Eine Hantel ist aus Metall.<br>B: Eine Hantel hat einen drehbaren Griff.</p> <p>Interpretieren Sie die folgenden Wahrscheinlichkeiten im Sachzusammenhang.<p>\( P(\overline{B}) \) ist die Wahrscheinlichkeit, dass</p><p>{1:MC:~eine Hantel aus Metall ist.~eine Hantel einen drehbaren Griff hat.~eine Hantel aus Kunststoff ist.~=eine Hantel keinen drehbaren Griff hat.~eine Hantel aus Metall ist und einen drehbaren Griff hat.~eine Hantel aus Metall ist und keinen drehbaren Griff hat.~eine Hantel aus Kunststoff ist und einen drehbaren Griff hat.~eine Hantel aus Kunststoff ist und keinen drehbaren Griff hat.~eine Hantel aus Metall ist oder einen drehbaren Griff hat.~eine Hantel aus Metall ist oder keinen drehbaren Griff hat.~eine Hantel aus Kunststoff ist oder einen drehbaren Griff hat.~eine Hantel aus Kunststoff ist oder keinen drehbaren Griff hat.~eine Hantel entweder aus Metall ist oder einen drehbaren Griff hat.~eine Hantel aus Metall ist und einen drehbaren Griff hat oder aus Kunststoff ist und keinen drehbaren Griff hat.~eine Hantel einen drehbaren Griff hat oder nicht.~eine Hantel weder aus Metall noch aus Kunststoff ist.}</p><p>\( P(\overline{A}\cap B) \) ist die Wahrscheinlichkeit, dass</p><p>{1:MC:~eine Hantel aus Metall ist.~eine Hantel einen drehbaren Griff hat.~eine Hantel aus Kunststoff ist.~eine Hantel keinen drehbaren Griff hat.~eine Hantel aus Metall ist und einen drehbaren Griff hat.~eine Hantel aus Metall ist und keinen drehbaren Griff hat.~=eine Hantel aus Kunststoff ist und einen drehbaren Griff hat.~eine Hantel aus Kunststoff ist und keinen drehbaren Griff hat.~eine Hantel aus Metall ist oder einen drehbaren Griff hat.~eine Hantel aus Metall ist oder keinen drehbaren Griff hat.~eine Hantel aus Kunststoff ist oder einen drehbaren Griff hat.~eine Hantel aus Kunststoff ist oder keinen drehbaren Griff hat.~eine Hantel entweder aus Metall ist oder einen drehbaren Griff hat.~eine Hantel aus Metall ist und einen drehbaren Griff hat oder aus Kunststoff ist und keinen drehbaren Griff hat.~eine Hantel einen drehbaren Griff hat oder nicht.~eine Hantel weder aus Metall noch aus Kunststoff ist.}</p><p>\( P(A\cup\overline{B}) \) ist die Wahrscheinlichkeit, dass</p><p>{1:MC:~eine Hantel aus Metall ist.~eine Hantel einen drehbaren Griff hat.~eine Hantel aus Kunststoff ist.~eine Hantel keinen drehbaren Griff hat.~eine Hantel aus Metall ist und einen drehbaren Griff hat.~eine Hantel aus Metall ist und keinen drehbaren Griff hat.~eine Hantel aus Kunststoff ist und einen drehbaren Griff hat.~eine Hantel aus Kunststoff ist und keinen drehbaren Griff hat.~eine Hantel aus Metall ist oder einen drehbaren Griff hat.~=eine Hantel aus Metall ist oder keinen drehbaren Griff hat.~eine Hantel aus Kunststoff ist oder einen drehbaren Griff hat.~eine Hantel aus Kunststoff ist oder keinen drehbaren Griff hat.~eine Hantel entweder aus Metall ist oder einen drehbaren Griff hat.~eine Hantel aus Metall ist und einen drehbaren Griff hat oder aus Kunststoff ist und keinen drehbaren Griff hat.~eine Hantel einen drehbaren Griff hat oder nicht.~eine Hantel weder aus Metall noch aus Kunststoff ist.}</p><p>\( P(A\cap B) + P(\overline{A}\cap\overline{B}) \) ist die Wahrscheinlichkeit, dass</p><p>{1:MC:~eine Hantel aus Metall ist.~eine Hantel einen drehbaren Griff hat.~eine Hantel aus Kunststoff ist.~eine Hantel keinen drehbaren Griff hat.~eine Hantel aus Metall ist und einen drehbaren Griff hat.~eine Hantel aus Metall ist und keinen drehbaren Griff hat.~eine Hantel aus Kunststoff ist und einen drehbaren Griff hat.~eine Hantel aus Kunststoff ist und keinen drehbaren Griff hat.~eine Hantel aus Metall ist oder einen drehbaren Griff hat.~eine Hantel aus Metall ist oder keinen drehbaren Griff hat.~eine Hantel aus Kunststoff ist oder einen drehbaren Griff hat.~eine Hantel aus Kunststoff ist oder keinen drehbaren Griff hat.~eine Hantel entweder aus Metall ist oder einen drehbaren Griff hat.~=eine Hantel aus Metall ist und einen drehbaren Griff hat oder aus Kunststoff ist und keinen drehbaren Griff hat.~eine Hantel einen drehbaren Griff hat oder nicht.~eine Hantel weder aus Metall noch aus Kunststoff ist.}</p>]]></text></questiontext></question><question type="cloze"><name><text>08 </text></name><questiontext format="html"><text><![CDATA[Eine Fußballspielerin nimmt vor einigen Spielen Doping ein. Spiele können entweder gewonnen oder verloren werden. In diesem Zusammenhang werden die folgenden Ereignisse betrachtet.</p> <p>A: Sie gewinnt ein Spiel.<br>B: Sie dopt in einem Spiel.</p> <p>Interpretieren Sie die folgenden Wahrscheinlichkeiten im Sachzusammenhang.<p>\( P(\overline{B}) \) ist die Wahrscheinlichkeit, dass</p><p>{1:MC:~sie ein Spiel gewinnt.~sie in einem Spiel dopt.~sie ein Spiel verliert.~=sie in einem Spiel nicht dopt.~sie ein Spiel gewinnt und dopt.~sie ein Spiel gewinnt und nicht dopt.~sie ein Spiel verliert und dopt.~sie ein Spiel verliert und nicht dopt.~sie ein Spiel gewinnt oder dopt.~sie ein Spiel gewinnt oder nicht dopt.~sie ein Spiel verliert oder dopt.~sie ein Spiel verliert oder nicht dopt.~sie entweder ein Spiel gewinnt oder dopt.~sie ein Spiel gewinnt und dopt oder ein Spiel verliert und nicht dopt.~sie in einem Spiel dopt oder nicht.~sie ein Spiel weder gewinnt noch verliert.}</p><p>\( P(A\cap\overline{B}) \) ist die Wahrscheinlichkeit, dass</p><p>{1:MC:~sie ein Spiel gewinnt.~sie in einem Spiel dopt.~sie ein Spiel verliert.~sie in einem Spiel nicht dopt.~sie ein Spiel gewinnt und dopt.~=sie ein Spiel gewinnt und nicht dopt.~sie ein Spiel verliert und dopt.~sie ein Spiel verliert und nicht dopt.~sie ein Spiel gewinnt oder dopt.~sie ein Spiel gewinnt oder nicht dopt.~sie ein Spiel verliert oder dopt.~sie ein Spiel verliert oder nicht dopt.~sie entweder ein Spiel gewinnt oder dopt.~sie ein Spiel gewinnt und dopt oder ein Spiel verliert und nicht dopt.~sie in einem Spiel dopt oder nicht.~sie ein Spiel weder gewinnt noch verliert.}</p><p>\( P(\overline{A}\cup B) \) ist die Wahrscheinlichkeit, dass</p><p>{1:MC:~sie ein Spiel gewinnt.~sie in einem Spiel dopt.~sie ein Spiel verliert.~sie in einem Spiel nicht dopt.~sie ein Spiel gewinnt und dopt.~sie ein Spiel gewinnt und nicht dopt.~sie ein Spiel verliert und dopt.~sie ein Spiel verliert und nicht dopt.~sie ein Spiel gewinnt oder dopt.~sie ein Spiel gewinnt oder nicht dopt.~=sie ein Spiel verliert oder dopt.~sie ein Spiel verliert oder nicht dopt.~sie entweder ein Spiel gewinnt oder dopt.~sie ein Spiel gewinnt und dopt oder ein Spiel verliert und nicht dopt.~sie in einem Spiel dopt oder nicht.~sie ein Spiel weder gewinnt noch verliert.}</p><p>\( P(A\cap\overline{A}) \) ist die Wahrscheinlichkeit, dass</p><p>{1:MC:~sie ein Spiel gewinnt.~sie in einem Spiel dopt.~sie ein Spiel verliert.~sie in einem Spiel nicht dopt.~sie ein Spiel gewinnt und dopt.~sie ein Spiel gewinnt und nicht dopt.~sie ein Spiel verliert und dopt.~sie ein Spiel verliert und nicht dopt.~sie ein Spiel gewinnt oder dopt.~sie ein Spiel gewinnt oder nicht dopt.~sie ein Spiel verliert oder dopt.~sie ein Spiel verliert oder nicht dopt.~sie entweder ein Spiel gewinnt oder dopt.~sie ein Spiel gewinnt und dopt oder ein Spiel verliert und nicht dopt.~sie in einem Spiel dopt oder nicht.~=sie ein Spiel weder gewinnt noch verliert.}</p>]]></text></questiontext></question><question type="cloze"><name><text>09 </text></name><questiontext format="html"><text><![CDATA[Ein Unternehmen stellt fest, ob seine Mitarbeiter im Home-Office oder in Präsenz arbeiten. Es gibt Voll- und Teilzeitkräfte. In diesem Zusammenhang werden die folgenden Ereignisse betrachtet.</p> <p>A: Ein Mitarbeiter arbeitet im Home-Office.<br>B: Ein Mitarbeiter arbeitet in Vollzeit.</p> <p>Interpretieren Sie die folgenden Wahrscheinlichkeiten im Sachzusammenhang.<p>\( P(\overline{B}) \) ist die Wahrscheinlichkeit, dass</p><p>{1:MC:~ein Mitarbeiter im Home-Office arbeitet.~ein Mitarbeiter vollzeit arbeitet.~ein Mitarbeiter in Präsenz arbeitet.~=ein Mitarbeiter teilzeit arbeitet.~ein Mitarbeiter vollzeit und im Home-Office arbeitet.~ein Mitarbeiter teilzeit und im Home-Office arbeitet.~ein Mitarbeiter vollzeit und in Präsenz arbeitet.~ein Mitarbeiter teilzeit und in Präsenz arbeitet.~ein Mitarbeiter im Home-Office oder vollzeit arbeitet.~ein Mitarbeiter im Home-Office oder teilzeit arbeitet.~ein Mitarbeiter in Präsenz oder vollzeit arbeitet.~ein Mitarbeiter in Präsenz oder teilzeit arbeitet.~ein Mitarbeiter entweder im Home-Office oder vollzeit arbeitet.~ein Mitarbeiter vollzeit im Home-Office oder teilzeit in Präsenz arbeitet.~ein Mitarbeiter vollzeit oder teilzeit arbeitet.~ein Mitarbeiter weder im Home-Office noch in Präsenz arbeitet.}</p><p>\( P(\overline{A}\cap \overline{B}) \) ist die Wahrscheinlichkeit, dass</p><p>{1:MC:~ein Mitarbeiter im Home-Office arbeitet.~ein Mitarbeiter vollzeit arbeitet.~ein Mitarbeiter in Präsenz arbeitet.~ein Mitarbeiter teilzeit arbeitet.~ein Mitarbeiter vollzeit und im Home-Office arbeitet.~ein Mitarbeiter teilzeit und im Home-Office arbeitet.~ein Mitarbeiter vollzeit und in Präsenz arbeitet.~=ein Mitarbeiter teilzeit und in Präsenz arbeitet.~ein Mitarbeiter im Home-Office oder vollzeit arbeitet.~ein Mitarbeiter im Home-Office oder teilzeit arbeitet.~ein Mitarbeiter in Präsenz oder vollzeit arbeitet.~ein Mitarbeiter in Präsenz oder teilzeit arbeitet.~ein Mitarbeiter entweder im Home-Office oder vollzeit arbeitet.~ein Mitarbeiter vollzeit im Home-Office oder teilzeit in Präsenz arbeitet.~ein Mitarbeiter vollzeit oder teilzeit arbeitet.~ein Mitarbeiter weder im Home-Office noch in Präsenz arbeitet.}</p><p>\( P(\overline{A}\cup B) \) ist die Wahrscheinlichkeit, dass</p><p>{1:MC:~ein Mitarbeiter im Home-Office arbeitet.~ein Mitarbeiter vollzeit arbeitet.~ein Mitarbeiter in Präsenz arbeitet.~ein Mitarbeiter teilzeit arbeitet.~ein Mitarbeiter vollzeit und im Home-Office arbeitet.~ein Mitarbeiter teilzeit und im Home-Office arbeitet.~ein Mitarbeiter vollzeit und in Präsenz arbeitet.~ein Mitarbeiter teilzeit und in Präsenz arbeitet.~ein Mitarbeiter im Home-Office oder vollzeit arbeitet.~ein Mitarbeiter im Home-Office oder teilzeit arbeitet.~=ein Mitarbeiter in Präsenz oder vollzeit arbeitet.~ein Mitarbeiter in Präsenz oder teilzeit arbeitet.~ein Mitarbeiter entweder im Home-Office oder vollzeit arbeitet.~ein Mitarbeiter vollzeit im Home-Office oder teilzeit in Präsenz arbeitet.~ein Mitarbeiter vollzeit oder teilzeit arbeitet.~ein Mitarbeiter weder im Home-Office noch in Präsenz arbeitet.}</p><p>\( P(B\cup\overline{B}) \) ist die Wahrscheinlichkeit, dass</p><p>{1:MC:~ein Mitarbeiter im Home-Office arbeitet.~ein Mitarbeiter vollzeit arbeitet.~ein Mitarbeiter in Präsenz arbeitet.~ein Mitarbeiter teilzeit arbeitet.~ein Mitarbeiter vollzeit und im Home-Office arbeitet.~ein Mitarbeiter teilzeit und im Home-Office arbeitet.~ein Mitarbeiter vollzeit und in Präsenz arbeitet.~ein Mitarbeiter teilzeit und in Präsenz arbeitet.~ein Mitarbeiter im Home-Office oder vollzeit arbeitet.~ein Mitarbeiter im Home-Office oder teilzeit arbeitet.~ein Mitarbeiter in Präsenz oder vollzeit arbeitet.~ein Mitarbeiter in Präsenz oder teilzeit arbeitet.~ein Mitarbeiter entweder im Home-Office oder vollzeit arbeitet.~ein Mitarbeiter vollzeit im Home-Office oder teilzeit in Präsenz arbeitet.~=ein Mitarbeiter vollzeit oder teilzeit arbeitet.~ein Mitarbeiter weder im Home-Office noch in Präsenz arbeitet.}</p>]]></text></questiontext></question><question type="cloze"><name><text>10 </text></name><questiontext format="html"><text><![CDATA[Die Geschäftsleitung des Restaurants interessiert sich dafür, wie kinderfreundlich die konkurrierenden Restaurants der Stadt sind. In diesem Zusammenhang werden die folgenden Ereignisse betrachtet.</p> <p>A: Ein Restaurant hat einen Biergarten.<br>B: Ein Restaurant hat eine Spielecke.</p> <p>Interpretieren Sie die folgenden Wahrscheinlichkeiten im Sachzusammenhang.<p>\( P(B) \) ist die Wahrscheinlichkeit, dass</p><p>{1:MC:~ein Restaurant über einen Biergarten verfügt.~=ein Restaurant über eine Spielecke verfügt.~ein Restaurant über keinen Biergarten verfügt.~ein Restaurant über keine Spielecke verfügt.~ein Restaurant über einen Biergarten und eine Spielecke verfügt.~ein Restaurant über einen Biergarten aber über keine Spielecke verfügt.~ein Restaurant über keinen Biergarten aber über eine Spielecke verfügt.~ein Restaurant weder über einen Biergarten noch über eine Spielecke verfügt.~ein Restaurant über einen Biergarten oder eine Spielecke verfügt.~ein Restaurant über einen Biergarten oder über keine Spielecke verfügt.~ein Restaurant über keinen Biergarten oder über eine Spielecke verfügt.~ein Restaurant über keinen Biergarten oder über keine Spielecke verfügt.~ein Restaurant entweder über einen Biergarten oder über eine Spielecke verfügt.~ein Restaurant über einen Biergarten und einen Spielplatz oder über keins von beiden verfügt. ~ein Restaurant über eine Spielecke verfügt oder nicht.~ein Restaurant über einen Biergarten verfügt und nicht über einen Biergarten verfügt.}</p><p>\( P(\overline{A}\cap B) \) ist die Wahrscheinlichkeit, dass</p><p>{1:MC:~ein Restaurant über einen Biergarten verfügt.~ein Restaurant über eine Spielecke verfügt.~ein Restaurant über keinen Biergarten verfügt.~ein Restaurant über keine Spielecke verfügt.~ein Restaurant über einen Biergarten und eine Spielecke verfügt.~ein Restaurant über einen Biergarten aber über keine Spielecke verfügt.~=ein Restaurant über keinen Biergarten aber über eine Spielecke verfügt.~ein Restaurant weder über einen Biergarten noch über eine Spielecke verfügt.~ein Restaurant über einen Biergarten oder eine Spielecke verfügt.~ein Restaurant über einen Biergarten oder über keine Spielecke verfügt.~ein Restaurant über keinen Biergarten oder über eine Spielecke verfügt.~ein Restaurant über keinen Biergarten oder über keine Spielecke verfügt.~ein Restaurant entweder über einen Biergarten oder über eine Spielecke verfügt.~ein Restaurant über einen Biergarten und einen Spielplatz oder über keins von beiden verfügt. ~ein Restaurant über eine Spielecke verfügt oder nicht.~ein Restaurant über einen Biergarten verfügt und nicht über einen Biergarten verfügt.}</p><p>\( P(A\cup\overline{B}) \) ist die Wahrscheinlichkeit, dass</p><p>{1:MC:~ein Restaurant über einen Biergarten verfügt.~ein Restaurant über eine Spielecke verfügt.~ein Restaurant über keinen Biergarten verfügt.~ein Restaurant über keine Spielecke verfügt.~ein Restaurant über einen Biergarten und eine Spielecke verfügt.~ein Restaurant über einen Biergarten aber über keine Spielecke verfügt.~ein Restaurant über keinen Biergarten aber über eine Spielecke verfügt.~ein Restaurant weder über einen Biergarten noch über eine Spielecke verfügt.~ein Restaurant über einen Biergarten oder eine Spielecke verfügt.~=ein Restaurant über einen Biergarten oder über keine Spielecke verfügt.~ein Restaurant über keinen Biergarten oder über eine Spielecke verfügt.~ein Restaurant über keinen Biergarten oder über keine Spielecke verfügt.~ein Restaurant entweder über einen Biergarten oder über eine Spielecke verfügt.~ein Restaurant über einen Biergarten und einen Spielplatz oder über keins von beiden verfügt. ~ein Restaurant über eine Spielecke verfügt oder nicht.~ein Restaurant über einen Biergarten verfügt und nicht über einen Biergarten verfügt.}</p><p>\( P(A\cup B) - P(A\cap B) \) ist die Wahrscheinlichkeit, dass</p><p>{1:MC:~ein Restaurant über einen Biergarten verfügt.~ein Restaurant über eine Spielecke verfügt.~ein Restaurant über keinen Biergarten verfügt.~ein Restaurant über keine Spielecke verfügt.~ein Restaurant über einen Biergarten und eine Spielecke verfügt.~ein Restaurant über einen Biergarten aber über keine Spielecke verfügt.~ein Restaurant über keinen Biergarten aber über eine Spielecke verfügt.~ein Restaurant weder über einen Biergarten noch über eine Spielecke verfügt.~ein Restaurant über einen Biergarten oder eine Spielecke verfügt.~ein Restaurant über einen Biergarten oder über keine Spielecke verfügt.~ein Restaurant über keinen Biergarten oder über eine Spielecke verfügt.~ein Restaurant über keinen Biergarten oder über keine Spielecke verfügt.~=ein Restaurant entweder über einen Biergarten oder über eine Spielecke verfügt.~ein Restaurant über einen Biergarten und einen Spielplatz oder über keins von beiden verfügt. ~ein Restaurant über eine Spielecke verfügt oder nicht.~ein Restaurant über einen Biergarten verfügt und nicht über einen Biergarten verfügt.}</p>]]></text></questiontext></question><question type="cloze"><name><text>11 </text></name><questiontext format="html"><text><![CDATA[In einem Gartencenter wird konventionelle und nachhaltige Holzkohle angeboten. Beide Kohlearten sind als teure Originalprodukte oder günstige Nachahmerprodukte erhältlich. In diesem Zusammenhang werden die folgenden Ereignisse betrachtet.</p> <p>A: Ein Kunde kauft nachhaltige Holzkohle.<br>B: Ein Kunde kauft ein Originalprodukt.</p> <p>Interpretieren Sie die folgenden Wahrscheinlichkeiten im Sachzusammenhang.<p>\( P(B) \) ist die Wahrscheinlichkeit, dass</p><p>{1:MC:~ein Kunde nachhaltige Holzkohle kauft.~=ein Kunde ein Originalprodukt kauft.~ein Kunde konventionelle Holzkohle kauft.~ein Kunde ein Nachahmerprodukt kauft.~ein Kunde ein nachhaltiges Originalprodukt kauft.~ein Kunde ein nachhaltiges Nachahmerprodukt kauft.~ein Kunde ein konventionelles Originalprodukt kauft.~ein Kunde ein konventionelles Nachahmerprodukt kauft.~ein Kunde nachhaltige Holzkohle oder ein Originalprodukt kauft.~ein Kunde nachhaltige Holzkohle oder ein Nachahmerprodukt kauft.~ein Kunde konventionelle Holzkohle oder ein Originalprodukt kauft.~ein Kunde konventionelle Holzkohle oder ein Nachahmerprodukt kauft.~ein Kunde entweder nachhaltige Holzkohle oder ein Originalprodukt kauft.~ein Kunde ein nachhaltiges Originalprodukt oder ein konventionelles Nachahmerprodukt kauft.~ein Kunde ein Originalprodukt oder Nachahmerprodukt kauft.~ein Kunde weder nachhaltige noch konventionelle Holzkohle kauft.}</p><p>\( P(A\cap\overline{B}) \) ist die Wahrscheinlichkeit, dass</p><p>{1:MC:~ein Kunde nachhaltige Holzkohle kauft.~ein Kunde ein Originalprodukt kauft.~ein Kunde konventionelle Holzkohle kauft.~ein Kunde ein Nachahmerprodukt kauft.~ein Kunde ein nachhaltiges Originalprodukt kauft.~=ein Kunde ein nachhaltiges Nachahmerprodukt kauft.~ein Kunde ein konventionelles Originalprodukt kauft.~ein Kunde ein konventionelles Nachahmerprodukt kauft.~ein Kunde nachhaltige Holzkohle oder ein Originalprodukt kauft.~ein Kunde nachhaltige Holzkohle oder ein Nachahmerprodukt kauft.~ein Kunde konventionelle Holzkohle oder ein Originalprodukt kauft.~ein Kunde konventionelle Holzkohle oder ein Nachahmerprodukt kauft.~ein Kunde entweder nachhaltige Holzkohle oder ein Originalprodukt kauft.~ein Kunde ein nachhaltiges Originalprodukt oder ein konventionelles Nachahmerprodukt kauft.~ein Kunde ein Originalprodukt oder Nachahmerprodukt kauft.~ein Kunde weder nachhaltige noch konventionelle Holzkohle kauft.}</p><p>\( P(A\cup\overline{B}) \) ist die Wahrscheinlichkeit, dass</p><p>{1:MC:~ein Kunde nachhaltige Holzkohle kauft.~ein Kunde ein Originalprodukt kauft.~ein Kunde konventionelle Holzkohle kauft.~ein Kunde ein Nachahmerprodukt kauft.~ein Kunde ein nachhaltiges Originalprodukt kauft.~ein Kunde ein nachhaltiges Nachahmerprodukt kauft.~ein Kunde ein konventionelles Originalprodukt kauft.~ein Kunde ein konventionelles Nachahmerprodukt kauft.~ein Kunde nachhaltige Holzkohle oder ein Originalprodukt kauft.~=ein Kunde nachhaltige Holzkohle oder ein Nachahmerprodukt kauft.~ein Kunde konventionelle Holzkohle oder ein Originalprodukt kauft.~ein Kunde konventionelle Holzkohle oder ein Nachahmerprodukt kauft.~ein Kunde entweder nachhaltige Holzkohle oder ein Originalprodukt kauft.~ein Kunde ein nachhaltiges Originalprodukt oder ein konventionelles Nachahmerprodukt kauft.~ein Kunde ein Originalprodukt oder Nachahmerprodukt kauft.~ein Kunde weder nachhaltige noch konventionelle Holzkohle kauft.}</p><p>\( P(A\cap\overline{A}) \) ist die Wahrscheinlichkeit, dass</p><p>{1:MC:~ein Kunde nachhaltige Holzkohle kauft.~ein Kunde ein Originalprodukt kauft.~ein Kunde konventionelle Holzkohle kauft.~ein Kunde ein Nachahmerprodukt kauft.~ein Kunde ein nachhaltiges Originalprodukt kauft.~ein Kunde ein nachhaltiges Nachahmerprodukt kauft.~ein Kunde ein konventionelles Originalprodukt kauft.~ein Kunde ein konventionelles Nachahmerprodukt kauft.~ein Kunde nachhaltige Holzkohle oder ein Originalprodukt kauft.~ein Kunde nachhaltige Holzkohle oder ein Nachahmerprodukt kauft.~ein Kunde konventionelle Holzkohle oder ein Originalprodukt kauft.~ein Kunde konventionelle Holzkohle oder ein Nachahmerprodukt kauft.~ein Kunde entweder nachhaltige Holzkohle oder ein Originalprodukt kauft.~ein Kunde ein nachhaltiges Originalprodukt oder ein konventionelles Nachahmerprodukt kauft.~ein Kunde ein Originalprodukt oder Nachahmerprodukt kauft.~=ein Kunde weder nachhaltige noch konventionelle Holzkohle kauft.}</p>]]></text></questiontext></question><question type="cloze"><name><text>12 </text></name><questiontext format="html"><text><![CDATA[Ein Geschäft für Heimwerkerbedarf bietet Wandfarbe in den Farben weiß und beige an, jeweils entweder matt oder glänzend. Genau ein Produkt ist im Sonderangebot. In diesem Zusammenhang werden die folgenden Ereignisse betrachtet.</p> <p>A: Weiße Farbe ist im Sonderangebot.<br>B: Matte Farbe ist im Sonderangebot.</p> <p>Interpretieren Sie die folgenden Wahrscheinlichkeiten im Sachzusammenhang.<p>\( P(B) \) ist die Wahrscheinlichkeit, dass</p><p>{1:MC:~weiße Farbe im Sonderangebot ist.~=matte Farbe im Sonderangebot ist.~beige Farbe im Sonderangebote ist.~glänzende Farbe im Sonderangebot ist.~weiße, matte Farbe im Sonderangebot ist.~weiße, glänzende Farbe im Sonderangebot ist.~beige, matte Farbe im Sonderangebot ist.~beige, glänzende Farbe im Sonderangebot ist.~weiße oder matte Farbe im Sonderangebot ist.~weiße oder glänzende Farbe im Sonderangebot ist.~beige oder matte Farbe im Sonderangebot ist.~beige oder glänzende Farbe im Sonderangebot ist.~entweder weiße oder matte Farbe im Sonderangebot ist.~weiße, matte oder beige, glänzende Farbe im Sonderangebot ist.~matte oder glänzende Farbe im Sonderangebot ist.~weiße Farbe im Sonderangebot ist und dass sie es nicht ist.}</p><p>\( P(\overline{A}\cap \overline{B}) \) ist die Wahrscheinlichkeit, dass</p><p>{1:MC:~weiße Farbe im Sonderangebot ist.~matte Farbe im Sonderangebot ist.~beige Farbe im Sonderangebote ist.~glänzende Farbe im Sonderangebot ist.~weiße, matte Farbe im Sonderangebot ist.~weiße, glänzende Farbe im Sonderangebot ist.~beige, matte Farbe im Sonderangebot ist.~=beige, glänzende Farbe im Sonderangebot ist.~weiße oder matte Farbe im Sonderangebot ist.~weiße oder glänzende Farbe im Sonderangebot ist.~beige oder matte Farbe im Sonderangebot ist.~beige oder glänzende Farbe im Sonderangebot ist.~entweder weiße oder matte Farbe im Sonderangebot ist.~weiße, matte oder beige, glänzende Farbe im Sonderangebot ist.~matte oder glänzende Farbe im Sonderangebot ist.~weiße Farbe im Sonderangebot ist und dass sie es nicht ist.}</p><p>\( P(\overline{A}\cup B) \) ist die Wahrscheinlichkeit, dass</p><p>{1:MC:~weiße Farbe im Sonderangebot ist.~matte Farbe im Sonderangebot ist.~beige Farbe im Sonderangebote ist.~glänzende Farbe im Sonderangebot ist.~weiße, matte Farbe im Sonderangebot ist.~weiße, glänzende Farbe im Sonderangebot ist.~beige, matte Farbe im Sonderangebot ist.~beige, glänzende Farbe im Sonderangebot ist.~weiße oder matte Farbe im Sonderangebot ist.~weiße oder glänzende Farbe im Sonderangebot ist.~=beige oder matte Farbe im Sonderangebot ist.~beige oder glänzende Farbe im Sonderangebot ist.~entweder weiße oder matte Farbe im Sonderangebot ist.~weiße, matte oder beige, glänzende Farbe im Sonderangebot ist.~matte oder glänzende Farbe im Sonderangebot ist.~weiße Farbe im Sonderangebot ist und dass sie es nicht ist.}</p><p>\( P(B\cup\overline{B}) \) ist die Wahrscheinlichkeit, dass</p><p>{1:MC:~weiße Farbe im Sonderangebot ist.~matte Farbe im Sonderangebot ist.~beige Farbe im Sonderangebote ist.~glänzende Farbe im Sonderangebot ist.~weiße, matte Farbe im Sonderangebot ist.~weiße, glänzende Farbe im Sonderangebot ist.~beige, matte Farbe im Sonderangebot ist.~beige, glänzende Farbe im Sonderangebot ist.~weiße oder matte Farbe im Sonderangebot ist.~weiße oder glänzende Farbe im Sonderangebot ist.~beige oder matte Farbe im Sonderangebot ist.~beige oder glänzende Farbe im Sonderangebot ist.~entweder weiße oder matte Farbe im Sonderangebot ist.~weiße, matte oder beige, glänzende Farbe im Sonderangebot ist.~=matte oder glänzende Farbe im Sonderangebot ist.~weiße Farbe im Sonderangebot ist und dass sie es nicht ist.}</p>]]></text></questiontext></question><question type="cloze"><name><text>13 </text></name><questiontext format="html"><text><![CDATA[Personen werden damit erpresst, dass Hacker angeblich Mitschnitte einer Webcam besitzen, die die Person beim Pornokonsum zeigt. In diesem Zusammenhang werden die folgenden Ereignisse betrachtet.</p> <p>A: Ein Opfer ist minderjährig.<br>B: Ein Opfer alarmiert die Polizei.</p> <p>Interpretieren Sie die folgenden Wahrscheinlichkeiten im Sachzusammenhang.<p>\( P(\overline{B}) \) ist die Wahrscheinlichkeit, dass</p><p>{1:MC:~ein Opfer minderjährig ist.~ein Opfer die Polizei alarmiert.~ein Opfer erwachsen ist.~=ein Opfer nicht die Polizei alarmiert.~ein Opfer minderjährig ist und die Polizei alarmiert.~ein Opfer minderjährig ist und nicht die Polizei alarmiert.~ein Opfer erwachsen ist und die Polizei alarmiert.~ein Opfer erwachsen ist und nicht die Polizei alarmiert.~ein Opfer minderjährig ist oder die Polizei alarmiert.~ein Opfer minderjährig ist oder nicht die Polizei alarmiert.~ein Opfer erwachsen ist oder die Polizei alarmiert.~ein Opfer erwachsen ist oder nicht die Polizei alarmiert.~entweder minderjährig ist oder die Polizei alarmiert.~ein Opfer minderjährig ist und die Polizei alarmiert oder ein Opfer erwachsen ist und nicht die Polizei alarmiert.~ein Opfer die Polizei alarmiert oder nicht.~ein Opfer weder minderjährig noch volljährig ist.}</p><p>\( P(\overline{A}\cap B) \) ist die Wahrscheinlichkeit, dass</p><p>{1:MC:~ein Opfer minderjährig ist.~ein Opfer die Polizei alarmiert.~ein Opfer erwachsen ist.~ein Opfer nicht die Polizei alarmiert.~ein Opfer minderjährig ist und die Polizei alarmiert.~ein Opfer minderjährig ist und nicht die Polizei alarmiert.~=ein Opfer erwachsen ist und die Polizei alarmiert.~ein Opfer erwachsen ist und nicht die Polizei alarmiert.~ein Opfer minderjährig ist oder die Polizei alarmiert.~ein Opfer minderjährig ist oder nicht die Polizei alarmiert.~ein Opfer erwachsen ist oder die Polizei alarmiert.~ein Opfer erwachsen ist oder nicht die Polizei alarmiert.~entweder minderjährig ist oder die Polizei alarmiert.~ein Opfer minderjährig ist und die Polizei alarmiert oder ein Opfer erwachsen ist und nicht die Polizei alarmiert.~ein Opfer die Polizei alarmiert oder nicht.~ein Opfer weder minderjährig noch volljährig ist.}</p><p>\( P(A\cup B) \) ist die Wahrscheinlichkeit, dass</p><p>{1:MC:~ein Opfer minderjährig ist.~ein Opfer die Polizei alarmiert.~ein Opfer erwachsen ist.~ein Opfer nicht die Polizei alarmiert.~ein Opfer minderjährig ist und die Polizei alarmiert.~ein Opfer minderjährig ist und nicht die Polizei alarmiert.~ein Opfer erwachsen ist und die Polizei alarmiert.~ein Opfer erwachsen ist und nicht die Polizei alarmiert.~=ein Opfer minderjährig ist oder die Polizei alarmiert.~ein Opfer minderjährig ist oder nicht die Polizei alarmiert.~ein Opfer erwachsen ist oder die Polizei alarmiert.~ein Opfer erwachsen ist oder nicht die Polizei alarmiert.~entweder minderjährig ist oder die Polizei alarmiert.~ein Opfer minderjährig ist und die Polizei alarmiert oder ein Opfer erwachsen ist und nicht die Polizei alarmiert.~ein Opfer die Polizei alarmiert oder nicht.~ein Opfer weder minderjährig noch volljährig ist.}</p><p>\( P(\overline{A}\cap B) + P(A\cap\overline{B}) \) ist die Wahrscheinlichkeit, dass</p><p>{1:MC:~ein Opfer minderjährig ist.~ein Opfer die Polizei alarmiert.~ein Opfer erwachsen ist.~ein Opfer nicht die Polizei alarmiert.~ein Opfer minderjährig ist und die Polizei alarmiert.~ein Opfer minderjährig ist und nicht die Polizei alarmiert.~ein Opfer erwachsen ist und die Polizei alarmiert.~ein Opfer erwachsen ist und nicht die Polizei alarmiert.~ein Opfer minderjährig ist oder die Polizei alarmiert.~ein Opfer minderjährig ist oder nicht die Polizei alarmiert.~ein Opfer erwachsen ist oder die Polizei alarmiert.~ein Opfer erwachsen ist oder nicht die Polizei alarmiert.~=entweder minderjährig ist oder die Polizei alarmiert.~ein Opfer minderjährig ist und die Polizei alarmiert oder ein Opfer erwachsen ist und nicht die Polizei alarmiert.~ein Opfer die Polizei alarmiert oder nicht.~ein Opfer weder minderjährig noch volljährig ist.}</p>]]></text></questiontext></question><question type="cloze"><name><text>14 </text></name><questiontext format="html"><text><![CDATA[In einer Glaserei können bei der Produktion von hochwertigen Weingläsern zwei Fehler auftreten: Risse und Blaseneinschlüsse. In diesem Zusammenhang werden die folgenden Ereignisse betrachtet.</p> <p>A: Ein Glas hat einen Riss.<br>B: Ein Glas hat einen Blaseneinschluss.</p> <p>Interpretieren Sie die folgenden Wahrscheinlichkeiten im Sachzusammenhang.<p>\( P(\overline{B}) \) ist die Wahrscheinlichkeit, dass</p><p>{1:MC:~ein Glas einen Riss hat.~ein Glas einen Blaseneinschluss hat.~ein Glas keinen Riss hat.~=ein Glas keinen Blaseneinschluss hat.~ein Glas beide Fehler aufweist.~ein Glas einen Riss aber keinen Blaseneinschluss hat.~ein Glas keinen Riss aber einen Blaseneinschluss hat.~ein Glas keinen Fehler aufweist.~ein Glas mindestens einen Fehler aufweist.~ein Glas einen Riss oder keinen Blaseneinschluss hat.~ein Glas keinen Riss oder einen Blaseneinschluss hat.~ein Glas zumindest einen Fehler nicht aufweist.~ein Glas genau einen Fehler aufweist.~ein Glas keinen Fehler oder beide Fehler aufweist.~ein Glas einen Blaseneinschluss hat oder nicht.~ein Glas einen Riss hat und keinen Riss hat.}</p><p>\( P(A\cap\overline{B}) \) ist die Wahrscheinlichkeit, dass</p><p>{1:MC:~ein Glas einen Riss hat.~ein Glas einen Blaseneinschluss hat.~ein Glas keinen Riss hat.~ein Glas keinen Blaseneinschluss hat.~ein Glas beide Fehler aufweist.~=ein Glas einen Riss aber keinen Blaseneinschluss hat.~ein Glas keinen Riss aber einen Blaseneinschluss hat.~ein Glas keinen Fehler aufweist.~ein Glas mindestens einen Fehler aufweist.~ein Glas einen Riss oder keinen Blaseneinschluss hat.~ein Glas keinen Riss oder einen Blaseneinschluss hat.~ein Glas zumindest einen Fehler nicht aufweist.~ein Glas genau einen Fehler aufweist.~ein Glas keinen Fehler oder beide Fehler aufweist.~ein Glas einen Blaseneinschluss hat oder nicht.~ein Glas einen Riss hat und keinen Riss hat.}</p><p>\( P(A\cup\overline{B}) \) ist die Wahrscheinlichkeit, dass</p><p>{1:MC:~ein Glas einen Riss hat.~ein Glas einen Blaseneinschluss hat.~ein Glas keinen Riss hat.~ein Glas keinen Blaseneinschluss hat.~ein Glas beide Fehler aufweist.~ein Glas einen Riss aber keinen Blaseneinschluss hat.~ein Glas keinen Riss aber einen Blaseneinschluss hat.~ein Glas keinen Fehler aufweist.~ein Glas mindestens einen Fehler aufweist.~=ein Glas einen Riss oder keinen Blaseneinschluss hat.~ein Glas keinen Riss oder einen Blaseneinschluss hat.~ein Glas zumindest einen Fehler nicht aufweist.~ein Glas genau einen Fehler aufweist.~ein Glas keinen Fehler oder beide Fehler aufweist.~ein Glas einen Blaseneinschluss hat oder nicht.~ein Glas einen Riss hat und keinen Riss hat.}</p><p>\( P(A\cap\overline{A}) \) ist die Wahrscheinlichkeit, dass</p><p>{1:MC:~ein Glas einen Riss hat.~ein Glas einen Blaseneinschluss hat.~ein Glas keinen Riss hat.~ein Glas keinen Blaseneinschluss hat.~ein Glas beide Fehler aufweist.~ein Glas einen Riss aber keinen Blaseneinschluss hat.~ein Glas keinen Riss aber einen Blaseneinschluss hat.~ein Glas keinen Fehler aufweist.~ein Glas mindestens einen Fehler aufweist.~ein Glas einen Riss oder keinen Blaseneinschluss hat.~ein Glas keinen Riss oder einen Blaseneinschluss hat.~ein Glas zumindest einen Fehler nicht aufweist.~ein Glas genau einen Fehler aufweist.~ein Glas keinen Fehler oder beide Fehler aufweist.~ein Glas einen Blaseneinschluss hat oder nicht.~=ein Glas einen Riss hat und keinen Riss hat.}</p>]]></text></questiontext></question><question type="cloze"><name><text>15 </text></name><questiontext format="html"><text><![CDATA[Amalia sucht auf einer Online-Partnerbörse den Mann fürs Leben. Neben der äußerlichen Attraktivität ist es für sie wichtig, dass ihr Partner nicht raucht. In diesem Zusammenhang werden die folgenden Ereignisse betrachtet.</p> <p>A: Ein vorgeschlagener Partner ist attraktiv.<br>B: Ein vorgeschlagener Partner raucht.</p> <p>Interpretieren Sie die folgenden Wahrscheinlichkeiten im Sachzusammenhang.<p>\( P(\overline{B}) \) ist die Wahrscheinlichkeit, dass</p><p>{1:MC:~ein vorgeschlagener Partner attraktiv ist.~ein vorgeschlagener Partner raucht.~ein vorgeschlagener Partner unattraktiv ist.~=ein vorgeschlagener Partner nicht raucht.~ein vorgeschlagener Partner ein attraktiver Raucher ist.~ein vorgeschlagener Partner ein attraktiver Nichtraucher ist.~ein vorgeschlagener Partner ein unattraktiver Raucher ist.~ein vorgeschlagener Partner ein unattraktiver Nichtraucher ist.~ein vorgeschlagener Partner attraktiv ist oder raucht.~ein vorgeschlagener Partner attraktiv ist oder nicht raucht.~ein vorgeschlagener Partner unattraktiv ist oder raucht.~ein vorgeschlagener Partner unattraktiv ist oder nicht raucht.~ein vorgeschlagener Partner entweder attraktiv ist oder raucht.~ein vorgeschlagener Partner ein attraktiver Raucher oder ein unattraktiver Nichtraucher ist.~ein vorgeschlagener Partner raucht oder nicht.~ein vorgeschlagener Partner weder attraktiv noch unattraktiv ist.}</p><p>\( P(\overline{A}\cap \overline{B}) \) ist die Wahrscheinlichkeit, dass</p><p>{1:MC:~ein vorgeschlagener Partner attraktiv ist.~ein vorgeschlagener Partner raucht.~ein vorgeschlagener Partner unattraktiv ist.~ein vorgeschlagener Partner nicht raucht.~ein vorgeschlagener Partner ein attraktiver Raucher ist.~ein vorgeschlagener Partner ein attraktiver Nichtraucher ist.~ein vorgeschlagener Partner ein unattraktiver Raucher ist.~=ein vorgeschlagener Partner ein unattraktiver Nichtraucher ist.~ein vorgeschlagener Partner attraktiv ist oder raucht.~ein vorgeschlagener Partner attraktiv ist oder nicht raucht.~ein vorgeschlagener Partner unattraktiv ist oder raucht.~ein vorgeschlagener Partner unattraktiv ist oder nicht raucht.~ein vorgeschlagener Partner entweder attraktiv ist oder raucht.~ein vorgeschlagener Partner ein attraktiver Raucher oder ein unattraktiver Nichtraucher ist.~ein vorgeschlagener Partner raucht oder nicht.~ein vorgeschlagener Partner weder attraktiv noch unattraktiv ist.}</p><p>\( P(A\cup\overline{B}) \) ist die Wahrscheinlichkeit, dass</p><p>{1:MC:~ein vorgeschlagener Partner attraktiv ist.~ein vorgeschlagener Partner raucht.~ein vorgeschlagener Partner unattraktiv ist.~ein vorgeschlagener Partner nicht raucht.~ein vorgeschlagener Partner ein attraktiver Raucher ist.~ein vorgeschlagener Partner ein attraktiver Nichtraucher ist.~ein vorgeschlagener Partner ein unattraktiver Raucher ist.~ein vorgeschlagener Partner ein unattraktiver Nichtraucher ist.~ein vorgeschlagener Partner attraktiv ist oder raucht.~=ein vorgeschlagener Partner attraktiv ist oder nicht raucht.~ein vorgeschlagener Partner unattraktiv ist oder raucht.~ein vorgeschlagener Partner unattraktiv ist oder nicht raucht.~ein vorgeschlagener Partner entweder attraktiv ist oder raucht.~ein vorgeschlagener Partner ein attraktiver Raucher oder ein unattraktiver Nichtraucher ist.~ein vorgeschlagener Partner raucht oder nicht.~ein vorgeschlagener Partner weder attraktiv noch unattraktiv ist.}</p><p>\( P(A\cap B) + P(\overline{A}\cap\overline{B}) \) ist die Wahrscheinlichkeit, dass</p><p>{1:MC:~ein vorgeschlagener Partner attraktiv ist.~ein vorgeschlagener Partner raucht.~ein vorgeschlagener Partner unattraktiv ist.~ein vorgeschlagener Partner nicht raucht.~ein vorgeschlagener Partner ein attraktiver Raucher ist.~ein vorgeschlagener Partner ein attraktiver Nichtraucher ist.~ein vorgeschlagener Partner ein unattraktiver Raucher ist.~ein vorgeschlagener Partner ein unattraktiver Nichtraucher ist.~ein vorgeschlagener Partner attraktiv ist oder raucht.~ein vorgeschlagener Partner attraktiv ist oder nicht raucht.~ein vorgeschlagener Partner unattraktiv ist oder raucht.~ein vorgeschlagener Partner unattraktiv ist oder nicht raucht.~ein vorgeschlagener Partner entweder attraktiv ist oder raucht.~=ein vorgeschlagener Partner ein attraktiver Raucher oder ein unattraktiver Nichtraucher ist.~ein vorgeschlagener Partner raucht oder nicht.~ein vorgeschlagener Partner weder attraktiv noch unattraktiv ist.}</p>]]></text></questiontext></question><question type="cloze"><name><text>16 </text></name><questiontext format="html"><text><![CDATA[Ein Unternehmen produziert Smartwatches, die vor dem Verkauf durch ein automatisiertes Verfahren ausgiebig getestet werden. Smartwatches mit Fehlern werden aussortiert. Allerdings kommt es auch vor, dass einige fehlerfreie Smartwatches aussortiert werden und dass einige fehlerbehaftete Smartwatches nicht aussortiert werden. In diesem Zusammenhang werden die folgenden Ereignisse betrachtet.</p> <p>A: Eine Smartwatch ist fehlerfrei.<br>B: Eine Smartwatch wird aussortiert.</p> <p>Interpretieren Sie die folgenden Wahrscheinlichkeiten im Sachzusammenhang.<p>\( P(A) \) ist die Wahrscheinlichkeit, dass</p><p>{1:MC:~=eine Smartwatch fehlerfrei ist.~eine Smartwatch aussortiert wird.~eine Smartwatch fehlerbehaftet ist.~eine Smartwatch nicht aussortiert wird.~eine Smartwatch fehlerfrei ist und aussortiert wird.~eine Smartwatch fehlerfrei ist und nicht aussortiert wird.~eine Smartwatch fehlerbehaftet ist und aussortiert wird.~eine Smartwatch fehlerbehaftet ist und nicht aussortiert wird.~eine Smartwatch fehlerfrei ist oder aussortiert wird.~eine Smartwatch fehlerfrei ist oder nicht aussortiert wird.~eine Smartwatch fehlerbehaftet ist oder aussortiert wird.~eine Smartwatch fehlerbehaftet ist oder nicht aussortiert wird.~eine Smartwatch entweder fehlerfrei ist oder aussortiert wird.~das automatisierte Verfahren eine falsche Entscheidung trifft.~eine Smartwatch aussortiert wird oder nicht.~eine Smartwatch fehlerfrei ist und nicht fehlerfrei ist.}</p><p>\( P(A\cap\overline{B}) \) ist die Wahrscheinlichkeit, dass</p><p>{1:MC:~eine Smartwatch fehlerfrei ist.~eine Smartwatch aussortiert wird.~eine Smartwatch fehlerbehaftet ist.~eine Smartwatch nicht aussortiert wird.~eine Smartwatch fehlerfrei ist und aussortiert wird.~=eine Smartwatch fehlerfrei ist und nicht aussortiert wird.~eine Smartwatch fehlerbehaftet ist und aussortiert wird.~eine Smartwatch fehlerbehaftet ist und nicht aussortiert wird.~eine Smartwatch fehlerfrei ist oder aussortiert wird.~eine Smartwatch fehlerfrei ist oder nicht aussortiert wird.~eine Smartwatch fehlerbehaftet ist oder aussortiert wird.~eine Smartwatch fehlerbehaftet ist oder nicht aussortiert wird.~eine Smartwatch entweder fehlerfrei ist oder aussortiert wird.~das automatisierte Verfahren eine falsche Entscheidung trifft.~eine Smartwatch aussortiert wird oder nicht.~eine Smartwatch fehlerfrei ist und nicht fehlerfrei ist.}</p><p>\( P(\overline{A}\cup B) \) ist die Wahrscheinlichkeit, dass</p><p>{1:MC:~eine Smartwatch fehlerfrei ist.~eine Smartwatch aussortiert wird.~eine Smartwatch fehlerbehaftet ist.~eine Smartwatch nicht aussortiert wird.~eine Smartwatch fehlerfrei ist und aussortiert wird.~eine Smartwatch fehlerfrei ist und nicht aussortiert wird.~eine Smartwatch fehlerbehaftet ist und aussortiert wird.~eine Smartwatch fehlerbehaftet ist und nicht aussortiert wird.~eine Smartwatch fehlerfrei ist oder aussortiert wird.~eine Smartwatch fehlerfrei ist oder nicht aussortiert wird.~=eine Smartwatch fehlerbehaftet ist oder aussortiert wird.~eine Smartwatch fehlerbehaftet ist oder nicht aussortiert wird.~eine Smartwatch entweder fehlerfrei ist oder aussortiert wird.~das automatisierte Verfahren eine falsche Entscheidung trifft.~eine Smartwatch aussortiert wird oder nicht.~eine Smartwatch fehlerfrei ist und nicht fehlerfrei ist.}</p><p>\( P(A\cup B) - P(A\cap B) \) ist die Wahrscheinlichkeit, dass</p><p>{1:MC:~eine Smartwatch fehlerfrei ist.~eine Smartwatch aussortiert wird.~eine Smartwatch fehlerbehaftet ist.~eine Smartwatch nicht aussortiert wird.~eine Smartwatch fehlerfrei ist und aussortiert wird.~eine Smartwatch fehlerfrei ist und nicht aussortiert wird.~eine Smartwatch fehlerbehaftet ist und aussortiert wird.~eine Smartwatch fehlerbehaftet ist und nicht aussortiert wird.~eine Smartwatch fehlerfrei ist oder aussortiert wird.~eine Smartwatch fehlerfrei ist oder nicht aussortiert wird.~eine Smartwatch fehlerbehaftet ist oder aussortiert wird.~eine Smartwatch fehlerbehaftet ist oder nicht aussortiert wird.~=eine Smartwatch entweder fehlerfrei ist oder aussortiert wird.~das automatisierte Verfahren eine falsche Entscheidung trifft.~eine Smartwatch aussortiert wird oder nicht.~eine Smartwatch fehlerfrei ist und nicht fehlerfrei ist.}</p>]]></text></questiontext></question><question type="cloze"><name><text>17 </text></name><questiontext format="html"><text><![CDATA[Der Besitzer einer Imbissbude interessiert sich dafür, in welchen Größen Pommes bestellt werden und ob die Pommes mit Ketchup oder Mayonnaise bestellt wird. Es gibt nur große und kleine Pommes. Zudem wird jede Pommes mit Ketchup oder Mayonnaise bestellt. In diesem Zusammenhang werden die folgenden Ereignisse betrachtet.</p> <p>A: Es wird eine große Pommes bestellt.<br>B: Es wird eine Pommes mit Ketchup bestellt.</p> <p>Interpretieren Sie die folgenden Wahrscheinlichkeiten im Sachzusammenhang.<p>\( P(B) \) ist die Wahrscheinlichkeit, dass</p><p>{1:MC:~eine große Pommes bestellt wird.~=eine Pommes mit Ketchup bestellt wird.~eine kleine Pommes bestellt wird.~eine Pommes mit Mayonnaise bestellt wird.~eine große Pommes mit Ketchup bestellt wird.~eine große Pommes mit Mayonnaise bestellt wird.~eine kleine Pommes mit Ketchup bestellt wird.~eine kleine Pommes mit Mayonnaise bestellt wird.~eine große Pommes oder eine Pommes mit Ketchup bestellt wird.~eine große Pommes oder eine Pommes mit Mayonnaise bestellt wird.~eine kleine Pommes oder eine Pommes mit Ketchup bestellt wird.~eine kleine Pommes oder eine Pommes mit Mayonnaise bestellt wird.~entweder eine große Pommes oder eine Pommes mit Ketchup bestellt wird.~eine große Pommes mit Ketchup oder eine kleine Pommes mit Mayonnaise bestellt wird.~eine Pommes mit Ketchup oder Mayonnaise bestellt wird.~weder eine große noch eine kleine Pommes bestellt wird.}</p><p>\( P(A\cap\overline{B}) \) ist die Wahrscheinlichkeit, dass</p><p>{1:MC:~eine große Pommes bestellt wird.~eine Pommes mit Ketchup bestellt wird.~eine kleine Pommes bestellt wird.~eine Pommes mit Mayonnaise bestellt wird.~eine große Pommes mit Ketchup bestellt wird.~=eine große Pommes mit Mayonnaise bestellt wird.~eine kleine Pommes mit Ketchup bestellt wird.~eine kleine Pommes mit Mayonnaise bestellt wird.~eine große Pommes oder eine Pommes mit Ketchup bestellt wird.~eine große Pommes oder eine Pommes mit Mayonnaise bestellt wird.~eine kleine Pommes oder eine Pommes mit Ketchup bestellt wird.~eine kleine Pommes oder eine Pommes mit Mayonnaise bestellt wird.~entweder eine große Pommes oder eine Pommes mit Ketchup bestellt wird.~eine große Pommes mit Ketchup oder eine kleine Pommes mit Mayonnaise bestellt wird.~eine Pommes mit Ketchup oder Mayonnaise bestellt wird.~weder eine große noch eine kleine Pommes bestellt wird.}</p><p>\( P(A\cup B) \) ist die Wahrscheinlichkeit, dass</p><p>{1:MC:~eine große Pommes bestellt wird.~eine Pommes mit Ketchup bestellt wird.~eine kleine Pommes bestellt wird.~eine Pommes mit Mayonnaise bestellt wird.~eine große Pommes mit Ketchup bestellt wird.~eine große Pommes mit Mayonnaise bestellt wird.~eine kleine Pommes mit Ketchup bestellt wird.~eine kleine Pommes mit Mayonnaise bestellt wird.~=eine große Pommes oder eine Pommes mit Ketchup bestellt wird.~eine große Pommes oder eine Pommes mit Mayonnaise bestellt wird.~eine kleine Pommes oder eine Pommes mit Ketchup bestellt wird.~eine kleine Pommes oder eine Pommes mit Mayonnaise bestellt wird.~entweder eine große Pommes oder eine Pommes mit Ketchup bestellt wird.~eine große Pommes mit Ketchup oder eine kleine Pommes mit Mayonnaise bestellt wird.~eine Pommes mit Ketchup oder Mayonnaise bestellt wird.~weder eine große noch eine kleine Pommes bestellt wird.}</p><p>\( P(B\cup\overline{B}) \) ist die Wahrscheinlichkeit, dass</p><p>{1:MC:~eine große Pommes bestellt wird.~eine Pommes mit Ketchup bestellt wird.~eine kleine Pommes bestellt wird.~eine Pommes mit Mayonnaise bestellt wird.~eine große Pommes mit Ketchup bestellt wird.~eine große Pommes mit Mayonnaise bestellt wird.~eine kleine Pommes mit Ketchup bestellt wird.~eine kleine Pommes mit Mayonnaise bestellt wird.~eine große Pommes oder eine Pommes mit Ketchup bestellt wird.~eine große Pommes oder eine Pommes mit Mayonnaise bestellt wird.~eine kleine Pommes oder eine Pommes mit Ketchup bestellt wird.~eine kleine Pommes oder eine Pommes mit Mayonnaise bestellt wird.~entweder eine große Pommes oder eine Pommes mit Ketchup bestellt wird.~eine große Pommes mit Ketchup oder eine kleine Pommes mit Mayonnaise bestellt wird.~=eine Pommes mit Ketchup oder Mayonnaise bestellt wird.~weder eine große noch eine kleine Pommes bestellt wird.}</p>]]></text></questiontext></question><question type="cloze"><name><text>18 </text></name><questiontext format="html"><text><![CDATA[Ein Unternehmen verkauft neue und gebrauchte Beamer. In diesem Zusammenhang werden die folgenden Ereignisse betrachtet.</p> <p>A: Ein Kunde kauft Neuware.<br>B: Ein Kunde reklamiert das Produkt.</p> <p>Interpretieren Sie die folgenden Wahrscheinlichkeiten im Sachzusammenhang.<p>\( P(B) \) ist die Wahrscheinlichkeit, dass</p><p>{1:MC:~ein Kunde Neuware kauft.~=ein Kunde ein Produkt reklamiert.~ein Kunde Gebrauchtware kauft.~ein Kunde ein Produkt nicht reklamiert.~ein Kunde Neuware kauft und diese reklamiert.~ein Kunde Neuware kauft und diese nicht reklamiert.~ein Kunde Gebrauchtware kauft und diese reklamiert.~ein Kunde Gebrauchtware kauft und diese nicht reklamiert.~ein Kunde Neuware kauft oder die Ware reklamiert.~ein Kunde Neuware kauft oder die Ware nicht reklamiert.~ein Kunde Gebrauchtware kauft oder die Ware reklamiert.~ein Kunde Gebrauchtware kauft oder die Ware nicht reklamiert.~ein Kunde entweder Neuware kauft oder die Ware reklamiert.~ein Kunde Neuware kauft und die Ware reklamiert oder Gebrauchtware kauft und die Ware nicht reklamiert.~ein Kunde ein Produkt reklamiert oder nicht.~ein Kunde weder Neuware noch Gebrauchtware kauft.}</p><p>\( P(\overline{A}\cap \overline{B}) \) ist die Wahrscheinlichkeit, dass</p><p>{1:MC:~ein Kunde Neuware kauft.~ein Kunde ein Produkt reklamiert.~ein Kunde Gebrauchtware kauft.~ein Kunde ein Produkt nicht reklamiert.~ein Kunde Neuware kauft und diese reklamiert.~ein Kunde Neuware kauft und diese nicht reklamiert.~ein Kunde Gebrauchtware kauft und diese reklamiert.~=ein Kunde Gebrauchtware kauft und diese nicht reklamiert.~ein Kunde Neuware kauft oder die Ware reklamiert.~ein Kunde Neuware kauft oder die Ware nicht reklamiert.~ein Kunde Gebrauchtware kauft oder die Ware reklamiert.~ein Kunde Gebrauchtware kauft oder die Ware nicht reklamiert.~ein Kunde entweder Neuware kauft oder die Ware reklamiert.~ein Kunde Neuware kauft und die Ware reklamiert oder Gebrauchtware kauft und die Ware nicht reklamiert.~ein Kunde ein Produkt reklamiert oder nicht.~ein Kunde weder Neuware noch Gebrauchtware kauft.}</p><p>\( P(A\cup\overline{B}) \) ist die Wahrscheinlichkeit, dass</p><p>{1:MC:~ein Kunde Neuware kauft.~ein Kunde ein Produkt reklamiert.~ein Kunde Gebrauchtware kauft.~ein Kunde ein Produkt nicht reklamiert.~ein Kunde Neuware kauft und diese reklamiert.~ein Kunde Neuware kauft und diese nicht reklamiert.~ein Kunde Gebrauchtware kauft und diese reklamiert.~ein Kunde Gebrauchtware kauft und diese nicht reklamiert.~ein Kunde Neuware kauft oder die Ware reklamiert.~=ein Kunde Neuware kauft oder die Ware nicht reklamiert.~ein Kunde Gebrauchtware kauft oder die Ware reklamiert.~ein Kunde Gebrauchtware kauft oder die Ware nicht reklamiert.~ein Kunde entweder Neuware kauft oder die Ware reklamiert.~ein Kunde Neuware kauft und die Ware reklamiert oder Gebrauchtware kauft und die Ware nicht reklamiert.~ein Kunde ein Produkt reklamiert oder nicht.~ein Kunde weder Neuware noch Gebrauchtware kauft.}</p><p>\( P(A\cap B) + P(\overline{A}\cap\overline{B}) \) ist die Wahrscheinlichkeit, dass</p><p>{1:MC:~ein Kunde Neuware kauft.~ein Kunde ein Produkt reklamiert.~ein Kunde Gebrauchtware kauft.~ein Kunde ein Produkt nicht reklamiert.~ein Kunde Neuware kauft und diese reklamiert.~ein Kunde Neuware kauft und diese nicht reklamiert.~ein Kunde Gebrauchtware kauft und diese reklamiert.~ein Kunde Gebrauchtware kauft und diese nicht reklamiert.~ein Kunde Neuware kauft oder die Ware reklamiert.~ein Kunde Neuware kauft oder die Ware nicht reklamiert.~ein Kunde Gebrauchtware kauft oder die Ware reklamiert.~ein Kunde Gebrauchtware kauft oder die Ware nicht reklamiert.~ein Kunde entweder Neuware kauft oder die Ware reklamiert.~=ein Kunde Neuware kauft und die Ware reklamiert oder Gebrauchtware kauft und die Ware nicht reklamiert.~ein Kunde ein Produkt reklamiert oder nicht.~ein Kunde weder Neuware noch Gebrauchtware kauft.}</p>]]></text></questiontext></question><question type="cloze"><name><text>19 </text></name><questiontext format="html"><text><![CDATA[Eine Influencerin stellt ihren Followern zwei neue Lippenstifte vor: Ambition und Bonny. Sie möchte von ihren Followern wissen, wie sie die beiden Lippenstifte finden. In diesem Zusammenhang werden die folgenden Ereignisse betrachtet.</p> <p>A: Einem Follower gefällt Ambition.<br>B: Einem Follower gefällt Bonny.</p> <p>Interpretieren Sie die folgenden Wahrscheinlichkeiten im Sachzusammenhang.<p>\( P(\overline{B}) \) ist die Wahrscheinlichkeit, dass</p><p>{1:MC:~einem Follower Ambition gefällt.~einem Follower Bonny gefällt.~einem Follower Ambition nicht gefällt.~=einem Follower Bonny nicht gefällt.~einem Follower beide Lippenstifte gefallen.~einem Follower Ambition gefällt, Bonny aber nicht.~einem Follower Bonny gefällt, Ambition aber nicht.~einem Follower keinen der Lippenstifte gefällt.~einem Follower mindestens einer der beiden Lippenstifte gefällt.~einem Follower Ambition gefällt oder Bonny nicht gefällt.~einem Follower Ambition nicht gefällt oder Bonny gefällt.~einem Follower mindestens einer der beiden Lippenstifte nicht gefällt.~einem Follower genau einer der beiden Lippenstifte gefällt.~einem Follower beide oder keiner der Lippenstifte gefällt.~einem Follower Bonny gefällt oder nicht.~einem Follower Ambition gefällt und nicht gefällt.}</p><p>\( P(\overline{A}\cap \overline{B}) \) ist die Wahrscheinlichkeit, dass</p><p>{1:MC:~einem Follower Ambition gefällt.~einem Follower Bonny gefällt.~einem Follower Ambition nicht gefällt.~einem Follower Bonny nicht gefällt.~einem Follower beide Lippenstifte gefallen.~einem Follower Ambition gefällt, Bonny aber nicht.~einem Follower Bonny gefällt, Ambition aber nicht.~=einem Follower keinen der Lippenstifte gefällt.~einem Follower mindestens einer der beiden Lippenstifte gefällt.~einem Follower Ambition gefällt oder Bonny nicht gefällt.~einem Follower Ambition nicht gefällt oder Bonny gefällt.~einem Follower mindestens einer der beiden Lippenstifte nicht gefällt.~einem Follower genau einer der beiden Lippenstifte gefällt.~einem Follower beide oder keiner der Lippenstifte gefällt.~einem Follower Bonny gefällt oder nicht.~einem Follower Ambition gefällt und nicht gefällt.}</p><p>\( P(A\cup B) \) ist die Wahrscheinlichkeit, dass</p><p>{1:MC:~einem Follower Ambition gefällt.~einem Follower Bonny gefällt.~einem Follower Ambition nicht gefällt.~einem Follower Bonny nicht gefällt.~einem Follower beide Lippenstifte gefallen.~einem Follower Ambition gefällt, Bonny aber nicht.~einem Follower Bonny gefällt, Ambition aber nicht.~einem Follower keinen der Lippenstifte gefällt.~=einem Follower mindestens einer der beiden Lippenstifte gefällt.~einem Follower Ambition gefällt oder Bonny nicht gefällt.~einem Follower Ambition nicht gefällt oder Bonny gefällt.~einem Follower mindestens einer der beiden Lippenstifte nicht gefällt.~einem Follower genau einer der beiden Lippenstifte gefällt.~einem Follower beide oder keiner der Lippenstifte gefällt.~einem Follower Bonny gefällt oder nicht.~einem Follower Ambition gefällt und nicht gefällt.}</p><p>\( P(A\cap\overline{A}) \) ist die Wahrscheinlichkeit, dass</p><p>{1:MC:~einem Follower Ambition gefällt.~einem Follower Bonny gefällt.~einem Follower Ambition nicht gefällt.~einem Follower Bonny nicht gefällt.~einem Follower beide Lippenstifte gefallen.~einem Follower Ambition gefällt, Bonny aber nicht.~einem Follower Bonny gefällt, Ambition aber nicht.~einem Follower keinen der Lippenstifte gefällt.~einem Follower mindestens einer der beiden Lippenstifte gefällt.~einem Follower Ambition gefällt oder Bonny nicht gefällt.~einem Follower Ambition nicht gefällt oder Bonny gefällt.~einem Follower mindestens einer der beiden Lippenstifte nicht gefällt.~einem Follower genau einer der beiden Lippenstifte gefällt.~einem Follower beide oder keiner der Lippenstifte gefällt.~einem Follower Bonny gefällt oder nicht.~=einem Follower Ambition gefällt und nicht gefällt.}</p>]]></text></questiontext></question><question type="cloze"><name><text>20 </text></name><questiontext format="html"><text><![CDATA[Ein Lebensmittelkonzern verschafft sich einen Überblick darüber, welche seiner Produkte biologisch und regional sind. In diesem Zusammenhang werden die folgenden Ereignisse betrachtet.</p> <p>A: Ein Produkt ist biologisch.<br>B: Ein Produkt ist regional.</p> <p>Interpretieren Sie die folgenden Wahrscheinlichkeiten im Sachzusammenhang.<p>\( P(\overline{B}) \) ist die Wahrscheinlichkeit, dass</p><p>{1:MC:~ein Produkt biologisch ist.~ein Produkt regional ist.~ein Produkt nicht biologisch.~=ein Produkt nicht aus der Region stammt.~ein Produkt biologisch und regional ist.~ein Produkt biologisch ist aber nicht aus der Region stammt.~ein Produkt nicht biologisch ist aber aus der Region stammt.~ein Produkt nicht biologisch und nicht regional ist.~ein Produkt biologisch oder regional ist.~ein Produkt biologisch oder nicht regional ist.~ein Produkt nicht biologisch oder regional ist.~ein Produkt nicht biologisch oder nicht regional ist.~ein Produkt entweder biologisch ist oder aus der Region stammt.~ein Produkt biologisch und regional oder nicht biologisch und nicht regional ist.~ein Produkt regional ist oder nicht.~ein Produkt weder biologisch noch konventionell ist.}</p><p>\( P(A\cap\overline{B}) \) ist die Wahrscheinlichkeit, dass</p><p>{1:MC:~ein Produkt biologisch ist.~ein Produkt regional ist.~ein Produkt nicht biologisch.~ein Produkt nicht aus der Region stammt.~ein Produkt biologisch und regional ist.~=ein Produkt biologisch ist aber nicht aus der Region stammt.~ein Produkt nicht biologisch ist aber aus der Region stammt.~ein Produkt nicht biologisch und nicht regional ist.~ein Produkt biologisch oder regional ist.~ein Produkt biologisch oder nicht regional ist.~ein Produkt nicht biologisch oder regional ist.~ein Produkt nicht biologisch oder nicht regional ist.~ein Produkt entweder biologisch ist oder aus der Region stammt.~ein Produkt biologisch und regional oder nicht biologisch und nicht regional ist.~ein Produkt regional ist oder nicht.~ein Produkt weder biologisch noch konventionell ist.}</p><p>\( P(A\cup B) \) ist die Wahrscheinlichkeit, dass</p><p>{1:MC:~ein Produkt biologisch ist.~ein Produkt regional ist.~ein Produkt nicht biologisch.~ein Produkt nicht aus der Region stammt.~ein Produkt biologisch und regional ist.~ein Produkt biologisch ist aber nicht aus der Region stammt.~ein Produkt nicht biologisch ist aber aus der Region stammt.~ein Produkt nicht biologisch und nicht regional ist.~=ein Produkt biologisch oder regional ist.~ein Produkt biologisch oder nicht regional ist.~ein Produkt nicht biologisch oder regional ist.~ein Produkt nicht biologisch oder nicht regional ist.~ein Produkt entweder biologisch ist oder aus der Region stammt.~ein Produkt biologisch und regional oder nicht biologisch und nicht regional ist.~ein Produkt regional ist oder nicht.~ein Produkt weder biologisch noch konventionell ist.}</p><p>\( P(B\cup\overline{B}) \) ist die Wahrscheinlichkeit, dass</p><p>{1:MC:~ein Produkt biologisch ist.~ein Produkt regional ist.~ein Produkt nicht biologisch.~ein Produkt nicht aus der Region stammt.~ein Produkt biologisch und regional ist.~ein Produkt biologisch ist aber nicht aus der Region stammt.~ein Produkt nicht biologisch ist aber aus der Region stammt.~ein Produkt nicht biologisch und nicht regional ist.~ein Produkt biologisch oder regional ist.~ein Produkt biologisch oder nicht regional ist.~ein Produkt nicht biologisch oder regional ist.~ein Produkt nicht biologisch oder nicht regional ist.~ein Produkt entweder biologisch ist oder aus der Region stammt.~ein Produkt biologisch und regional oder nicht biologisch und nicht regional ist.~=ein Produkt regional ist oder nicht.~ein Produkt weder biologisch noch konventionell ist.}</p>]]></text></questiontext></question></quiz>