<?xml version="1.0" encoding="UTF-8" standalone="yes"?>
<quiz><question type="category"><category><text>stochastik/zufallsexperimente-und-wahrscheinlichkeiten/laplace</text></category><info format="html"><text /></info><idnumber /></question><question type="cloze"><name><text>01 </text></name><questiontext format="html"><text><![CDATA[Entscheiden Sie, ob ein Laplace-Experiment vorliegt.<p>Ziehen einer Karte aus einem vollständigen Kartenspiel.</p><p>Laplace — jede Karte hat die gleiche Wahrscheinlichkeit, gezogen zu werden.</p><p>Feststellen, ob eine zufällig ausgewählte Person Links- oder Rechtshänder ist.</p><p>Nicht-Laplace — es gibt mehr Rechtshänder als Linkshänder, die Wahrscheinlichkeiten sind also ungleich.</p><p>Beobachtung des Status einer Ampel zu einem zufälligen Zeitpunkt.</p><p>Nicht-Laplace — der Zustand 'Gelb' tritt seltener auf als 'Rot' oder 'Grün'.</p><p>Ergebnis, das ein idealer Zufallsgenerator liefert.</p><p>Laplace — ideal bedeutet in diesem Zusammenhang gerade, dass alle möglichen Ergebnisse gleich wahrscheinlich sind.</p>]]></text></questiontext></question></quiz>