<?xml version="1.0" encoding="UTF-8" standalone="yes"?>
<quiz><question type="category"><category><text>Stochastik/basics/Empirie/absoluteHäufigkeiten</text></category><info format="html"><text /></info><idnumber /></question><question type="cloze"><name><text>01 </text></name><questiontext format="html"><text><![CDATA[In einem Betrieb werden pro Stunde die folgenden Anzahlen an Halbleitern produziert: 36 intrinsische Halbleiter, 52 extrinsische Halbleiter, 31 Halbleiter vom P-Typ und 85 Halbleiter vom N-Typ. Einmal pro Stunde prüft eine Maschine einen zufällig ausgewählten Halbleiter. Berechnen Sie die Wahrscheinlichkeit der folgenden Ereignisse: Die Maschine prüft<p>einen extrinsischen Halbleiter.</p><p>{1:NUMERICAL:=0,2549:0,001}</p><p>keinen extrinsischen Halbleiter.</p><p>{1:NUMERICAL:=0,7451:0,001}</p><p>einen intrinsischen Halbleiter oder einen Halbleiter vom P-Typ.</p><p>{1:NUMERICAL:=0,3284:0,001}</p><p>weder einen intrinsischen Halbleiter noch einen Halbleiter vom N-Typ.</p><p>{1:NUMERICAL:=0,4069:0,001}</p>]]></text></questiontext></question><question type="cloze"><name><text>02 </text></name><questiontext format="html"><text><![CDATA[Der Eisstand bietet 4 exotische Eissorten an. An einem Tag wurden bestellt: 37 Kugeln Marshmallow-Keks, 39 Kugeln Whisky-Cola, 16 Kugeln Karotte-Honig und 34 Kugeln Lakritz-Ingwer. Eine Bestellung besteht immer nur aus einer Kugel Eis. Berechnen Sie die Wahrscheinlichkeit der folgenden Ereignisse: Ein zufällig ausgewählter Kunde kauft<p>eine Kugel Karotte-Honig.</p><p>{1:NUMERICAL:=0,127:0,001}</p><p>keine Kugel Lakritz-Ingwer.</p><p>{1:NUMERICAL:=0,7302:0,001}</p><p>eine Kugel Whisky-Cola oder eine Kugel Marshmallow-Keks.</p><p>{1:NUMERICAL:=0,6032:0,001}</p><p>weder eine Kugel Whisky-Cola noch eine Kugel Marshmallow-Keks.</p><p>{1:NUMERICAL:=0,3968:0,001}</p>]]></text></questiontext></question><question type="cloze"><name><text>03 </text></name><questiontext format="html"><text><![CDATA[An einem Beratungsstand für die Ausbildung von Verwaltungsfachangestellten gibt es 23 Interessenten mit FOR, 37 Interessenten mit FHR, 21 Interessenten mit Abitur und 36 Interessenten mit Hauptschulabschluss. Hier und in der Folge wird jeweils nur der höchste Bildungsabschluss aufgeführt.  Berechnen Sie die Wahrscheinlichkeit der folgenden Ereignisse: Ein zufällig ausgewählter Interessent hat<p>das Abitur.</p><p>{1:NUMERICAL:=0,1795:0,001}</p><p>nicht die FOR.</p><p>{1:NUMERICAL:=0,8034:0,001}</p><p>das Abitur oder den Hauptschulabschluss.</p><p>{1:NUMERICAL:=0,4872:0,001}</p><p>weder das Abitur noch den Hauptschulabschluss.</p><p>{1:NUMERICAL:=0,5128:0,001}</p>]]></text></questiontext></question><question type="cloze"><name><text>04 </text></name><questiontext format="html"><text><![CDATA[In einem Sportgeschäft liegen verschiedene Hosen aus. Es gibt 62 kurze Turnhosen, 68 Skihosen, 69 Jogginghosen und 80 Rennradhosen. Ein Dieb klaut eine zufällige Hose. Berechnen Sie die Wahrscheinlichkeit der folgenden Ereignisse: Der Dieb klaut<p>eine Rennradhose.</p><p>{1:NUMERICAL:=0,2867:0,001}</p><p>keine kurze Turnhose.</p><p>{1:NUMERICAL:=0,7778:0,001}</p><p>eine kurze Turnhose oder eine Jogginghose.</p><p>{1:NUMERICAL:=0,4695:0,001}</p><p>weder eine kurze Turnhose noch eine Rennradhose.</p><p>{1:NUMERICAL:=0,491:0,001}</p>]]></text></questiontext></question><question type="cloze"><name><text>05 </text></name><questiontext format="html"><text><![CDATA[Ein Gartencenter bietet verschiedene Frühlingsblumen an. Es gibt 42 Tulpen, 88 Narzissen, 56 Pfingstrosen und 22 Primeln. Eine Kundin kauft zufällig eine Blume. Berechnen Sie die Wahrscheinlichkeit der folgenden Ereignisse: Die Kundin kauft<p>eine Narzisse.</p><p>{1:NUMERICAL:=0,4231:0,001}</p><p>keine Primel.</p><p>{1:NUMERICAL:=0,8942:0,001}</p><p>eine Narzisse oder eine Pfingstrose.</p><p>{1:NUMERICAL:=0,6923:0,001}</p><p>weder eine Narzisse noch eine Tulpe.</p><p>{1:NUMERICAL:=0,375:0,001}</p>]]></text></questiontext></question><question type="cloze"><name><text>06 </text></name><questiontext format="html"><text><![CDATA[Ein Geschäft für Heimwerkerbedarf verfügt über verschiedene Schrauben. Es gibt 91 Holzschrauben, 5 Metallschrauben, 53 Steinschrauben und 69 Universalschrauben. Ein Mitarbeiter prüft zufällig eine Schraube. Berechnen Sie die Wahrscheinlichkeit der folgenden Ereignisse: Der Mitarbeiter prüft<p>eine Steinschraube.</p><p>{1:NUMERICAL:=0,2431:0,001}</p><p>keine Universalschraube.</p><p>{1:NUMERICAL:=0,6835:0,001}</p><p>eine Universalschraube oder eine Holzschraube.</p><p>{1:NUMERICAL:=0,7339:0,001}</p><p>weder eine Universalschraube noch eine Metallschraube.</p><p>{1:NUMERICAL:=0,6606:0,001}</p>]]></text></questiontext></question><question type="cloze"><name><text>07 </text></name><questiontext format="html"><text><![CDATA[Eine Gläserei stellt unterschiedliche Flaschenarten her. In einem Lager stehen 84 Weingläser, 91 Biergläser, 57 Wassergläser und 39 Schnapsgläser. Eine unvorsichtige Mitarbeiterin stößt zufällig ein Glas um. Berechnen Sie die Wahrscheinlichkeit der folgenden Ereignisse: Die Mitarbeiterin beschädigt<p>ein Bierglas.</p><p>{1:NUMERICAL:=0,3358:0,001}</p><p>kein Bierglas.</p><p>{1:NUMERICAL:=0,6642:0,001}</p><p>ein Wasserglas oder ein Bierglas.</p><p>{1:NUMERICAL:=0,5461:0,001}</p><p>weder ein Wasserglas noch ein Weinglas.</p><p>{1:NUMERICAL:=0,4797:0,001}</p>]]></text></questiontext></question><question type="cloze"><name><text>08 </text></name><questiontext format="html"><text><![CDATA[Im Garten der Schmidts leben 41 Fliegen, 22 Bienen, 67 Wespen und 38 Bremsen. Herr Schmidt zertritt zufällig ein Tier. Berechnen Sie die Wahrscheinlichkeit der folgenden Ereignisse: Herr Schmidt zertritt<p>eine Bremse.</p><p>{1:NUMERICAL:=0,2262:0,001}</p><p>keine Biene.</p><p>{1:NUMERICAL:=0,869:0,001}</p><p>eine Fliege oder eine Wespe.</p><p>{1:NUMERICAL:=0,6429:0,001}</p><p>weder eine Fliege noch eine Biene.</p><p>{1:NUMERICAL:=0,625:0,001}</p>]]></text></questiontext></question><question type="cloze"><name><text>09 </text></name><questiontext format="html"><text><![CDATA[Ein Buchladen bietet verschiedene Bücher an. Es gibt 48 Romane, 45 Sachbücher, 77 Kinderbücher und 21 Hörbücher. Ein Kunde bestellt ein zufälliges Buch. Berechnen Sie die Wahrscheinlichkeit der folgenden Ereignisse: Der Kunde bestellt<p>einen Roman.</p><p>{1:NUMERICAL:=0,2513:0,001}</p><p>kein Sachbuch.</p><p>{1:NUMERICAL:=0,7644:0,001}</p><p>ein Hörbuch oder ein Sachbuch.</p><p>{1:NUMERICAL:=0,3455:0,001}</p><p>weder ein Hörbuch noch ein Sachbuch.</p><p>{1:NUMERICAL:=0,6545:0,001}</p>]]></text></questiontext></question><question type="cloze"><name><text>10 </text></name><questiontext format="html"><text><![CDATA[In einer Bibliothek stehen viele verschiedene Bücher zur Verfügung. Es gibt 54 Lyrikbände, 47 Atlanten, 75 Wissenschaftsmagazine und 20 Lexika. Ein Bibliothekar stellt fest, wie oft ein zufällig ausgewähltes Buch ausgeliehen wurde. Berechnen Sie die Wahrscheinlichkeit der folgenden Ereignisse: Der Bibliothekar prüft<p>ein Wissenschaftsmagazin.</p><p>{1:NUMERICAL:=0,3827:0,001}</p><p>kein Wissenschaftsmagazin.</p><p>{1:NUMERICAL:=0,6173:0,001}</p><p>einen Atlas oder ein Lexikon.</p><p>{1:NUMERICAL:=0,3418:0,001}</p><p>weder einen Atlas noch einen Lyrikband.</p><p>{1:NUMERICAL:=0,4847:0,001}</p>]]></text></questiontext></question><question type="cloze"><name><text>11 </text></name><questiontext format="html"><text><![CDATA[In einem Restaurant gibt es unterschiedliche Gerichte. Heute werden bestellt: 93 Pizzen, 78 Suppen, 24 Steaks und 63 Salate. Ein Gast bestellt ein zufällig ausgewähltes Gericht. Berechnen Sie die Wahrscheinlichkeit der folgenden Ereignisse: Der Gast bestellt<p>eine Pizza.</p><p>{1:NUMERICAL:=0,3605:0,001}</p><p>keinen Salat.</p><p>{1:NUMERICAL:=0,7558:0,001}</p><p>ein Steak oder einen Salat.</p><p>{1:NUMERICAL:=0,3372:0,001}</p><p>weder ein Steak noch eine Suppe.</p><p>{1:NUMERICAL:=0,6047:0,001}</p>]]></text></questiontext></question><question type="cloze"><name><text>12 </text></name><questiontext format="html"><text><![CDATA[Ein Spielzeuggeschäft verkauft verschiedene Spielzeuge. Es gibt 46 Puppen, 58 Autos, 92 Baukästen und 73 Plüschtiere. Eine Kundin kauft ein zufällig ausgewähltes Spielzeug. Berechnen Sie die Wahrscheinlichkeit der folgenden Ereignisse: Die Kundin kauft<p>ein Plüschtier.</p><p>{1:NUMERICAL:=0,2714:0,001}</p><p>kein Plüschtier.</p><p>{1:NUMERICAL:=0,7286:0,001}</p><p>ein Auto oder eine Puppe.</p><p>{1:NUMERICAL:=0,3866:0,001}</p><p>weder ein Auto noch ein Plüschtier.</p><p>{1:NUMERICAL:=0,513:0,001}</p>]]></text></questiontext></question><question type="cloze"><name><text>13 </text></name><questiontext format="html"><text><![CDATA[Im Supermarkt gibt es eine Auswahl an Obst. Es wurden heute gekauft: 24 Äpfel, 14 Bananen, 8 Kirschen und 52 Trauben. Eine Kundin wählt ein zufällig ausgewähltes Obst im Supermarkt. Berechnen Sie die Wahrscheinlichkeit der folgenden Ereignisse: Die Käuferin wählt<p>eine Traube.</p><p>{1:NUMERICAL:=0,5306:0,001}</p><p>keine Kirsche.</p><p>{1:NUMERICAL:=0,9184:0,001}</p><p>eine Banane oder einen Apfel.</p><p>{1:NUMERICAL:=0,3878:0,001}</p><p>weder eine Banane noch eine Traube.</p><p>{1:NUMERICAL:=0,3265:0,001}</p>]]></text></questiontext></question><question type="cloze"><name><text>14 </text></name><questiontext format="html"><text><![CDATA[In einer Bäckerei gibt es unterschiedliche Brotsorten. Es wurden verkauft: 17 Baguette, 3 Krustenbrot, 13 Ciabatta und 22 Roggenbrot. Eine Kundin kauft ein zufällig ausgewähltes Brot in der Bäckerei. Berechnen Sie die Wahrscheinlichkeit der folgenden Ereignisse: Die Kundin kauft<p>ein Krustenbrot.</p><p>{1:NUMERICAL:=0,0545:0,001}</p><p>kein Baguette.</p><p>{1:NUMERICAL:=0,6909:0,001}</p><p>ein Krustenbrot oder ein Ciabatta.</p><p>{1:NUMERICAL:=0,2909:0,001}</p><p>weder ein Krustenbrot noch ein Ciabatta.</p><p>{1:NUMERICAL:=0,7091:0,001}</p>]]></text></questiontext></question><question type="cloze"><name><text>15 </text></name><questiontext format="html"><text><![CDATA[Im Elektronikgeschäft gibt es verschiedene Modelle von Handys. Es wurden verkauft: 72 Smartphones, 32 Tablets, 22 Laptops und 21 Smartwatches. Eine Kundin kauft ein ein zufällig ausgewähltes Gerät im Elektronikgeschäft. Berechnen Sie die Wahrscheinlichkeit der folgenden Ereignisse: Die Kundin kauft<p>ein Smartphone.</p><p>{1:NUMERICAL:=0,4898:0,001}</p><p>kein Smartphone.</p><p>{1:NUMERICAL:=0,5102:0,001}</p><p>eine Smartwatch oder ein Tablet.</p><p>{1:NUMERICAL:=0,3605:0,001}</p><p>weder eine Smartwatch noch ein Smartphone.</p><p>{1:NUMERICAL:=0,3673:0,001}</p>]]></text></questiontext></question><question type="cloze"><name><text>16 </text></name><questiontext format="html"><text><![CDATA[Ein Bekleidungsgeschäft bietet verschiedene Kleidungsstücke an. Es wurden gekauft: 73 Hosen, 19 Hemden, 8 Jacken und 67 T-Shirts. Eine Kundin kauft eine zufällig ausgewählte Kleidung. Berechnen Sie die Wahrscheinlichkeit der folgenden Ereignisse: Die Kundin kauft<p>ein Hemd.</p><p>{1:NUMERICAL:=0,1138:0,001}</p><p>keine Jacke.</p><p>{1:NUMERICAL:=0,9521:0,001}</p><p>ein Hemd oder eine Jacke.</p><p>{1:NUMERICAL:=0,1617:0,001}</p><p>weder ein Hemd noch eine Jacke.</p><p>{1:NUMERICAL:=0,8383:0,001}</p>]]></text></questiontext></question><question type="cloze"><name><text>17 </text></name><questiontext format="html"><text><![CDATA[In einer Apotheke gibt es unterschiedliche Medikamente. Es wurden abgegeben: 6 Schmerzmittel, 52 Hustenbonbons, 74 Vitamine und 35 Pflaster. Eine Kundin kauft einen ein zufällig ausgewählten medizinischen Artikel in der Apotheke. Berechnen Sie die Wahrscheinlichkeit der folgenden Ereignisse: Die Kundin kauft<p>ein Schmerzmittel.</p><p>{1:NUMERICAL:=0,0359:0,001}</p><p>kein Vitaminpräparat.</p><p>{1:NUMERICAL:=0,5569:0,001}</p><p>ein Schmerzmittel oder ein Hustenbonbon.</p><p>{1:NUMERICAL:=0,3473:0,001}</p><p>weder ein Schmerzmittel noch ein Pflaster.</p><p>{1:NUMERICAL:=0,7545:0,001}</p>]]></text></questiontext></question><question type="cloze"><name><text>18 </text></name><questiontext format="html"><text><![CDATA[Ein Café bietet verschiedene Kaffeesorten an. Es wurden heute bestellt: 82 Espresso, 28 Cappuccino, 85 Latte Macchiato und 76 Filterkaffee. Eine Kundin bestellt im Café ein zufällig ausgewähltes Getränk. Berechnen Sie die Wahrscheinlichkeit der folgenden Ereignisse: Die Kundin bestellt<p>einen Filterkaffee.</p><p>{1:NUMERICAL:=0,2804:0,001}</p><p>keinen Cappuccino.</p><p>{1:NUMERICAL:=0,8967:0,001}</p><p>einen Latte Macchiato oder einen Espresso.</p><p>{1:NUMERICAL:=0,6162:0,001}</p><p>weder einen Latte Macchiato noch einen Cappuccino.</p><p>{1:NUMERICAL:=0,583:0,001}</p>]]></text></questiontext></question><question type="cloze"><name><text>19 </text></name><questiontext format="html"><text><![CDATA[Im Zoogeschäft gibt es verschiedene Tiere. Es wurden verkauft: 66 Katzen, 8 Hunde, 12 Vögel und 38 Hamster. Eine Kundin kauft im Zoogeschäft ein zufällig ausgewähltes Tier. Berechnen Sie die Wahrscheinlichkeit der folgenden Ereignisse: Die Kundin kauft<p>einen Hamster.</p><p>{1:NUMERICAL:=0,3065:0,001}</p><p>keine Katze.</p><p>{1:NUMERICAL:=0,4677:0,001}</p><p>eine Katze oder einen Hund.</p><p>{1:NUMERICAL:=0,5968:0,001}</p><p>weder eine Katze noch einen Vogel.</p><p>{1:NUMERICAL:=0,371:0,001}</p>]]></text></questiontext></question><question type="cloze"><name><text>20 </text></name><questiontext format="html"><text><![CDATA[In einem Fitnessstudio gibt es unterschiedliche Kurse. Es wurden gebucht: 89 Yoga, 29 Krafttraining, 82 Cardio und 74 Pilates. Eine Kundin bucht einen ein zufällig ausgewählten Kurs. Berechnen Sie die Wahrscheinlichkeit der folgenden Ereignisse: Die Kundin bucht<p>ein Krafttraining.</p><p>{1:NUMERICAL:=0,1058:0,001}</p><p>keinen Pilates-Kurs.</p><p>{1:NUMERICAL:=0,7299:0,001}</p><p>einen Pilates-Kurs oder ein Krafttraining.</p><p>{1:NUMERICAL:=0,3759:0,001}</p><p>weder einen Pilates-Kurs noch ein Krafttraining.</p><p>{1:NUMERICAL:=0,6241:0,001}</p>]]></text></questiontext></question></quiz>