<?xml version="1.0" encoding="UTF-8" standalone="yes"?>
<quiz><question type="category"><category><text>Stochastik/Allgemein/Methoden der Wahrscheinlichkeitsrechnung/BayesUndSylvester/nurSylvester</text></category><info format="html"><text /></info><idnumber /></question><question type="cloze"><name><text>01 </text></name><questiontext format="html"><text><![CDATA[Ein Hersteller von Halbleitern erhält Aufträge von Groß- und Kleinkunden. Alle Kunden können zwischen Basis- und Premium-Qualität wählen. In diesem Zusammenhang werden die folgenden Ereignisse betrachtet.</p> <p>A: Ein Großkunde bestellt Halbleiter.<br>B: Halbleiter werden in Premium-Qualität bestellt.</p> <p>Es ist bekannt, dass \( P(A) \)\( = \)\( 0,07 \), dass \( P(B) \)\( = \)\( 0,8539 \) und dass \( P(A\cap B) \)\( = \)\( 0,0448 \).</p> <p>Berechnen Sie (auf 4 NKS gerundet)<p>die Wahrscheinlichkeit, dass Halbleiter in Basis-Qualität bestellt werden.</p><p>{1:NUMERICAL:=0,1461:0,0001}</p><p>\( P(A\cup B) \).</p><p>{1:NUMERICAL:=0,8791:0,0001}</p>]]></text></questiontext></question><question type="cloze"><name><text>02 </text></name><questiontext format="html"><text><![CDATA[Eine Zugbegleiterin kontrolliert die Fahrscheine und das Einhalten einer pandemiebedingten Maskenpflicht in einem ICE von Hamburg nach München. In diesem Zusammenhang werden die folgenden Ereignisse betrachtet.</p> <p>A: Ein Passagier hat einen gültigen Fahrschein.<br>B: Ein Passagier trägt eine Maske.</p> <p>Es ist bekannt, dass \( P(A) \)\( = \)\( 0,86 \), dass \( P(B) \)\( = \)\( 0,59 \) und dass die Wahrscheinlichkeit, dass ein Passagier einen gültigen Fahrschein hat oder eine Maske trägt, 94,26% beträgt.</p> <p>Berechnen Sie (auf 4 NKS gerundet)<p>die Wahrscheinlichkeit, dass ein Passagier keine Maske trägt.</p><p>{1:NUMERICAL:=0,41:0,0001}</p><p>\( P(A\cap B) \).</p><p>{1:NUMERICAL:=0,5074:0,0001}</p>]]></text></questiontext></question><question type="cloze"><name><text>03 </text></name><questiontext format="html"><text><![CDATA[Ein Eisstand bietet Getränke an: Schokolade und Kaffee, jeweils entweder heiß oder kalt zubereitet. In diesem Zusammenhang werden die folgenden Ereignisse betrachtet.</p> <p>A: Ein Kunde bestellt eine Schokolade.<br>B: Ein Kunde bestellt ein heißes Getränk.</p> <p>Es ist bekannt, dass \( P(A) \)\( = \)\( 0,79 \), dass die Wahrscheinlichkeit, dass ein Kunde eine heiße Schokolade bestellt, 55,3% beträgt und dass \( P(A\cup B) \)\( = \)\( 0,9202 \).</p> <p>Berechnen Sie (auf 4 NKS gerundet)<p>\( P(\overline{A}) \).</p><p>{1:NUMERICAL:=0,21:0,0001}</p><p>die Wahrscheinlichkeit, dass ein Kunde ein heißes Getränk bestellt.</p><p>{1:NUMERICAL:=0,6832:0,0001}</p>]]></text></questiontext></question><question type="cloze"><name><text>04 </text></name><questiontext format="html"><text><![CDATA[Ein angeblich verzauberter Würfel wird geworfen. Bevor man wirft, kann man einen Zauberspruch aufsagen. In diesem Zusammenhang werden die folgenden Ereignisse betrachtet.</p> <p>A: Es wird eine Sechs geworfen.<br>B: Es wird ein Zauberspruch aufgesagt.</p> <p>Es ist bekannt, dass die Wahrscheinlichkeit, dass ein Zauberspruch aufgesagt wird, 69% beträgt, dass \( P(A\cap B) \)\( = \)\( 0,4968 \) und dass \( P(A\cup B) \)\( = \)\( 0,9132 \).</p> <p>Berechnen Sie (auf 4 NKS gerundet)<p>die Wahrscheinlichkeit, dass kein Zauberspruch aufgesagt wird.</p><p>{1:NUMERICAL:=0,31:0,0001}</p><p>die Wahrscheinlichkeit, dass eine Sechs geworfen wird.</p><p>{1:NUMERICAL:=0,72:0,0001}</p>]]></text></questiontext></question><question type="cloze"><name><text>05 </text></name><questiontext format="html"><text><![CDATA[Für das Controlling bei der Deutschen Bundesbank bewerben sich Mathematiker und Wirtschaftswissenschaftler mit Bachelor- oder Masterabschluss. In diesem Zusammenhang werden die folgenden Ereignisse betrachtet.</p> <p>A: Ein Bewerber ist Mathematiker.<br>B: Ein Bewerber hat einen Bachelor.</p> <p>Es ist bekannt, dass \( P(A) \)\( = \)\( 0,36 \), dass die Wahrscheinlichkeit, dass ein Bewerber einen Bachelor hat, 1% beträgt und dass \( P(A\cup B) \)\( = \)\( 0,3664 \).</p> <p>Berechnen Sie (auf 4 NKS gerundet)<p>die Wahrscheinlichkeit, dass ein Bewerber einen Master hat.</p><p>{1:NUMERICAL:=0,99:0,0001}</p><p>die Wahrscheinlichkeit, dass ein Bewerber einen Bachelor in Mathematik hat.</p><p>{1:NUMERICAL:=0,0036:0,0001}</p>]]></text></questiontext></question><question type="cloze"><name><text>06 </text></name><questiontext format="html"><text><![CDATA[Praktische Führerscheinprüfung: In diesem Zusammenhang werden die folgenden Ereignisse betrachtet.</p> <p>A: Der Prüfling besteht.<br>B: Der Prüfer ist ausgeschlafen.</p> <p>Es ist bekannt, dass \( P(A) \)\( = \)\( 0,15 \), dass \( P(B) \)\( = \)\( 0,43 \) und dass die Wahrscheinlichkeit, dass ein Prüfling besteht und ein Prüfer ausgeschlafen ist, 6,45% beträgt.</p> <p>Berechnen Sie (auf 4 NKS gerundet)<p>\( P(\overline{A}) \).</p><p>{1:NUMERICAL:=0,85:0,0001}</p><p>\( P(A\cup B) \).</p><p>{1:NUMERICAL:=0,5155:0,0001}</p>]]></text></questiontext></question><question type="cloze"><name><text>07 </text></name><questiontext format="html"><text><![CDATA[In einem Sportgeschäft werden Hanteln aus Metall und Kunststoff angeboten. Zur Schonung der Handgelenke sind einige Hanteln zudem mit einem drehbaren Griff ausgestattet. In diesem Zusammenhang werden die folgenden Ereignisse betrachtet.</p> <p>A: Eine Hantel ist aus Metall.<br>B: Eine Hantel hat einen drehbaren Griff.</p> <p>Es ist bekannt, dass \( P(A) \)\( = \)\( 0,18 \), dass die Wahrscheinlichkeit, dass eine Hantel einen drehbaren Griff hat, 38,82% beträgt und dass die Wahrscheinlichkeit, dass eine Hantel aus Metall ist oder einen drehbaren Griff hat, 49,98% beträgt.</p> <p>Berechnen Sie (auf 4 NKS gerundet)<p>\( P(\overline{B}) \).</p><p>{1:NUMERICAL:=0,6118:0,0001}</p><p>die Wahrscheinlichkeit, dass eine Hantel aus Metall ist und einen drehbaren Griff hat.</p><p>{1:NUMERICAL:=0,0684:0,0001}</p>]]></text></questiontext></question><question type="cloze"><name><text>08 </text></name><questiontext format="html"><text><![CDATA[Eine Fußballspielerin nimmt vor einigen Spielen Doping ein. Spiele können entweder gewonnen oder verloren werden. In diesem Zusammenhang werden die folgenden Ereignisse betrachtet.</p> <p>A: Sie gewinnt ein Spiel.<br>B: Sie dopt in einem Spiel.</p> <p>Es ist bekannt, dass \( P(A) \)\( = \)\( 0,41 \), dass die Wahrscheinlichkeit, dass sie in einem Spiel dopt, 68,89% beträgt und dass die Wahrscheinlichkeit, dass sie ein Spiel gewinnt und dopt, 11,07% beträgt.</p> <p>Berechnen Sie (auf 4 NKS gerundet)<p>\( P(\overline{B}) \).</p><p>{1:NUMERICAL:=0,3111:0,0001}</p><p>\( P(A\cup B) \).</p><p>{1:NUMERICAL:=0,9882:0,0001}</p>]]></text></questiontext></question><question type="cloze"><name><text>09 </text></name><questiontext format="html"><text><![CDATA[Ein Unternehmen stellt fest, ob seine Mitarbeiter im Home-Office oder in Präsenz arbeiten. Es gibt Voll- und Teilzeitkräfte. In diesem Zusammenhang werden die folgenden Ereignisse betrachtet.</p> <p>A: Ein Mitarbeiter arbeitet im Home-Office.<br>B: Ein Mitarbeiter arbeitet in Vollzeit.</p> <p>Es ist bekannt, dass die Wahrscheinlichkeit, dass ein Mitarbeiter im Home-Office arbeitet, 79% beträgt, dass \( P(B) \)\( = \)\( 0,48 \) und dass \( P(A\cap B) \)\( = \)\( 0,3792 \).</p> <p>Berechnen Sie (auf 4 NKS gerundet)<p>\( P(\overline{A}) \).</p><p>{1:NUMERICAL:=0,21:0,0001}</p><p>\( P(A\cup B) \).</p><p>{1:NUMERICAL:=0,8908:0,0001}</p>]]></text></questiontext></question><question type="cloze"><name><text>10 </text></name><questiontext format="html"><text><![CDATA[Die Geschäftsleitung des Restaurants interessiert sich dafür, wie kinderfreundlich die konkurrierenden Restaurants der Stadt sind. In diesem Zusammenhang werden die folgenden Ereignisse betrachtet.</p> <p>A: Ein Restaurant hat einen Biergarten.<br>B: Ein Restaurant hat eine Spielecke.</p> <p>Es ist bekannt, dass \( P(A) \)\( = \)\( 0,82 \), dass die Wahrscheinlichkeit, dass ein Restaurant über einen Biergarten und eine Spielecke verfügt, 35,26% beträgt und dass die Wahrscheinlichkeit, dass ein Restaurant über einen Biergarten oder eine Spielecke verfügt, 89,74% beträgt.</p> <p>Berechnen Sie (auf 4 NKS gerundet)<p>\( P(\overline{A}) \).</p><p>{1:NUMERICAL:=0,18:0,0001}</p><p>\( P(B) \).</p><p>{1:NUMERICAL:=0,43:0,0001}</p>]]></text></questiontext></question><question type="cloze"><name><text>11 </text></name><questiontext format="html"><text><![CDATA[In einem Gartencenter wird konventionelle und nachhaltige Holzkohle angeboten. Beide Kohlearten sind als teure Originalprodukte oder günstige Nachahmerprodukte erhältlich. In diesem Zusammenhang werden die folgenden Ereignisse betrachtet.</p> <p>A: Ein Kunde kauft nachhaltige Holzkohle.<br>B: Ein Kunde kauft ein Originalprodukt.</p> <p>Es ist bekannt, dass die Wahrscheinlichkeit, dass ein Kunde nachhaltige Holzkohle kauft, 27% beträgt, dass \( P(A\cap B) \)\( = \)\( 0,243 \) und dass \( P(A\cup B) \)\( = \)\( 0,9416 \).</p> <p>Berechnen Sie (auf 4 NKS gerundet)<p>\( P(\overline{A}) \).</p><p>{1:NUMERICAL:=0,73:0,0001}</p><p>\( P(B) \).</p><p>{1:NUMERICAL:=0,9146:0,0001}</p>]]></text></questiontext></question><question type="cloze"><name><text>12 </text></name><questiontext format="html"><text><![CDATA[Ein Geschäft für Heimwerkerbedarf bietet Wandfarbe in den Farben weiß und beige an, jeweils entweder matt oder glänzend. Genau ein Produkt ist im Sonderangebot. In diesem Zusammenhang werden die folgenden Ereignisse betrachtet.</p> <p>A: Weiße Farbe ist im Sonderangebot.<br>B: Matte Farbe ist im Sonderangebot.</p> <p>Es ist bekannt, dass \( P(A) \)\( = \)\( 0,83 \), dass \( P(B) \)\( = \)\( 0,2607 \) und dass \( P(A\cap B) \)\( = \)\( 0,2573 \).</p> <p>Berechnen Sie (auf 4 NKS gerundet)<p>\( P(\overline{B}) \).</p><p>{1:NUMERICAL:=0,7393:0,0001}</p><p>die Wahrscheinlichkeit, dass weiße oder matte Farbe im Sonderangebot ist.</p><p>{1:NUMERICAL:=0,8334:0,0001}</p>]]></text></questiontext></question><question type="cloze"><name><text>13 </text></name><questiontext format="html"><text><![CDATA[Personen werden damit erpresst, dass Hacker angeblich Mitschnitte einer Webcam besitzen, die die Person beim Pornokonsum zeigt. In diesem Zusammenhang werden die folgenden Ereignisse betrachtet.</p> <p>A: Ein Opfer ist minderjährig.<br>B: Ein Opfer alarmiert die Polizei.</p> <p>Es ist bekannt, dass \( P(A) \)\( = \)\( 0,49 \), dass die Wahrscheinlichkeit, dass ein Opfer die Polizei alarmiert, 70,44% beträgt und dass \( P(A\cap B) \)\( = \)\( 0,2352 \).</p> <p>Berechnen Sie (auf 4 NKS gerundet)<p>die Wahrscheinlichkeit, dass ein Opfer nicht die Polizei alarmiert.</p><p>{1:NUMERICAL:=0,2956:0,0001}</p><p>die Wahrscheinlichkeit, dass ein Opfer minderjährig ist oder die Polizei alarmiert.</p><p>{1:NUMERICAL:=0,9592:0,0001}</p>]]></text></questiontext></question><question type="cloze"><name><text>14 </text></name><questiontext format="html"><text><![CDATA[In einer Glaserei können bei der Produktion von hochwertigen Weingläsern zwei Fehler auftreten: Risse und Blaseneinschlüsse. In diesem Zusammenhang werden die folgenden Ereignisse betrachtet.</p> <p>A: Ein Glas hat einen Riss.<br>B: Ein Glas hat einen Blaseneinschluss.</p> <p>Es ist bekannt, dass \( P(A) \)\( = \)\( 0,72 \), dass \( P(A\cap B) \)\( = \)\( 0,2664 \) und dass \( P(A\cup B) \)\( = \)\( 0,8236 \).</p> <p>Berechnen Sie (auf 4 NKS gerundet)<p>die Wahrscheinlichkeit, dass ein Glas keinen Riss hat.</p><p>{1:NUMERICAL:=0,28:0,0001}</p><p>die Wahrscheinlichkeit, dass ein Glas einen Blaseneinschluss hat.</p><p>{1:NUMERICAL:=0,37:0,0001}</p>]]></text></questiontext></question><question type="cloze"><name><text>15 </text></name><questiontext format="html"><text><![CDATA[Amalia sucht auf einer Online-Partnerbörse den Mann fürs Leben. Neben der äußerlichen Attraktivität ist es für sie wichtig, dass ihr Partner nicht raucht. In diesem Zusammenhang werden die folgenden Ereignisse betrachtet.</p> <p>A: Ein vorgeschlagener Partner ist attraktiv.<br>B: Ein vorgeschlagener Partner raucht.</p> <p>Es ist bekannt, dass \( P(A) \)\( = \)\( 0,34 \), dass \( P(B) \)\( = \)\( 0,3466 \) und dass die Wahrscheinlichkeit, dass ein vorgeschlagener Partner ein attraktiver Raucher ist, 11,56% beträgt.</p> <p>Berechnen Sie (auf 4 NKS gerundet)<p>\( P(\overline{B}) \).</p><p>{1:NUMERICAL:=0,6534:0,0001}</p><p>die Wahrscheinlichkeit, dass ein vorgeschlagener Partner attraktiv ist oder raucht.</p><p>{1:NUMERICAL:=0,571:0,0001}</p>]]></text></questiontext></question><question type="cloze"><name><text>16 </text></name><questiontext format="html"><text><![CDATA[Ein Unternehmen produziert Smartwatches, die vor dem Verkauf durch ein automatisiertes Verfahren ausgiebig getestet werden. Smartwatches mit Fehlern werden aussortiert. Allerdings kommt es auch vor, dass einige fehlerfreie Smartwatches aussortiert werden und dass einige fehlerbehaftete Smartwatches nicht aussortiert werden. In diesem Zusammenhang werden die folgenden Ereignisse betrachtet.</p> <p>A: Eine Smartwatch ist fehlerfrei.<br>B: Eine Smartwatch wird aussortiert.</p> <p>Es ist bekannt, dass \( P(A) \)\( = \)\( 0,35 \), dass die Wahrscheinlichkeit, dass eine Smartwatch aussortiert wird, 23,55% beträgt und dass \( P(A\cap B) \)\( = \)\( 0,112 \).</p> <p>Berechnen Sie (auf 4 NKS gerundet)<p>die Wahrscheinlichkeit, dass eine Smartwatch fehlerbehaftet ist.</p><p>{1:NUMERICAL:=0,65:0,0001}</p><p>die Wahrscheinlichkeit, dass eine Smartwatch fehlerfrei ist oder aussortiert wird.</p><p>{1:NUMERICAL:=0,4735:0,0001}</p>]]></text></questiontext></question><question type="cloze"><name><text>17 </text></name><questiontext format="html"><text><![CDATA[Der Besitzer einer Imbissbude interessiert sich dafür, in welchen Größen Pommes bestellt werden und ob die Pommes mit Ketchup oder Mayonnaise bestellt wird. Es gibt nur große und kleine Pommes. Zudem wird jede Pommes mit Ketchup oder Mayonnaise bestellt. In diesem Zusammenhang werden die folgenden Ereignisse betrachtet.</p> <p>A: Es wird eine große Pommes bestellt.<br>B: Es wird eine Pommes mit Ketchup bestellt.</p> <p>Es ist bekannt, dass \( P(A) \)\( = \)\( 0,94 \), dass \( P(B) \)\( = \)\( 0,0514 \) und dass \( P(A\cup B) \)\( = \)\( 0,982 \).</p> <p>Berechnen Sie (auf 4 NKS gerundet)<p>\( P(\overline{A}) \).</p><p>{1:NUMERICAL:=0,06:0,0001}</p><p>\( P(A\cap B) \).</p><p>{1:NUMERICAL:=0,0094:0,0001}</p>]]></text></questiontext></question><question type="cloze"><name><text>18 </text></name><questiontext format="html"><text><![CDATA[Ein Unternehmen verkauft neue und gebrauchte Beamer. In diesem Zusammenhang werden die folgenden Ereignisse betrachtet.</p> <p>A: Ein Kunde kauft Neuware.<br>B: Ein Kunde reklamiert das Produkt.</p> <p>Es ist bekannt, dass \( P(B) \)\( = \)\( 0,02 \), dass \( P(A\cap B) \)\( = \)\( 0,0142 \) und dass \( P(A\cup B) \)\( = \)\( 0,7158 \).</p> <p>Berechnen Sie (auf 4 NKS gerundet)<p>\( P(\overline{B}) \).</p><p>{1:NUMERICAL:=0,98:0,0001}</p><p>\( P(A) \).</p><p>{1:NUMERICAL:=0,71:0,0001}</p>]]></text></questiontext></question><question type="cloze"><name><text>19 </text></name><questiontext format="html"><text><![CDATA[Eine Influencerin stellt ihren Followern zwei neue Lippenstifte vor: Ambition und Bonny. Sie möchte von ihren Followern wissen, wie sie die beiden Lippenstifte finden. In diesem Zusammenhang werden die folgenden Ereignisse betrachtet.</p> <p>A: Einem Follower gefällt Ambition.<br>B: Einem Follower gefällt Bonny.</p> <p>Es ist bekannt, dass \( P(A) \)\( = \)\( 0,01 \), dass die Wahrscheinlichkeit, dass einem Follower Bonny gefällt, 36% beträgt und dass \( P(A\cup B) \)\( = \)\( 0,3664 \).</p> <p>Berechnen Sie (auf 4 NKS gerundet)<p>die Wahrscheinlichkeit, dass einem Follower Ambition nicht gefällt.</p><p>{1:NUMERICAL:=0,99:0,0001}</p><p>die Wahrscheinlichkeit, dass einem Follower beide Lippenstifte gefallen.</p><p>{1:NUMERICAL:=0,0036:0,0001}</p>]]></text></questiontext></question><question type="cloze"><name><text>20 </text></name><questiontext format="html"><text><![CDATA[Ein Lebensmittelkonzern verschafft sich einen Überblick darüber, welche seiner Produkte biologisch und regional sind. In diesem Zusammenhang werden die folgenden Ereignisse betrachtet.</p> <p>A: Ein Produkt ist biologisch.<br>B: Ein Produkt ist regional.</p> <p>Es ist bekannt, dass \( P(A) \)\( = \)\( 0,19 \), dass die Wahrscheinlichkeit, dass ein Produkt regional ist, 44% beträgt und dass die Wahrscheinlichkeit, dass ein Produkt biologisch und regional ist, 8,36% beträgt.</p> <p>Berechnen Sie (auf 4 NKS gerundet)<p>die Wahrscheinlichkeit, dass ein Produkt nicht aus der Region stammt.</p><p>{1:NUMERICAL:=0,56:0,0001}</p><p>die Wahrscheinlichkeit, dass ein Produkt biologisch oder regional ist.</p><p>{1:NUMERICAL:=0,5464:0,0001}</p>]]></text></questiontext></question></quiz>