<?xml version="1.0" encoding="UTF-8" standalone="yes"?>
<quiz><question type="category"><category><text>analysis/regression</text></category><info format="html"><text /></info><idnumber /></question><question type="cloze"><name><text>01 </text></name><questiontext format="html"><text><![CDATA[Gegeben sind die folgenden Wertepaare:<table class="TabelleEinleitung">
    <tr><td>\( x \)</td><td>\( 3.00 \)</td><td>\( 6.00 \)</td><td>\( 7.00 \)</td><td>\( 8.00 \)</td><td>\( 15.00 \)</td></tr>
    <tr><td>\( y \)</td><td>\( 6.27 \)</td><td>\( 18.35 \)</td><td>\( 12.12 \)</td><td>\( 18.72 \)</td><td>\( 31.35 \)</td></tr>
</table><p>Bestimmen Sie die lineare Regressionsfunktion und das Bestimmtheitsmaß \( R^2 \).</p><p>\( y = \){1:NUMERICAL:=1.99:0.01}\( x + \){1:NUMERICAL:=1.85:0.01}</p> <p>\( R^2 = \){1:NUMERICAL:=0.892:0.001}</p>]]></text></questiontext></question><question type="cloze"><name><text>02 </text></name><questiontext format="html"><text><![CDATA[Gegeben sind die folgenden Wertepaare:<table class="TabelleEinleitung">
    <tr><td>\( x \)</td><td>\( 3.00 \)</td><td>\( 5.00 \)</td><td>\( 13.00 \)</td><td>\( 14.00 \)</td><td>\( 17.00 \)</td></tr>
    <tr><td>\( y \)</td><td>\( 5.08 \)</td><td>\( 9.62 \)</td><td>\( 28.49 \)</td><td>\( 27.78 \)</td><td>\( 38.49 \)</td></tr>
</table><p>Bestimmen Sie die lineare Regressionsfunktion und das Bestimmtheitsmaß \( R^2 \).</p><p>\( y = \){1:NUMERICAL:=2.30:0.01}\( x + \){1:NUMERICAL:=-2.03:0.01}</p> <p>\( R^2 = \){1:NUMERICAL:=0.990:0.001}</p>]]></text></questiontext></question><question type="cloze"><name><text>03 </text></name><questiontext format="html"><text><![CDATA[Gegeben sind die folgenden Wertepaare:<table class="TabelleEinleitung">
    <tr><td>\( x \)</td><td>\( 3.00 \)</td><td>\( 9.00 \)</td><td>\( 12.00 \)</td><td>\( 15.00 \)</td><td>\( 17.00 \)</td></tr>
    <tr><td>\( y \)</td><td>\( 10.49 \)</td><td>\( 22.32 \)</td><td>\( 28.63 \)</td><td>\( 34.07 \)</td><td>\( 43.61 \)</td></tr>
</table><p>Bestimmen Sie die lineare Regressionsfunktion und das Bestimmtheitsmaß \( R^2 \).</p><p>\( y = \){1:NUMERICAL:=2.24:0.01}\( x + \){1:NUMERICAL:=2.77:0.01}</p> <p>\( R^2 = \){1:NUMERICAL:=0.975:0.001}</p>]]></text></questiontext></question><question type="cloze"><name><text>04 </text></name><questiontext format="html"><text><![CDATA[Gegeben sind die folgenden Wertepaare:<table class="TabelleEinleitung">
    <tr><td>\( x \)</td><td>\( 1.00 \)</td><td>\( 10.00 \)</td><td>\( 13.00 \)</td><td>\( 14.00 \)</td><td>\( 19.00 \)</td></tr>
    <tr><td>\( y \)</td><td>\( 4.56 \)</td><td>\( 22.07 \)</td><td>\( 27.86 \)</td><td>\( 29.95 \)</td><td>\( 42.28 \)</td></tr>
</table><p>Bestimmen Sie die lineare Regressionsfunktion und das Bestimmtheitsmaß \( R^2 \).</p><p>\( y = \){1:NUMERICAL:=2.06:0.01}\( x + \){1:NUMERICAL:=1.83:0.01}</p> <p>\( R^2 = \){1:NUMERICAL:=0.996:0.001}</p>]]></text></questiontext></question><question type="cloze"><name><text>05 </text></name><questiontext format="html"><text><![CDATA[Gegeben sind die folgenden Wertepaare:<table class="TabelleEinleitung">
    <tr><td>\( x \)</td><td>\( 1.00 \)</td><td>\( 2.00 \)</td><td>\( 9.00 \)</td><td>\( 17.00 \)</td><td>\( 18.00 \)</td></tr>
    <tr><td>\( y \)</td><td>\( 1.71 \)</td><td>\( 7.06 \)</td><td>\( 20.62 \)</td><td>\( 34.05 \)</td><td>\( 41.53 \)</td></tr>
</table><p>Bestimmen Sie die lineare Regressionsfunktion und das Bestimmtheitsmaß \( R^2 \).</p><p>\( y = \){1:NUMERICAL:=2.10:0.01}\( x + \){1:NUMERICAL:=1.22:0.01}</p> <p>\( R^2 = \){1:NUMERICAL:=0.983:0.001}</p>]]></text></questiontext></question><question type="cloze"><name><text>06 </text></name><questiontext format="html"><text><![CDATA[Gegeben sind die folgenden Wertepaare:<table class="TabelleEinleitung">
    <tr><td>\( x \)</td><td>\( 12.00 \)</td><td>\( 15.00 \)</td><td>\( 16.00 \)</td><td>\( 17.00 \)</td><td>\( 19.00 \)</td></tr>
    <tr><td>\( y \)</td><td>\( 127.78 \)</td><td>\( 207.57 \)</td><td>\( 229.77 \)</td><td>\( 260.58 \)</td><td>\( 325.24 \)</td></tr>
</table><p>Bestimmen Sie die quadratische Regressionsfunktion und das Bestimmtheitsmaß \( R^2 \).</p><p>\( y = \){1:NUMERICAL:=0.68:0.01}\( x^2 + \){1:NUMERICAL:=6.86:0.01}\( x + \){1:NUMERICAL:=-52.32:0.01}</p> <p>\( R^2 = \){1:NUMERICAL:=0.999:0.001}</p>]]></text></questiontext></question><question type="cloze"><name><text>07 </text></name><questiontext format="html"><text><![CDATA[Gegeben sind die folgenden Wertepaare:<table class="TabelleEinleitung">
    <tr><td>\( x \)</td><td>\( 7.00 \)</td><td>\( 11.00 \)</td><td>\( 16.00 \)</td><td>\( 18.00 \)</td><td>\( 20.00 \)</td></tr>
    <tr><td>\( y \)</td><td>\( 36.72 \)</td><td>\( 106.55 \)</td><td>\( 227.20 \)</td><td>\( 290.02 \)</td><td>\( 369.36 \)</td></tr>
</table><p>Bestimmen Sie die quadratische Regressionsfunktion und das Bestimmtheitsmaß \( R^2 \).</p><p>\( y = \){1:NUMERICAL:=1.02:0.01}\( x^2 + \){1:NUMERICAL:=-2.18:0.01}\( x + \){1:NUMERICAL:=3.86:0.01}</p> <p>\( R^2 = \){1:NUMERICAL:=0.999:0.001}</p>]]></text></questiontext></question><question type="cloze"><name><text>08 </text></name><questiontext format="html"><text><![CDATA[Gegeben sind die folgenden Wertepaare:<table class="TabelleEinleitung">
    <tr><td>\( x \)</td><td>\( 3.00 \)</td><td>\( 9.00 \)</td><td>\( 11.00 \)</td><td>\( 13.00 \)</td><td>\( 15.00 \)</td></tr>
    <tr><td>\( y \)</td><td>\( 7.86 \)</td><td>\( 68.60 \)</td><td>\( 100.71 \)</td><td>\( 143.32 \)</td><td>\( 200.46 \)</td></tr>
</table><p>Bestimmen Sie die quadratische Regressionsfunktion und das Bestimmtheitsmaß \( R^2 \).</p><p>\( y = \){1:NUMERICAL:=1.04:0.01}\( x^2 + \){1:NUMERICAL:=-2.87:0.01}\( x + \){1:NUMERICAL:=7.56:0.01}</p> <p>\( R^2 = \){1:NUMERICAL:=0.999:0.001}</p>]]></text></questiontext></question><question type="cloze"><name><text>09 </text></name><questiontext format="html"><text><![CDATA[Gegeben sind die folgenden Wertepaare:<table class="TabelleEinleitung">
    <tr><td>\( x \)</td><td>\( 2.00 \)</td><td>\( 3.00 \)</td><td>\( 11.00 \)</td><td>\( 14.00 \)</td><td>\( 16.00 \)</td></tr>
    <tr><td>\( y \)</td><td>\( 8.87 \)</td><td>\( 3.58 \)</td><td>\( 101.82 \)</td><td>\( 169.76 \)</td><td>\( 231.16 \)</td></tr>
</table><p>Bestimmen Sie die quadratische Regressionsfunktion und das Bestimmtheitsmaß \( R^2 \).</p><p>\( y = \){1:NUMERICAL:=1.12:0.01}\( x^2 + \){1:NUMERICAL:=-4.18:0.01}\( x + \){1:NUMERICAL:=9.74:0.01}</p> <p>\( R^2 = \){1:NUMERICAL:=0.999:0.001}</p>]]></text></questiontext></question><question type="cloze"><name><text>10 </text></name><questiontext format="html"><text><![CDATA[Gegeben sind die folgenden Wertepaare:<table class="TabelleEinleitung">
    <tr><td>\( x \)</td><td>\( 6.00 \)</td><td>\( 7.00 \)</td><td>\( 9.00 \)</td><td>\( 11.00 \)</td><td>\( 17.00 \)</td></tr>
    <tr><td>\( y \)</td><td>\( 33.51 \)</td><td>\( 33.18 \)</td><td>\( 61.33 \)</td><td>\( 105.36 \)</td><td>\( 258.88 \)</td></tr>
</table><p>Bestimmen Sie die quadratische Regressionsfunktion und das Bestimmtheitsmaß \( R^2 \).</p><p>\( y = \){1:NUMERICAL:=1.10:0.01}\( x^2 + \){1:NUMERICAL:=-4.30:0.01}\( x + \){1:NUMERICAL:=14.70:0.01}</p> <p>\( R^2 = \){1:NUMERICAL:=0.997:0.001}</p>]]></text></questiontext></question><question type="cloze"><name><text>11 </text></name><questiontext format="html"><text><![CDATA[Gegeben sind die folgenden Wertepaare:<table class="TabelleEinleitung">
    <tr><td>\( x \)</td><td>\( 3.00 \)</td><td>\( 4.00 \)</td><td>\( 9.00 \)</td><td>\( 11.00 \)</td><td>\( 19.00 \)</td></tr>
    <tr><td>\( y \)</td><td>\( -1.21 \)</td><td>\( -2.25 \)</td><td>\( -206.05 \)</td><td>\( -424.39 \)</td><td>\( -2727.89 \)</td></tr>
</table><p>Bestimmen Sie die kubische Regressionsfunktion und das Bestimmtheitsmaß \( R^2 \).</p><p>\( y = \){1:NUMERICAL:=-0.51:0.01}\( x^3 + \){1:NUMERICAL:=2.19:0.01}\( x^2 + \){1:NUMERICAL:=-0.59:0.01}\( x + \){1:NUMERICAL:=-4.07:0.01}</p> <p>\( R^2 = \){1:NUMERICAL:=1.000:0.001}</p>]]></text></questiontext></question><question type="cloze"><name><text>12 </text></name><questiontext format="html"><text><![CDATA[Gegeben sind die folgenden Wertepaare:<table class="TabelleEinleitung">
    <tr><td>\( x \)</td><td>\( 1.00 \)</td><td>\( 6.00 \)</td><td>\( 10.00 \)</td><td>\( 11.00 \)</td><td>\( 18.00 \)</td></tr>
    <tr><td>\( y \)</td><td>\( -8.83 \)</td><td>\( -35.65 \)</td><td>\( -301.75 \)</td><td>\( -436.66 \)</td><td>\( -2289.31 \)</td></tr>
</table><p>Bestimmen Sie die kubische Regressionsfunktion und das Bestimmtheitsmaß \( R^2 \).</p><p>\( y = \){1:NUMERICAL:=-0.47:0.01}\( x^3 + \){1:NUMERICAL:=1.02:0.01}\( x^2 + \){1:NUMERICAL:=7.98:0.01}\( x + \){1:NUMERICAL:=-17.54:0.01}</p> <p>\( R^2 = \){1:NUMERICAL:=1.000:0.001}</p>]]></text></questiontext></question><question type="cloze"><name><text>13 </text></name><questiontext format="html"><text><![CDATA[Gegeben sind die folgenden Wertepaare:<table class="TabelleEinleitung">
    <tr><td>\( x \)</td><td>\( 4.00 \)</td><td>\( 5.00 \)</td><td>\( 9.00 \)</td><td>\( 14.00 \)</td><td>\( 17.00 \)</td></tr>
    <tr><td>\( y \)</td><td>\( 4.12 \)</td><td>\( -14.95 \)</td><td>\( -213.66 \)</td><td>\( -989.99 \)</td><td>\( -1890.88 \)</td></tr>
</table><p>Bestimmen Sie die kubische Regressionsfunktion und das Bestimmtheitsmaß \( R^2 \).</p><p>\( y = \){1:NUMERICAL:=-0.54:0.01}\( x^3 + \){1:NUMERICAL:=3.34:0.01}\( x^2 + \){1:NUMERICAL:=-15.55:0.01}\( x + \){1:NUMERICAL:=46.88:0.01}</p> <p>\( R^2 = \){1:NUMERICAL:=1.000:0.001}</p>]]></text></questiontext></question><question type="cloze"><name><text>14 </text></name><questiontext format="html"><text><![CDATA[Gegeben sind die folgenden Wertepaare:<table class="TabelleEinleitung">
    <tr><td>\( x \)</td><td>\( 1.00 \)</td><td>\( 11.00 \)</td><td>\( 12.00 \)</td><td>\( 15.00 \)</td><td>\( 16.00 \)</td></tr>
    <tr><td>\( y \)</td><td>\( 20.25 \)</td><td>\( -441.11 \)</td><td>\( -583.91 \)</td><td>\( -1258.30 \)</td><td>\( -1536.63 \)</td></tr>
</table><p>Bestimmen Sie die kubische Regressionsfunktion und das Bestimmtheitsmaß \( R^2 \).</p><p>\( y = \){1:NUMERICAL:=-0.38:0.01}\( x^3 + \){1:NUMERICAL:=-1.04:0.01}\( x^2 + \){1:NUMERICAL:=17.57:0.01}\( x + \){1:NUMERICAL:=4.05:0.01}</p> <p>\( R^2 = \){1:NUMERICAL:=1.000:0.001}</p>]]></text></questiontext></question><question type="cloze"><name><text>15 </text></name><questiontext format="html"><text><![CDATA[Gegeben sind die folgenden Wertepaare:<table class="TabelleEinleitung">
    <tr><td>\( x \)</td><td>\( 1.00 \)</td><td>\( 2.00 \)</td><td>\( 4.00 \)</td><td>\( 8.00 \)</td><td>\( 10.00 \)</td></tr>
    <tr><td>\( y \)</td><td>\( -4.84 \)</td><td>\( 0.51 \)</td><td>\( -8.32 \)</td><td>\( -144.81 \)</td><td>\( -315.34 \)</td></tr>
</table><p>Bestimmen Sie die kubische Regressionsfunktion und das Bestimmtheitsmaß \( R^2 \).</p><p>\( y = \){1:NUMERICAL:=-0.41:0.01}\( x^3 + \){1:NUMERICAL:=0.55:0.01}\( x^2 + \){1:NUMERICAL:=4.73:0.01}\( x + \){1:NUMERICAL:=-9.09:0.01}</p> <p>\( R^2 = \){1:NUMERICAL:=1.000:0.001}</p>]]></text></questiontext></question><question type="cloze"><name><text>16 </text></name><questiontext format="html"><text><![CDATA[Gegeben sind die folgenden Wertepaare:<table class="TabelleEinleitung">
    <tr><td>\( x \)</td><td>\( 5.00 \)</td><td>\( 7.00 \)</td><td>\( 9.00 \)</td><td>\( 15.00 \)</td><td>\( 17.00 \)</td></tr>
    <tr><td>\( y \)</td><td>\( 10.61 \)</td><td>\( 15.68 \)</td><td>\( 13.98 \)</td><td>\( 32.58 \)</td><td>\( 62.21 \)</td></tr>
</table><p>Bestimmen Sie die exponentielle Regressionsfunktion und das Bestimmtheitsmaß \( R^2 \).</p><p>\( y = \){1:NUMERICAL:=5.20:0.01}\( \cdot exp( \){1:NUMERICAL:=0.13:0.01}\( x) \)</p> <p>\( R^2 = \){1:NUMERICAL:=0.929:0.001}</p>]]></text></questiontext></question><question type="cloze"><name><text>17 </text></name><questiontext format="html"><text><![CDATA[Gegeben sind die folgenden Wertepaare:<table class="TabelleEinleitung">
    <tr><td>\( x \)</td><td>\( 1.00 \)</td><td>\( 6.00 \)</td><td>\( 8.00 \)</td><td>\( 9.00 \)</td><td>\( 20.00 \)</td></tr>
    <tr><td>\( y \)</td><td>\( 6.39 \)</td><td>\( 23.24 \)</td><td>\( 39.78 \)</td><td>\( 63.24 \)</td><td>\( 844.61 \)</td></tr>
</table><p>Bestimmen Sie die exponentielle Regressionsfunktion und das Bestimmtheitsmaß \( R^2 \).</p><p>\( y = \){1:NUMERICAL:=5.22:0.01}\( \cdot exp( \){1:NUMERICAL:=0.26:0.01}\( x) \)</p> <p>\( R^2 = \){1:NUMERICAL:=0.997:0.001}</p>]]></text></questiontext></question><question type="cloze"><name><text>18 </text></name><questiontext format="html"><text><![CDATA[Gegeben sind die folgenden Wertepaare:<table class="TabelleEinleitung">
    <tr><td>\( x \)</td><td>\( 4.00 \)</td><td>\( 5.00 \)</td><td>\( 7.00 \)</td><td>\( 18.00 \)</td><td>\( 19.00 \)</td></tr>
    <tr><td>\( y \)</td><td>\( 11.25 \)</td><td>\( 27.66 \)</td><td>\( 43.87 \)</td><td>\( 637.46 \)</td><td>\( 739.13 \)</td></tr>
</table><p>Bestimmen Sie die exponentielle Regressionsfunktion und das Bestimmtheitsmaß \( R^2 \).</p><p>\( y = \){1:NUMERICAL:=5.92:0.01}\( \cdot exp( \){1:NUMERICAL:=0.26:0.01}\( x) \)</p> <p>\( R^2 = \){1:NUMERICAL:=0.982:0.001}</p>]]></text></questiontext></question><question type="cloze"><name><text>19 </text></name><questiontext format="html"><text><![CDATA[Gegeben sind die folgenden Wertepaare:<table class="TabelleEinleitung">
    <tr><td>\( x \)</td><td>\( 5.00 \)</td><td>\( 10.00 \)</td><td>\( 14.00 \)</td><td>\( 17.00 \)</td><td>\( 19.00 \)</td></tr>
    <tr><td>\( y \)</td><td>\( 21.36 \)</td><td>\( 96.42 \)</td><td>\( 356.19 \)</td><td>\( 762.80 \)</td><td>\( 1687.87 \)</td></tr>
</table><p>Bestimmen Sie die exponentielle Regressionsfunktion und das Bestimmtheitsmaß \( R^2 \).</p><p>\( y = \){1:NUMERICAL:=4.53:0.01}\( \cdot exp( \){1:NUMERICAL:=0.31:0.01}\( x) \)</p> <p>\( R^2 = \){1:NUMERICAL:=0.998:0.001}</p>]]></text></questiontext></question><question type="cloze"><name><text>20 </text></name><questiontext format="html"><text><![CDATA[Gegeben sind die folgenden Wertepaare:<table class="TabelleEinleitung">
    <tr><td>\( x \)</td><td>\( 3.00 \)</td><td>\( 7.00 \)</td><td>\( 10.00 \)</td><td>\( 11.00 \)</td><td>\( 14.00 \)</td></tr>
    <tr><td>\( y \)</td><td>\( 19.30 \)</td><td>\( 55.66 \)</td><td>\( 189.80 \)</td><td>\( 354.50 \)</td><td>\( 554.82 \)</td></tr>
</table><p>Bestimmen Sie die exponentielle Regressionsfunktion und das Bestimmtheitsmaß \( R^2 \).</p><p>\( y = \){1:NUMERICAL:=7.06:0.01}\( \cdot exp( \){1:NUMERICAL:=0.33:0.01}\( x) \)</p> <p>\( R^2 = \){1:NUMERICAL:=0.974:0.001}</p>]]></text></questiontext></question></quiz>