<?xml version="1.0" encoding="UTF-8" standalone="yes"?>
<quiz><question type="category"><category><text>LineareAlgebra/Wirtschaft/Mehrstufige Produktionsprozesse/LGSlösen/2x2</text></category><info format="html"><text /></info><idnumber /></question><question type="cloze"><name><text>01 </text></name><questiontext format="html"><text><![CDATA[Lösen Sie das lineare Gleichungssystem.<p>\( \begin{align}4x_1+7x_2&=81\\-5x_1-9x_2&=-103\\ \end{align} \)</p><p>\( x_1=\){1:NUMERICAL:=8:0} \( x_2=\){1:NUMERICAL:=7:0} </p>]]></text></questiontext></question><question type="cloze"><name><text>02 </text></name><questiontext format="html"><text><![CDATA[Lösen Sie das lineare Gleichungssystem.<p>\( \begin{align}-x_2&=-6\\-x_1+2x_2&=10\\ \end{align} \)</p><p>\( x_1=\){1:NUMERICAL:=2:0} \( x_2=\){1:NUMERICAL:=6:0} </p>]]></text></questiontext></question><question type="cloze"><name><text>03 </text></name><questiontext format="html"><text><![CDATA[Lösen Sie das lineare Gleichungssystem.<p>\( \begin{align}7x_1-2x_2&=46\\3x_1-x_2&=19\\ \end{align} \)</p><p>\( x_1=\){1:NUMERICAL:=8:0} \( x_2=\){1:NUMERICAL:=5:0} </p>]]></text></questiontext></question><question type="cloze"><name><text>04 </text></name><questiontext format="html"><text><![CDATA[Lösen Sie das lineare Gleichungssystem.<p>\( \begin{align}3x_1-4x_2&=-10\\7x_1-9x_2&=-21\\ \end{align} \)</p><p>\( x_1=\){1:NUMERICAL:=6:0} \( x_2=\){1:NUMERICAL:=7:0} </p>]]></text></questiontext></question><question type="cloze"><name><text>05 </text></name><questiontext format="html"><text><![CDATA[Lösen Sie das lineare Gleichungssystem.<p>\( \begin{align}-x_1-x_2&=-8\\x_1+2x_2&=13\\ \end{align} \)</p><p>\( x_1=\){1:NUMERICAL:=3:0} \( x_2=\){1:NUMERICAL:=5:0} </p>]]></text></questiontext></question><question type="cloze"><name><text>06 </text></name><questiontext format="html"><text><![CDATA[Lösen Sie das lineare Gleichungssystem.<p>\( \begin{align}8x_1-5x_2&=7\\13x_1-8x_2&=12\\ \end{align} \)</p><p>\( x_1=\){1:NUMERICAL:=4:0} \( x_2=\){1:NUMERICAL:=5:0} </p>]]></text></questiontext></question><question type="cloze"><name><text>07 </text></name><questiontext format="html"><text><![CDATA[Lösen Sie das lineare Gleichungssystem.<p>\( \begin{align}-x_1-3x_2&=-19\\2x_1+5x_2&=34\\ \end{align} \)</p><p>\( x_1=\){1:NUMERICAL:=7:0} \( x_2=\){1:NUMERICAL:=4:0} </p>]]></text></questiontext></question><question type="cloze"><name><text>08 </text></name><questiontext format="html"><text><![CDATA[Lösen Sie das lineare Gleichungssystem.<p>\( \begin{align}9x_1+5x_2&=55\\-2x_1-x_2&=-12\\ \end{align} \)</p><p>\( x_1=\){1:NUMERICAL:=5:0} \( x_2=\){1:NUMERICAL:=2:0} </p>]]></text></questiontext></question><question type="cloze"><name><text>09 </text></name><questiontext format="html"><text><![CDATA[Lösen Sie das lineare Gleichungssystem.<p>\( \begin{align}-x_1-2x_2&=-13\\-2x_1-3x_2&=-22\\ \end{align} \)</p><p>\( x_1=\){1:NUMERICAL:=5:0} \( x_2=\){1:NUMERICAL:=4:0} </p>]]></text></questiontext></question><question type="cloze"><name><text>10 </text></name><questiontext format="html"><text><![CDATA[Lösen Sie das lineare Gleichungssystem.<p>\( \begin{align}-2x_1-x_2&=-16\\-x_1&=-7\\ \end{align} \)</p><p>\( x_1=\){1:NUMERICAL:=7:0} \( x_2=\){1:NUMERICAL:=2:0} </p>]]></text></questiontext></question><question type="cloze"><name><text>11 </text></name><questiontext format="html"><text><![CDATA[Lösen Sie das lineare Gleichungssystem.<p>\( \begin{align}7x_1+12x_2&=71\\3x_1+5x_2&=30\\ \end{align} \)</p><p>\( x_1=\){1:NUMERICAL:=5:0} \( x_2=\){1:NUMERICAL:=3:0} </p>]]></text></questiontext></question><question type="cloze"><name><text>12 </text></name><questiontext format="html"><text><![CDATA[Lösen Sie das lineare Gleichungssystem.<p>\( \begin{align}5x_1+8x_2&=65\\3x_1+5x_2&=40\\ \end{align} \)</p><p>\( x_1=\){1:NUMERICAL:=5:0} \( x_2=\){1:NUMERICAL:=5:0} </p>]]></text></questiontext></question><question type="cloze"><name><text>13 </text></name><questiontext format="html"><text><![CDATA[Lösen Sie das lineare Gleichungssystem.<p>\( \begin{align}3x_1+x_2&=23\\-2x_1-x_2&=-16\\ \end{align} \)</p><p>\( x_1=\){1:NUMERICAL:=7:0} \( x_2=\){1:NUMERICAL:=2:0} </p>]]></text></questiontext></question><question type="cloze"><name><text>14 </text></name><questiontext format="html"><text><![CDATA[Lösen Sie das lineare Gleichungssystem.<p>\( \begin{align}-3x_1+2x_2&=-11\\-x_1+x_2&=-3\\ \end{align} \)</p><p>\( x_1=\){1:NUMERICAL:=5:0} \( x_2=\){1:NUMERICAL:=2:0} </p>]]></text></questiontext></question><question type="cloze"><name><text>15 </text></name><questiontext format="html"><text><![CDATA[Lösen Sie das lineare Gleichungssystem.<p>\( \begin{align}-3x_1-11x_2&=-75\\2x_1+7x_2&=48\\ \end{align} \)</p><p>\( x_1=\){1:NUMERICAL:=3:0} \( x_2=\){1:NUMERICAL:=6:0} </p>]]></text></questiontext></question><question type="cloze"><name><text>16 </text></name><questiontext format="html"><text><![CDATA[Lösen Sie das lineare Gleichungssystem.<p>\( \begin{align}3x_1-4x_2&=-7\\-2x_1+3x_2&=6\\ \end{align} \)</p><p>\( x_1=\){1:NUMERICAL:=3:0} \( x_2=\){1:NUMERICAL:=4:0} </p>]]></text></questiontext></question><question type="cloze"><name><text>17 </text></name><questiontext format="html"><text><![CDATA[Lösen Sie das lineare Gleichungssystem.<p>\( \begin{align}3x_1+4x_2&=48\\8x_1+11x_2&=131\\ \end{align} \)</p><p>\( x_1=\){1:NUMERICAL:=4:0} \( x_2=\){1:NUMERICAL:=9:0} </p>]]></text></questiontext></question><question type="cloze"><name><text>18 </text></name><questiontext format="html"><text><![CDATA[Lösen Sie das lineare Gleichungssystem.<p>\( \begin{align}-x_1+2x_2&=9\\x_1-x_2&=-2\\ \end{align} \)</p><p>\( x_1=\){1:NUMERICAL:=5:0} \( x_2=\){1:NUMERICAL:=7:0} </p>]]></text></questiontext></question><question type="cloze"><name><text>19 </text></name><questiontext format="html"><text><![CDATA[Lösen Sie das lineare Gleichungssystem.<p>\( \begin{align}-x_1-4x_2&=-26\\-2x_1-7x_2&=-46\\ \end{align} \)</p><p>\( x_1=\){1:NUMERICAL:=2:0} \( x_2=\){1:NUMERICAL:=6:0} </p>]]></text></questiontext></question><question type="cloze"><name><text>20 </text></name><questiontext format="html"><text><![CDATA[Lösen Sie das lineare Gleichungssystem.<p>\( \begin{align}-5x_1+3x_2&=-4\\2x_1-x_2&=3\\ \end{align} \)</p><p>\( x_1=\){1:NUMERICAL:=5:0} \( x_2=\){1:NUMERICAL:=7:0} </p>]]></text></questiontext></question></quiz>