<?xml version="1.0" encoding="UTF-8" standalone="yes"?>
<quiz><question type="category"><category><text>LineareAlgebra/Wirtschaft/Mehrstufige Produktionsprozesse/LGSlösen/3x3</text></category><info format="html"><text /></info><idnumber /></question><question type="cloze"><name><text>01 </text></name><questiontext format="html"><text><![CDATA[Lösen Sie das lineare Gleichungssystem.<p>\( \begin{align}5x_1+5x_2+4x_3&=91\\2x_1+3x_2+2x_3&=46\\3x_1+4x_2+3x_3&=65\\ \end{align} \)</p><p>\( x_1=\){1:NUMERICAL:=7:0} \( x_2=\){1:NUMERICAL:=8:0} \( x_3=\){1:NUMERICAL:=4:0} </p>]]></text></questiontext></question><question type="cloze"><name><text>02 </text></name><questiontext format="html"><text><![CDATA[Lösen Sie das lineare Gleichungssystem.<p>\( \begin{align}4x_1+3x_2-2x_3&=-5\\-x_1-x_2&=-3\\-3x_1-2x_2+3x_3&=16\\ \end{align} \)</p><p>\( x_1=\){1:NUMERICAL:=2:0} \( x_2=\){1:NUMERICAL:=1:0} \( x_3=\){1:NUMERICAL:=8:0} </p>]]></text></questiontext></question><question type="cloze"><name><text>03 </text></name><questiontext format="html"><text><![CDATA[Lösen Sie das lineare Gleichungssystem.<p>\( \begin{align}5x_1+2x_2+3x_3&=51\\11x_1+4x_2+6x_3&=106\\-8x_1-3x_2-5x_3&=-81\\ \end{align} \)</p><p>\( x_1=\){1:NUMERICAL:=4:0} \( x_2=\){1:NUMERICAL:=8:0} \( x_3=\){1:NUMERICAL:=5:0} </p>]]></text></questiontext></question><question type="cloze"><name><text>04 </text></name><questiontext format="html"><text><![CDATA[Lösen Sie das lineare Gleichungssystem.<p>\( \begin{align}4x_1+5x_2+x_3&=42\\12x_1+12x_2+5x_3&=136\\7x_1+7x_2+3x_3&=80\\ \end{align} \)</p><p>\( x_1=\){1:NUMERICAL:=6:0} \( x_2=\){1:NUMERICAL:=2:0} \( x_3=\){1:NUMERICAL:=8:0} </p>]]></text></questiontext></question><question type="cloze"><name><text>05 </text></name><questiontext format="html"><text><![CDATA[Lösen Sie das lineare Gleichungssystem.<p>\( \begin{align}8x_1-2x_2+7x_3&=63\\-5x_1+x_2-3x_3&=-29\\-4x_1+x_2-3x_3&=-27\\ \end{align} \)</p><p>\( x_1=\){1:NUMERICAL:=2:0} \( x_2=\){1:NUMERICAL:=8:0} \( x_3=\){1:NUMERICAL:=9:0} </p>]]></text></questiontext></question><question type="cloze"><name><text>06 </text></name><questiontext format="html"><text><![CDATA[Lösen Sie das lineare Gleichungssystem.<p>\( \begin{align}2x_1-x_2+2x_3&=9\\2x_1+x_3&=15\\-x_1+2x_2-3x_3&=4\\ \end{align} \)</p><p>\( x_1=\){1:NUMERICAL:=7:0} \( x_2=\){1:NUMERICAL:=7:0} \( x_3=\){1:NUMERICAL:=1:0} </p>]]></text></questiontext></question><question type="cloze"><name><text>07 </text></name><questiontext format="html"><text><![CDATA[Lösen Sie das lineare Gleichungssystem.<p>\( \begin{align}x_1+2x_2-2x_3&=7\\-x_1-3x_2+3x_3&=-6\\-2x_1-7x_2+6x_3&=-19\\ \end{align} \)</p><p>\( x_1=\){1:NUMERICAL:=9:0} \( x_2=\){1:NUMERICAL:=7:0} \( x_3=\){1:NUMERICAL:=8:0} </p>]]></text></questiontext></question><question type="cloze"><name><text>08 </text></name><questiontext format="html"><text><![CDATA[Lösen Sie das lineare Gleichungssystem.<p>\( \begin{align}-x_1-x_2+2x_3&=-4\\-4x_1-x_2+3x_3&=-25\\2x_1-x_3&=13\\ \end{align} \)</p><p>\( x_1=\){1:NUMERICAL:=8:0} \( x_2=\){1:NUMERICAL:=2:0} \( x_3=\){1:NUMERICAL:=3:0} </p>]]></text></questiontext></question><question type="cloze"><name><text>09 </text></name><questiontext format="html"><text><![CDATA[Lösen Sie das lineare Gleichungssystem.<p>\( \begin{align}-3x_1+2x_2-4x_3&=-25\\3x_1-x_2+x_3&=14\\2x_1-x_2+2x_3&=15\\ \end{align} \)</p><p>\( x_1=\){1:NUMERICAL:=5:0} \( x_2=\){1:NUMERICAL:=7:0} \( x_3=\){1:NUMERICAL:=6:0} </p>]]></text></questiontext></question><question type="cloze"><name><text>10 </text></name><questiontext format="html"><text><![CDATA[Lösen Sie das lineare Gleichungssystem.<p>\( \begin{align}3x_1+2x_2+4x_3&=22\\-x_1-2x_2+x_3&=-4\\5x_1+3x_2+7x_3&=37\\ \end{align} \)</p><p>\( x_1=\){1:NUMERICAL:=4:0} \( x_2=\){1:NUMERICAL:=1:0} \( x_3=\){1:NUMERICAL:=2:0} </p>]]></text></questiontext></question><question type="cloze"><name><text>11 </text></name><questiontext format="html"><text><![CDATA[Lösen Sie das lineare Gleichungssystem.<p>\( \begin{align}-3x_1+12x_2-8x_3&=-33\\-4x_1+17x_2-11x_3&=-43\\x_1-4x_2+3x_3&=14\\ \end{align} \)</p><p>\( x_1=\){1:NUMERICAL:=3:0} \( x_2=\){1:NUMERICAL:=4:0} \( x_3=\){1:NUMERICAL:=9:0} </p>]]></text></questiontext></question><question type="cloze"><name><text>12 </text></name><questiontext format="html"><text><![CDATA[Lösen Sie das lineare Gleichungssystem.<p>\( \begin{align}-3x_1-5x_2-4x_3&=-56\\5x_1+12x_2+9x_3&=111\\-x_1-x_2-x_3&=-16\\ \end{align} \)</p><p>\( x_1=\){1:NUMERICAL:=9:0} \( x_2=\){1:NUMERICAL:=1:0} \( x_3=\){1:NUMERICAL:=6:0} </p>]]></text></questiontext></question><question type="cloze"><name><text>13 </text></name><questiontext format="html"><text><![CDATA[Lösen Sie das lineare Gleichungssystem.<p>\( \begin{align}-x_1+2x_3&=11\\-x_1+2x_2-3x_3&=-6\\4x_1-5x_2+4x_3&=-5\\ \end{align} \)</p><p>\( x_1=\){1:NUMERICAL:=3:0} \( x_2=\){1:NUMERICAL:=9:0} \( x_3=\){1:NUMERICAL:=7:0} </p>]]></text></questiontext></question><question type="cloze"><name><text>14 </text></name><questiontext format="html"><text><![CDATA[Lösen Sie das lineare Gleichungssystem.<p>\( \begin{align}-2x_1+3x_3&=11\\4x_1+x_2-5x_3&=-11\\7x_1+2x_2-8x_3&=-14\\ \end{align} \)</p><p>\( x_1=\){1:NUMERICAL:=2:0} \( x_2=\){1:NUMERICAL:=6:0} \( x_3=\){1:NUMERICAL:=5:0} </p>]]></text></questiontext></question><question type="cloze"><name><text>15 </text></name><questiontext format="html"><text><![CDATA[Lösen Sie das lineare Gleichungssystem.<p>\( \begin{align}3x_1+x_2-2x_3&=-1\\5x_1+2x_2-2x_3&=9\\-3x_1-x_2+x_3&=-6\\ \end{align} \)</p><p>\( x_1=\){1:NUMERICAL:=3:0} \( x_2=\){1:NUMERICAL:=4:0} \( x_3=\){1:NUMERICAL:=7:0} </p>]]></text></questiontext></question><question type="cloze"><name><text>16 </text></name><questiontext format="html"><text><![CDATA[Lösen Sie das lineare Gleichungssystem.<p>\( \begin{align}5x_1+20x_2+13x_3&=153\\3x_1+12x_2+8x_3&=92\\-2x_1-9x_2-6x_3&=-68\\ \end{align} \)</p><p>\( x_1=\){1:NUMERICAL:=4:0} \( x_2=\){1:NUMERICAL:=6:0} \( x_3=\){1:NUMERICAL:=1:0} </p>]]></text></questiontext></question><question type="cloze"><name><text>17 </text></name><questiontext format="html"><text><![CDATA[Lösen Sie das lineare Gleichungssystem.<p>\( \begin{align}-x_2-x_3&=-4\\x_1-x_2-x_3&=4\\-x_1+3x_2+2x_3&=2\\ \end{align} \)</p><p>\( x_1=\){1:NUMERICAL:=8:0} \( x_2=\){1:NUMERICAL:=2:0} \( x_3=\){1:NUMERICAL:=2:0} </p>]]></text></questiontext></question><question type="cloze"><name><text>18 </text></name><questiontext format="html"><text><![CDATA[Lösen Sie das lineare Gleichungssystem.<p>\( \begin{align}-2x_1-3x_2-3x_3&=-27\\3x_2+2x_3&=18\\-3x_1-5x_2-5x_3&=-44\\ \end{align} \)</p><p>\( x_1=\){1:NUMERICAL:=3:0} \( x_2=\){1:NUMERICAL:=4:0} \( x_3=\){1:NUMERICAL:=3:0} </p>]]></text></questiontext></question><question type="cloze"><name><text>19 </text></name><questiontext format="html"><text><![CDATA[Lösen Sie das lineare Gleichungssystem.<p>\( \begin{align}-4x_1-7x_2+3x_3&=-63\\7x_1+12x_2-5x_3&=110\\2x_1+4x_2-x_3&=40\\ \end{align} \)</p><p>\( x_1=\){1:NUMERICAL:=6:0} \( x_2=\){1:NUMERICAL:=9:0} \( x_3=\){1:NUMERICAL:=8:0} </p>]]></text></questiontext></question><question type="cloze"><name><text>20 </text></name><questiontext format="html"><text><![CDATA[Lösen Sie das lineare Gleichungssystem.<p>\( \begin{align}-x_1-3x_2-3x_3&=-17\\-x_3&=-2\\2x_1+5x_2+3x_3&=26\\ \end{align} \)</p><p>\( x_1=\){1:NUMERICAL:=5:0} \( x_2=\){1:NUMERICAL:=2:0} \( x_3=\){1:NUMERICAL:=2:0} </p>]]></text></questiontext></question></quiz>