<?xml version="1.0" encoding="UTF-8" standalone="yes"?>
<quiz><question type="category"><category><text>LineareAlgebra/Wirtschaft/Mehrstufige Produktionsprozesse/LGSlösen/4x4</text></category><info format="html"><text /></info><idnumber /></question><question type="cloze"><name><text>01 </text></name><questiontext format="html"><text><![CDATA[Lösen Sie das lineare Gleichungssystem.<p>\( \begin{align}3x_1+x_2-2x_3+x_4&=6\\4x_1+3x_2-4x_3-x_4&=5\\-x_2+x_3+2x_4&=5\\5x_1+4x_2-5x_3-2x_4&=5\\ \end{align} \)</p><p>\( x_1=\){1:NUMERICAL:=1:0} \( x_2=\){1:NUMERICAL:=7:0} \( x_3=\){1:NUMERICAL:=4:0} \( x_4=\){1:NUMERICAL:=4:0} </p>]]></text></questiontext></question><question type="cloze"><name><text>02 </text></name><questiontext format="html"><text><![CDATA[Lösen Sie das lineare Gleichungssystem.<p>\( \begin{align}2x_1+x_2-x_3+2x_4&=29\\-2x_1-3x_4&=-41\\2x_1+x_2-2x_3+2x_4&=23\\3x_1+x_2-2x_3+3x_4&=39\\ \end{align} \)</p><p>\( x_1=\){1:NUMERICAL:=7:0} \( x_2=\){1:NUMERICAL:=3:0} \( x_3=\){1:NUMERICAL:=6:0} \( x_4=\){1:NUMERICAL:=9:0} </p>]]></text></questiontext></question><question type="cloze"><name><text>03 </text></name><questiontext format="html"><text><![CDATA[Lösen Sie das lineare Gleichungssystem.<p>\( \begin{align}-x_1-x_2+3x_3+2x_4&=-1\\2x_1+x_2-5x_3-4x_4&=0\\3x_1+3x_2-8x_3-5x_4&=6\\7x_1+6x_2-19x_3-12x_4&=10\\ \end{align} \)</p><p>\( x_1=\){1:NUMERICAL:=5:0} \( x_2=\){1:NUMERICAL:=3:0} \( x_3=\){1:NUMERICAL:=1:0} \( x_4=\){1:NUMERICAL:=2:0} </p>]]></text></questiontext></question><question type="cloze"><name><text>04 </text></name><questiontext format="html"><text><![CDATA[Lösen Sie das lineare Gleichungssystem.<p>\( \begin{align}2x_1+x_2-x_3-3x_4&=4\\-2x_1+x_3+2x_4&=1\\-x_1-x_2+x_3+3x_4&=3\\-x_1-x_2+x_3+2x_4&=0\\ \end{align} \)</p><p>\( x_1=\){1:NUMERICAL:=7:0} \( x_2=\){1:NUMERICAL:=8:0} \( x_3=\){1:NUMERICAL:=9:0} \( x_4=\){1:NUMERICAL:=3:0} </p>]]></text></questiontext></question><question type="cloze"><name><text>05 </text></name><questiontext format="html"><text><![CDATA[Lösen Sie das lineare Gleichungssystem.<p>\( \begin{align}8x_1+8x_2-11x_3-4x_4&=53\\2x_1+x_2-2x_3-x_4&=8\\-x_1-2x_2+2x_3+x_4&=-10\\-13x_1-10x_2+16x_3+6x_4&=-71\\ \end{align} \)</p><p>\( x_1=\){1:NUMERICAL:=7:0} \( x_2=\){1:NUMERICAL:=9:0} \( x_3=\){1:NUMERICAL:=5:0} \( x_4=\){1:NUMERICAL:=5:0} </p>]]></text></questiontext></question><question type="cloze"><name><text>06 </text></name><questiontext format="html"><text><![CDATA[Lösen Sie das lineare Gleichungssystem.<p>\( \begin{align}x_1-x_2+3x_3-3x_4&=-14\\2x_1-2x_2+x_4&=15\\-x_2+3x_3-3x_4&=-21\\x_1-x_2+4x_3-4x_4&=-20\\ \end{align} \)</p><p>\( x_1=\){1:NUMERICAL:=7:0} \( x_2=\){1:NUMERICAL:=3:0} \( x_3=\){1:NUMERICAL:=1:0} \( x_4=\){1:NUMERICAL:=7:0} </p>]]></text></questiontext></question><question type="cloze"><name><text>07 </text></name><questiontext format="html"><text><![CDATA[Lösen Sie das lineare Gleichungssystem.<p>\( \begin{align}-x_1+2x_3+2x_4&=24\\-x_1+x_3+2x_4&=17\\-4x_1-3x_2+5x_3+4x_4&=27\\4x_1+5x_2-5x_3-x_4&=7\\ \end{align} \)</p><p>\( x_1=\){1:NUMERICAL:=2:0} \( x_2=\){1:NUMERICAL:=8:0} \( x_3=\){1:NUMERICAL:=7:0} \( x_4=\){1:NUMERICAL:=6:0} </p>]]></text></questiontext></question><question type="cloze"><name><text>08 </text></name><questiontext format="html"><text><![CDATA[Lösen Sie das lineare Gleichungssystem.<p>\( \begin{align}-3x_1+3x_2+2x_3-x_4&=2\\-2x_1+2x_2+2x_3-x_4&=3\\-x_1+x_2+x_3-x_4&=-3\\x_2+x_3-x_4&=4\\ \end{align} \)</p><p>\( x_1=\){1:NUMERICAL:=7:0} \( x_2=\){1:NUMERICAL:=6:0} \( x_3=\){1:NUMERICAL:=7:0} \( x_4=\){1:NUMERICAL:=9:0} </p>]]></text></questiontext></question><question type="cloze"><name><text>09 </text></name><questiontext format="html"><text><![CDATA[Lösen Sie das lineare Gleichungssystem.<p>\( \begin{align}-11x_1+9x_2+5x_3-8x_4&=-2\\2x_1-x_2-x_3+2x_4&=7\\-x_1+x_2&=3\\-4x_1+3x_2+2x_3-3x_4&=-1\\ \end{align} \)</p><p>\( x_1=\){1:NUMERICAL:=1:0} \( x_2=\){1:NUMERICAL:=4:0} \( x_3=\){1:NUMERICAL:=9:0} \( x_4=\){1:NUMERICAL:=9:0} </p>]]></text></questiontext></question><question type="cloze"><name><text>10 </text></name><questiontext format="html"><text><![CDATA[Lösen Sie das lineare Gleichungssystem.<p>\( \begin{align}3x_1+3x_2+2x_3-3x_4&=21\\-7x_1-6x_2-6x_3+6x_4&=-55\\-2x_1-2x_2-2x_3+x_4&=-19\\3x_1+3x_2+3x_3-2x_4&=27\\ \end{align} \)</p><p>\( x_1=\){1:NUMERICAL:=7:0} \( x_2=\){1:NUMERICAL:=1:0} \( x_3=\){1:NUMERICAL:=3:0} \( x_4=\){1:NUMERICAL:=3:0} </p>]]></text></questiontext></question><question type="cloze"><name><text>11 </text></name><questiontext format="html"><text><![CDATA[Lösen Sie das lineare Gleichungssystem.<p>\( \begin{align}-4x_1+6x_2+6x_3-5x_4&=-11\\-x_1+2x_2+2x_3-2x_4&=-3\\-4x_1+5x_2+6x_3-5x_4&=-15\\-5x_1+6x_2+7x_3-6x_4&=-21\\ \end{align} \)</p><p>\( x_1=\){1:NUMERICAL:=9:0} \( x_2=\){1:NUMERICAL:=4:0} \( x_3=\){1:NUMERICAL:=6:0} \( x_4=\){1:NUMERICAL:=7:0} </p>]]></text></questiontext></question><question type="cloze"><name><text>12 </text></name><questiontext format="html"><text><![CDATA[Lösen Sie das lineare Gleichungssystem.<p>\( \begin{align}-3x_1+3x_2+4x_3&=-2\\-4x_1+2x_2+5x_3-x_4&=-9\\x_1-x_3+x_4&=5\\-5x_1+4x_2+6x_3-x_4&=-9\\ \end{align} \)</p><p>\( x_1=\){1:NUMERICAL:=8:0} \( x_2=\){1:NUMERICAL:=2:0} \( x_3=\){1:NUMERICAL:=4:0} \( x_4=\){1:NUMERICAL:=1:0} </p>]]></text></questiontext></question><question type="cloze"><name><text>13 </text></name><questiontext format="html"><text><![CDATA[Lösen Sie das lineare Gleichungssystem.<p>\( \begin{align}x_1-x_3&=-2\\-x_1-3x_2+5x_3+5x_4&=24\\-x_1-x_2+4x_3+3x_4&=23\\x_1-5x_3-3x_4&=-34\\ \end{align} \)</p><p>\( x_1=\){1:NUMERICAL:=3:0} \( x_2=\){1:NUMERICAL:=6:0} \( x_3=\){1:NUMERICAL:=5:0} \( x_4=\){1:NUMERICAL:=4:0} </p>]]></text></questiontext></question><question type="cloze"><name><text>14 </text></name><questiontext format="html"><text><![CDATA[Lösen Sie das lineare Gleichungssystem.<p>\( \begin{align}-x_1+x_3-2x_4&=-23\\-9x_1-2x_2+5x_3-11x_4&=-154\\-x_1+2x_3-x_4&=-12\\4x_1+x_2-x_3+5x_4&=72\\ \end{align} \)</p><p>\( x_1=\){1:NUMERICAL:=7:0} \( x_2=\){1:NUMERICAL:=1:0} \( x_3=\){1:NUMERICAL:=2:0} \( x_4=\){1:NUMERICAL:=9:0} </p>]]></text></questiontext></question><question type="cloze"><name><text>15 </text></name><questiontext format="html"><text><![CDATA[Lösen Sie das lineare Gleichungssystem.<p>\( \begin{align}x_1-x_2-3x_3+4x_4&=21\\x_1-2x_2-x_3+x_4&=-7\\2x_1-3x_2-3x_3+4x_4&=9\\-2x_1+3x_2+2x_3-2x_4&=5\\ \end{align} \)</p><p>\( x_1=\){1:NUMERICAL:=6:0} \( x_2=\){1:NUMERICAL:=9:0} \( x_3=\){1:NUMERICAL:=4:0} \( x_4=\){1:NUMERICAL:=9:0} </p>]]></text></questiontext></question><question type="cloze"><name><text>16 </text></name><questiontext format="html"><text><![CDATA[Lösen Sie das lineare Gleichungssystem.<p>\( \begin{align}7x_1+8x_2-5x_3+4x_4&=122\\3x_1+4x_2-2x_3+2x_4&=57\\6x_1+6x_2-4x_3+3x_4&=98\\2x_1+x_2-x_3&=22\\ \end{align} \)</p><p>\( x_1=\){1:NUMERICAL:=9:0} \( x_2=\){1:NUMERICAL:=5:0} \( x_3=\){1:NUMERICAL:=1:0} \( x_4=\){1:NUMERICAL:=6:0} </p>]]></text></questiontext></question><question type="cloze"><name><text>17 </text></name><questiontext format="html"><text><![CDATA[Lösen Sie das lineare Gleichungssystem.<p>\( \begin{align}5x_1+5x_3+3x_4&=84\\-2x_1-x_2-3x_3-x_4&=-46\\-2x_1-2x_2-3x_3&=-45\\-2x_1+x_2-2x_3-2x_4&=-33\\ \end{align} \)</p><p>\( x_1=\){1:NUMERICAL:=5:0} \( x_2=\){1:NUMERICAL:=7:0} \( x_3=\){1:NUMERICAL:=7:0} \( x_4=\){1:NUMERICAL:=8:0} </p>]]></text></questiontext></question><question type="cloze"><name><text>18 </text></name><questiontext format="html"><text><![CDATA[Lösen Sie das lineare Gleichungssystem.<p>\( \begin{align}3x_1+9x_2+12x_3+5x_4&=90\\-x_1+x_2+2x_3+2x_4&=14\\-2x_2-3x_3-2x_4&=-23\\2x_1+7x_2+9x_3+4x_4&=69\\ \end{align} \)</p><p>\( x_1=\){1:NUMERICAL:=4:0} \( x_2=\){1:NUMERICAL:=4:0} \( x_3=\){1:NUMERICAL:=1:0} \( x_4=\){1:NUMERICAL:=6:0} </p>]]></text></questiontext></question><question type="cloze"><name><text>19 </text></name><questiontext format="html"><text><![CDATA[Lösen Sie das lineare Gleichungssystem.<p>\( \begin{align}-x_1+2x_2+x_3-4x_4&=-26\\3x_1-x_2-2x_3+4x_4&=36\\x_2-x_4&=-6\\-x_1+2x_2+x_3-5x_4&=-33\\ \end{align} \)</p><p>\( x_1=\){1:NUMERICAL:=9:0} \( x_2=\){1:NUMERICAL:=1:0} \( x_3=\){1:NUMERICAL:=9:0} \( x_4=\){1:NUMERICAL:=7:0} </p>]]></text></questiontext></question><question type="cloze"><name><text>20 </text></name><questiontext format="html"><text><![CDATA[Lösen Sie das lineare Gleichungssystem.<p>\( \begin{align}5x_1-3x_2-8x_3-9x_4&=-68\\-x_1+x_2+2x_3+2x_4&=18\\x_1-x_4&=1\\-3x_1+x_2+3x_3+4x_4&=20\\ \end{align} \)</p><p>\( x_1=\){1:NUMERICAL:=9:0} \( x_2=\){1:NUMERICAL:=3:0} \( x_3=\){1:NUMERICAL:=4:0} \( x_4=\){1:NUMERICAL:=8:0} </p>]]></text></questiontext></question></quiz>