<?xml version="1.0" encoding="UTF-8" standalone="yes"?>
<quiz><question type="category"><category><text>Analysis/Wirtschaft/Marktgleichgewicht/KennzahlenRechnerisch/LinearQuadratischExp</text></category><info format="html"><text /></info><idnumber /></question><question type="cloze"><name><text>01 </text></name><questiontext format="html"><text><![CDATA[Gegeben sind die Angebotsfunktion <br/></p>\( p_A(x)=0,62x+3,2 \)<br/></p> und die Nachfragefunktion <br/></p>\( p_N(x)=15,43\cdot e^{-0,18x}-0,63 \).</p> <p>Bestimmen Sie (auf 2 NKS gerundet)<p>den Mindestangebotspreis.</p><p>{1:NUMERICAL:=3,2:0,1}</p><p>den Höchstpreis.</p><p>{1:NUMERICAL:=14,8:0,1}</p><p>die Sättigungsmenge.</p><p>{1:NUMERICAL:=17,7687:0,1}</p><p>die Gleichgewichtsmenge.</p><p>{1:NUMERICAL:=4,6327:0,1}</p><p>den Gleichgewichtspreis.</p><p>{1:NUMERICAL:=6,0723:0,1}</p>]]></text></questiontext></question><question type="cloze"><name><text>02 </text></name><questiontext format="html"><text><![CDATA[Gegeben sind die Angebotsfunktion <br/></p>\( p_A(x)=0,025x^2+0,015x+1,6 \)<br/></p> und die Nachfragefunktion <br/></p>\( p_N(x)=9,1\cdot e^{-0,21x}-0,3 \).</p> <p>Bestimmen Sie (auf 2 NKS gerundet)<p>den Mindestangebotspreis.</p><p>{1:NUMERICAL:=1,6:0,1}</p><p>den Höchstpreis.</p><p>{1:NUMERICAL:=8,8:0,1}</p><p>die Sättigungsmenge.</p><p>{1:NUMERICAL:=16,2488:0,1}</p><p>die Gleichgewichtsmenge.</p><p>{1:NUMERICAL:=5,6447:0,1}</p><p>den Gleichgewichtspreis.</p><p>{1:NUMERICAL:=2,4812:0,1}</p>]]></text></questiontext></question><question type="cloze"><name><text>03 </text></name><questiontext format="html"><text><![CDATA[Gegeben sind die Angebotsfunktion <br/></p>\( p_A(x)=-11\cdot e^{-0,05x}+14,4 \)<br/></p> und die Nachfragefunktion <br/></p>\( p_N(x)=-0,4x+15 \).</p> <p>Bestimmen Sie (auf 2 NKS gerundet)<p>den Mindestangebotspreis.</p><p>{1:NUMERICAL:=3,4:0,1}</p><p>den Höchstpreis.</p><p>{1:NUMERICAL:=15:0,1}</p><p>die Sättigungsmenge.</p><p>{1:NUMERICAL:=37,5:0,1}</p><p>die Gleichgewichtsmenge.</p><p>{1:NUMERICAL:=14,6919:0,1}</p><p>den Gleichgewichtspreis.</p><p>{1:NUMERICAL:=9,1233:0,1}</p>]]></text></questiontext></question><question type="cloze"><name><text>04 </text></name><questiontext format="html"><text><![CDATA[Gegeben sind die Angebotsfunktion <br/></p>\( p_A(x)=0,36x+2,8 \)<br/></p> und die Nachfragefunktion <br/></p>\( p_N(x)=22,66\cdot e^{-0,04x}-5,26 \).</p> <p>Bestimmen Sie (auf 2 NKS gerundet)<p>den Mindestangebotspreis.</p><p>{1:NUMERICAL:=2,8:0,1}</p><p>den Höchstpreis.</p><p>{1:NUMERICAL:=17,4:0,1}</p><p>die Sättigungsmenge.</p><p>{1:NUMERICAL:=36,5118:0,1}</p><p>die Gleichgewichtsmenge.</p><p>{1:NUMERICAL:=13,8222:0,1}</p><p>den Gleichgewichtspreis.</p><p>{1:NUMERICAL:=7,776:0,1}</p>]]></text></questiontext></question><question type="cloze"><name><text>05 </text></name><questiontext format="html"><text><![CDATA[Gegeben sind die Angebotsfunktion <br/></p>\( p_A(x)=-6,4\cdot e^{-0,078x}+8,8 \)<br/></p> und die Nachfragefunktion <br/></p>\( p_N(x)=-0,2x+8,6 \).</p> <p>Bestimmen Sie (auf 2 NKS gerundet)<p>den Mindestangebotspreis.</p><p>{1:NUMERICAL:=2,4:0,1}</p><p>den Höchstpreis.</p><p>{1:NUMERICAL:=8,6:0,1}</p><p>die Sättigungsmenge.</p><p>{1:NUMERICAL:=43:0,1}</p><p>die Gleichgewichtsmenge.</p><p>{1:NUMERICAL:=11,7737:0,1}</p><p>den Gleichgewichtspreis.</p><p>{1:NUMERICAL:=6,2453:0,1}</p>]]></text></questiontext></question><question type="cloze"><name><text>06 </text></name><questiontext format="html"><text><![CDATA[Gegeben sind die Angebotsfunktion <br/></p>\( p_A(x)=-35,5\cdot e^{-0,066x}+44 \)<br/></p> und die Nachfragefunktion <br/></p>\( p_N(x)=-0,024x^2-0,006x+44 \).</p> <p>Bestimmen Sie (auf 2 NKS gerundet)<p>den Mindestangebotspreis.</p><p>{1:NUMERICAL:=8,5:0,1}</p><p>den Höchstpreis.</p><p>{1:NUMERICAL:=44:0,1}</p><p>die Sättigungsmenge.</p><p>{1:NUMERICAL:=42,6927:0,1}</p><p>die Gleichgewichtsmenge.</p><p>{1:NUMERICAL:=19,8513:0,1}</p><p>den Gleichgewichtspreis.</p><p>{1:NUMERICAL:=34,4232:0,1}</p>]]></text></questiontext></question><question type="cloze"><name><text>07 </text></name><questiontext format="html"><text><![CDATA[Gegeben sind die Angebotsfunktion <br/></p>\( p_A(x)=-6,7\cdot e^{-0,32x}+8 \)<br/></p> und die Nachfragefunktion <br/></p>\( p_N(x)=-0,118x^2-0,11x+7,3 \).</p> <p>Bestimmen Sie (auf 2 NKS gerundet)<p>den Mindestangebotspreis.</p><p>{1:NUMERICAL:=1,3:0,1}</p><p>den Höchstpreis.</p><p>{1:NUMERICAL:=7,3:0,1}</p><p>die Sättigungsmenge.</p><p>{1:NUMERICAL:=7,4131:0,1}</p><p>die Gleichgewichtsmenge.</p><p>{1:NUMERICAL:=3,2894:0,1}</p><p>den Gleichgewichtspreis.</p><p>{1:NUMERICAL:=5,6615:0,1}</p>]]></text></questiontext></question><question type="cloze"><name><text>08 </text></name><questiontext format="html"><text><![CDATA[Gegeben sind die Angebotsfunktion <br/></p>\( p_A(x)=0,067x^2+0,1x+2,7 \)<br/></p> und die Nachfragefunktion <br/></p>\( p_N(x)=10,35\cdot e^{-0,21x}-1,85 \).</p> <p>Bestimmen Sie (auf 2 NKS gerundet)<p>den Mindestangebotspreis.</p><p>{1:NUMERICAL:=2,7:0,1}</p><p>den Höchstpreis.</p><p>{1:NUMERICAL:=8,5:0,1}</p><p>die Sättigungsmenge.</p><p>{1:NUMERICAL:=8,1991:0,1}</p><p>die Gleichgewichtsmenge.</p><p>{1:NUMERICAL:=3,0358:0,1}</p><p>den Gleichgewichtspreis.</p><p>{1:NUMERICAL:=3,6211:0,1}</p>]]></text></questiontext></question><question type="cloze"><name><text>09 </text></name><questiontext format="html"><text><![CDATA[Gegeben sind die Angebotsfunktion <br/></p>\( p_A(x)=-11,4\cdot e^{-0,5x}+14,4 \)<br/></p> und die Nachfragefunktion <br/></p>\( p_N(x)=-2,5x+17,2 \).</p> <p>Bestimmen Sie (auf 2 NKS gerundet)<p>den Mindestangebotspreis.</p><p>{1:NUMERICAL:=3:0,1}</p><p>den Höchstpreis.</p><p>{1:NUMERICAL:=17,2:0,1}</p><p>die Sättigungsmenge.</p><p>{1:NUMERICAL:=6,8801:0,1}</p><p>die Gleichgewichtsmenge.</p><p>{1:NUMERICAL:=2,4558:0,1}</p><p>den Gleichgewichtspreis.</p><p>{1:NUMERICAL:=11,0609:0,1}</p>]]></text></questiontext></question><question type="cloze"><name><text>10 </text></name><questiontext format="html"><text><![CDATA[Gegeben sind die Angebotsfunktion <br/></p>\( p_A(x)=0,15x+2 \)<br/></p> und die Nachfragefunktion <br/></p>\( p_N(x)=7,39\cdot e^{-0,106x}-0,09 \).</p> <p>Bestimmen Sie (auf 2 NKS gerundet)<p>den Mindestangebotspreis.</p><p>{1:NUMERICAL:=2:0,1}</p><p>den Höchstpreis.</p><p>{1:NUMERICAL:=7,3:0,1}</p><p>die Sättigungsmenge.</p><p>{1:NUMERICAL:=41,5856:0,1}</p><p>die Gleichgewichtsmenge.</p><p>{1:NUMERICAL:=7,7448:0,1}</p><p>den Gleichgewichtspreis.</p><p>{1:NUMERICAL:=3,1617:0,1}</p>]]></text></questiontext></question><question type="cloze"><name><text>11 </text></name><questiontext format="html"><text><![CDATA[Gegeben sind die Angebotsfunktion <br/></p>\( p_A(x)=0,016x^2+0,022x+6 \)<br/></p> und die Nachfragefunktion <br/></p>\( p_N(x)=45,75\cdot e^{-0,044x}-6,75 \).</p> <p>Bestimmen Sie (auf 2 NKS gerundet)<p>den Mindestangebotspreis.</p><p>{1:NUMERICAL:=6:0,1}</p><p>den Höchstpreis.</p><p>{1:NUMERICAL:=39:0,1}</p><p>die Sättigungsmenge.</p><p>{1:NUMERICAL:=43,4921:0,1}</p><p>die Gleichgewichtsmenge.</p><p>{1:NUMERICAL:=19,5904:0,1}</p><p>den Gleichgewichtspreis.</p><p>{1:NUMERICAL:=12,5715:0,1}</p>]]></text></questiontext></question><question type="cloze"><name><text>12 </text></name><questiontext format="html"><text><![CDATA[Gegeben sind die Angebotsfunktion <br/></p>\( p_A(x)=1,85x+7,5 \)<br/></p> und die Nachfragefunktion <br/></p>\( p_N(x)=39,49\cdot e^{-0,145x}-2,99 \).</p> <p>Bestimmen Sie (auf 2 NKS gerundet)<p>den Mindestangebotspreis.</p><p>{1:NUMERICAL:=7,5:0,1}</p><p>den Höchstpreis.</p><p>{1:NUMERICAL:=36,5:0,1}</p><p>die Sättigungsmenge.</p><p>{1:NUMERICAL:=17,7985:0,1}</p><p>die Gleichgewichtsmenge.</p><p>{1:NUMERICAL:=4,868:0,1}</p><p>den Gleichgewichtspreis.</p><p>{1:NUMERICAL:=16,5058:0,1}</p>]]></text></questiontext></question><question type="cloze"><name><text>13 </text></name><questiontext format="html"><text><![CDATA[Gegeben sind die Angebotsfunktion <br/></p>\( p_A(x)=-24,5\cdot e^{-0,1x}+37 \)<br/></p> und die Nachfragefunktion <br/></p>\( p_N(x)=-0,9x+37,5 \).</p> <p>Bestimmen Sie (auf 2 NKS gerundet)<p>den Mindestangebotspreis.</p><p>{1:NUMERICAL:=12,5:0,1}</p><p>den Höchstpreis.</p><p>{1:NUMERICAL:=37,5:0,1}</p><p>die Sättigungsmenge.</p><p>{1:NUMERICAL:=41,6667:0,1}</p><p>die Gleichgewichtsmenge.</p><p>{1:NUMERICAL:=10,2869:0,1}</p><p>den Gleichgewichtspreis.</p><p>{1:NUMERICAL:=28,2419:0,1}</p>]]></text></questiontext></question><question type="cloze"><name><text>14 </text></name><questiontext format="html"><text><![CDATA[Gegeben sind die Angebotsfunktion <br/></p>\( p_A(x)=-7\cdot e^{-0,43x}+8,4 \)<br/></p> und die Nachfragefunktion <br/></p>\( p_N(x)=-0,121x^2-0,08x+8,4 \).</p> <p>Bestimmen Sie (auf 2 NKS gerundet)<p>den Mindestangebotspreis.</p><p>{1:NUMERICAL:=1,4:0,1}</p><p>den Höchstpreis.</p><p>{1:NUMERICAL:=8,4:0,1}</p><p>die Sättigungsmenge.</p><p>{1:NUMERICAL:=8,008:0,1}</p><p>die Gleichgewichtsmenge.</p><p>{1:NUMERICAL:=3,3699:0,1}</p><p>den Gleichgewichtspreis.</p><p>{1:NUMERICAL:=6,7565:0,1}</p>]]></text></questiontext></question><question type="cloze"><name><text>15 </text></name><questiontext format="html"><text><![CDATA[Gegeben sind die Angebotsfunktion <br/></p>\( p_A(x)=-29\cdot e^{-0,38x}+36,5 \)<br/></p> und die Nachfragefunktion <br/></p>\( p_N(x)=43\cdot e^{-0,55x}-0,5 \).</p> <p>Bestimmen Sie (auf 2 NKS gerundet)<p>den Mindestangebotspreis.</p><p>{1:NUMERICAL:=7,5:0,1}</p><p>den Höchstpreis.</p><p>{1:NUMERICAL:=42,5:0,1}</p><p>die Sättigungsmenge.</p><p>{1:NUMERICAL:=8,0989:0,1}</p><p>die Gleichgewichtsmenge.</p><p>{1:NUMERICAL:=1,3969:0,1}</p><p>den Gleichgewichtspreis.</p><p>{1:NUMERICAL:=19,4445:0,1}</p>]]></text></questiontext></question><question type="cloze"><name><text>16 </text></name><questiontext format="html"><text><![CDATA[Gegeben sind die Angebotsfunktion <br/></p>\( p_A(x)=2,05x+5 \)<br/></p> und die Nachfragefunktion <br/></p>\( p_N(x)=46,25\cdot e^{-0,125x}-6,75 \).</p> <p>Bestimmen Sie (auf 2 NKS gerundet)<p>den Mindestangebotspreis.</p><p>{1:NUMERICAL:=5:0,1}</p><p>den Höchstpreis.</p><p>{1:NUMERICAL:=39,5:0,1}</p><p>die Sättigungsmenge.</p><p>{1:NUMERICAL:=15,3962:0,1}</p><p>die Gleichgewichtsmenge.</p><p>{1:NUMERICAL:=5,5467:0,1}</p><p>den Gleichgewichtspreis.</p><p>{1:NUMERICAL:=16,3707:0,1}</p>]]></text></questiontext></question><question type="cloze"><name><text>17 </text></name><questiontext format="html"><text><![CDATA[Gegeben sind die Angebotsfunktion <br/></p>\( p_A(x)=1,82x+13 \)<br/></p> und die Nachfragefunktion <br/></p>\( p_N(x)=42,16\cdot e^{-0,15x}-5,16 \).</p> <p>Bestimmen Sie (auf 2 NKS gerundet)<p>den Mindestangebotspreis.</p><p>{1:NUMERICAL:=13:0,1}</p><p>den Höchstpreis.</p><p>{1:NUMERICAL:=37:0,1}</p><p>die Sättigungsmenge.</p><p>{1:NUMERICAL:=14,0036:0,1}</p><p>die Gleichgewichtsmenge.</p><p>{1:NUMERICAL:=3,574:0,1}</p><p>den Gleichgewichtspreis.</p><p>{1:NUMERICAL:=19,5047:0,1}</p>]]></text></questiontext></question><question type="cloze"><name><text>18 </text></name><questiontext format="html"><text><![CDATA[Gegeben sind die Angebotsfunktion <br/></p>\( p_A(x)=-12,4\cdot e^{-0,046x}+15,6 \)<br/></p> und die Nachfragefunktion <br/></p>\( p_N(x)=-0,4x+14,8 \).</p> <p>Bestimmen Sie (auf 2 NKS gerundet)<p>den Mindestangebotspreis.</p><p>{1:NUMERICAL:=3,2:0,1}</p><p>den Höchstpreis.</p><p>{1:NUMERICAL:=14,8:0,1}</p><p>die Sättigungsmenge.</p><p>{1:NUMERICAL:=37:0,1}</p><p>die Gleichgewichtsmenge.</p><p>{1:NUMERICAL:=14,1609:0,1}</p><p>den Gleichgewichtspreis.</p><p>{1:NUMERICAL:=9,1357:0,1}</p>]]></text></questiontext></question><question type="cloze"><name><text>19 </text></name><questiontext format="html"><text><![CDATA[Gegeben sind die Angebotsfunktion <br/></p>\( p_A(x)=3,78x+6,5 \)<br/></p> und die Nachfragefunktion <br/></p>\( p_N(x)=44,52\cdot e^{-0,57x}-0,52 \).</p> <p>Bestimmen Sie (auf 2 NKS gerundet)<p>den Mindestangebotspreis.</p><p>{1:NUMERICAL:=6,5:0,1}</p><p>den Höchstpreis.</p><p>{1:NUMERICAL:=44:0,1}</p><p>die Sättigungsmenge.</p><p>{1:NUMERICAL:=7,8068:0,1}</p><p>die Gleichgewichtsmenge.</p><p>{1:NUMERICAL:=1,9715:0,1}</p><p>den Gleichgewichtspreis.</p><p>{1:NUMERICAL:=13,9523:0,1}</p>]]></text></questiontext></question><question type="cloze"><name><text>20 </text></name><questiontext format="html"><text><![CDATA[Gegeben sind die Angebotsfunktion <br/></p>\( p_A(x)=0,039x^2+0,02x+3,8 \)<br/></p> und die Nachfragefunktion <br/></p>\( p_N(x)=15,45\cdot e^{-0,175x}-0,85 \).</p> <p>Bestimmen Sie (auf 2 NKS gerundet)<p>den Mindestangebotspreis.</p><p>{1:NUMERICAL:=3,8:0,1}</p><p>den Höchstpreis.</p><p>{1:NUMERICAL:=14,6:0,1}</p><p>die Sättigungsmenge.</p><p>{1:NUMERICAL:=16,5722:0,1}</p><p>die Gleichgewichtsmenge.</p><p>{1:NUMERICAL:=5,4739:0,1}</p><p>den Gleichgewichtspreis.</p><p>{1:NUMERICAL:=5,0781:0,1}</p>]]></text></questiontext></question></quiz>