<?xml version="1.0" encoding="UTF-8" standalone="yes"?>
<quiz><question type="category"><category><text>Analysis/Wirtschaft/Marktgleichgewicht/Renten/BestimmungPRKR</text></category><info format="html"><text /></info><idnumber /></question><question type="cloze"><name><text>01 </text></name><questiontext format="html"><text><![CDATA[Gegeben sind die Angebotsfunktion <br/></p>\( p_A(x)=-6\cdot e^{-0,175x}+8,4 \)<br/></p> und die Nachfragefunktion <br/></p>\( p_N(x)=-0,025x^2-0,085x+8,8 \).</p> <p> Die Gleichgewichtsmenge beträgt 7,4612 ME und der Gleichgewichtspreis 6,7741 ME.</p> <p>Bestimmen Sie (auf 2 NKS gerundet)<p>die Konsumentenrente.</p><p>{1:NUMERICAL:=9,2882:0,1}</p><p>die Produzentenrente.</p><p>{1:NUMERICAL:=12,8639:0,1}</p>]]></text></questiontext></question><question type="cloze"><name><text>02 </text></name><questiontext format="html"><text><![CDATA[Gegeben sind die Angebotsfunktion <br/></p>\( p_A(x)=0,84x+2,5 \)<br/></p> und die Nachfragefunktion <br/></p>\( p_N(x)=9,87\cdot e^{-0,21x}-2,27 \).</p> <p> Die Gleichgewichtsmenge beträgt 2,016 ME und der Gleichgewichtspreis 4,1934 ME.</p> <p>Bestimmen Sie (auf 2 NKS gerundet)<p>die Konsumentenrente.</p><p>{1:NUMERICAL:=3,1921:0,1}</p><p>die Produzentenrente.</p><p>{1:NUMERICAL:=1,707:0,1}</p>]]></text></questiontext></question><question type="cloze"><name><text>03 </text></name><questiontext format="html"><text><![CDATA[Gegeben sind die Angebotsfunktion <br/></p>\( p_A(x)=-13,6\cdot e^{-0,31x}+15,8 \)<br/></p> und die Nachfragefunktion <br/></p>\( p_N(x)=-2,2x+16,4 \).</p> <p> Die Gleichgewichtsmenge beträgt 2,8377 ME und der Gleichgewichtspreis 10,1572 ME.</p> <p>Bestimmen Sie (auf 2 NKS gerundet)<p>die Konsumentenrente.</p><p>{1:NUMERICAL:=8,8574:0,1}</p><p>die Produzentenrente.</p><p>{1:NUMERICAL:=9,6557:0,1}</p>]]></text></questiontext></question><question type="cloze"><name><text>04 </text></name><questiontext format="html"><text><![CDATA[Gegeben sind die Angebotsfunktion <br/></p>\( p_A(x)=-10,8\cdot e^{-0,18x}+14,8 \)<br/></p> und die Nachfragefunktion <br/></p>\( p_N(x)=-1,1x+17,2 \).</p> <p> Die Gleichgewichtsmenge beträgt 5,7007 ME und der Gleichgewichtspreis 10,9294 ME.</p> <p>Bestimmen Sie (auf 2 NKS gerundet)<p>die Konsumentenrente.</p><p>{1:NUMERICAL:=17,8732:0,1}</p><p>die Produzentenrente.</p><p>{1:NUMERICAL:=16,4311:0,1}</p>]]></text></questiontext></question><question type="cloze"><name><text>05 </text></name><questiontext format="html"><text><![CDATA[Gegeben sind die Angebotsfunktion <br/></p>\( p_A(x)=0,75x+1,9 \)<br/></p> und die Nachfragefunktion <br/></p>\( p_N(x)=8,77\cdot e^{-0,57x}-0,07 \).</p> <p> Die Gleichgewichtsmenge beträgt 1,7316 ME und der Gleichgewichtspreis 3,1987 ME.</p> <p>Bestimmen Sie (auf 2 NKS gerundet)<p>die Konsumentenrente.</p><p>{1:NUMERICAL:=3,9917:0,1}</p><p>die Produzentenrente.</p><p>{1:NUMERICAL:=1,1244:0,1}</p>]]></text></questiontext></question><question type="cloze"><name><text>06 </text></name><questiontext format="html"><text><![CDATA[Gegeben sind die Angebotsfunktion <br/></p>\( p_A(x)=0,7x+2,6 \)<br/></p> und die Nachfragefunktion <br/></p>\( p_N(x)=-1x+15,8 \).</p> <p> Die Gleichgewichtsmenge beträgt 7,7648 ME und der Gleichgewichtspreis 8,0354 ME.</p> <p>Bestimmen Sie (auf 2 NKS gerundet)<p>die Konsumentenrente.</p><p>{1:NUMERICAL:=30,1448:0,1}</p><p>die Produzentenrente.</p><p>{1:NUMERICAL:=21,1022:0,1}</p>]]></text></questiontext></question><question type="cloze"><name><text>07 </text></name><questiontext format="html"><text><![CDATA[Gegeben sind die Angebotsfunktion <br/></p>\( p_A(x)=0,22x+4,8 \)<br/></p> und die Nachfragefunktion <br/></p>\( p_N(x)=17,76\cdot e^{-0,052x}-1,76 \).</p> <p> Die Gleichgewichtsmenge beträgt 12,4453 ME und der Gleichgewichtspreis 7,538 ME.</p> <p>Bestimmen Sie (auf 2 NKS gerundet)<p>die Konsumentenrente.</p><p>{1:NUMERICAL:=47,0159:0,1}</p><p>die Produzentenrente.</p><p>{1:NUMERICAL:=17,0374:0,1}</p>]]></text></questiontext></question><question type="cloze"><name><text>08 </text></name><questiontext format="html"><text><![CDATA[Gegeben sind die Angebotsfunktion <br/></p>\( p_A(x)=-24,5\cdot e^{-0,2x}+35 \)<br/></p> und die Nachfragefunktion <br/></p>\( p_N(x)=41,66\cdot e^{-0,43x}-1,66 \).</p> <p> Die Gleichgewichtsmenge beträgt 1,7698 ME und der Gleichgewichtspreis 17,8034 ME.</p> <p>Bestimmen Sie (auf 2 NKS gerundet)<p>die Konsumentenrente.</p><p>{1:NUMERICAL:=17,1741:0,1}</p><p>die Produzentenrente.</p><p>{1:NUMERICAL:=6,0823:0,1}</p>]]></text></questiontext></question><question type="cloze"><name><text>09 </text></name><questiontext format="html"><text><![CDATA[Gegeben sind die Angebotsfunktion <br/></p>\( p_A(x)=1,31x+5,2 \)<br/></p> und die Nachfragefunktion <br/></p>\( p_N(x)=-0,276x^2-0,01x+15,6 \).</p> <p> Die Gleichgewichtsmenge beträgt 4,1966 ME und der Gleichgewichtspreis 10,6975 ME.</p> <p>Bestimmen Sie (auf 2 NKS gerundet)<p>die Konsumentenrente.</p><p>{1:NUMERICAL:=13,686:0,1}</p><p>die Produzentenrente.</p><p>{1:NUMERICAL:=11,5355:0,1}</p>]]></text></questiontext></question><question type="cloze"><name><text>10 </text></name><questiontext format="html"><text><![CDATA[Gegeben sind die Angebotsfunktion <br/></p>\( p_A(x)=-4,8\cdot e^{-0,19x}+7,1 \)<br/></p> und die Nachfragefunktion <br/></p>\( p_N(x)=-0,023x^2-0,07x+7,2 \).</p> <p> Die Gleichgewichtsmenge beträgt 6,6093 ME und der Gleichgewichtspreis 5,7327 ME.</p> <p>Bestimmen Sie (auf 2 NKS gerundet)<p>die Konsumentenrente.</p><p>{1:NUMERICAL:=5,9556:0,1}</p><p>die Produzentenrente.</p><p>{1:NUMERICAL:=9,0298:0,1}</p>]]></text></questiontext></question><question type="cloze"><name><text>11 </text></name><questiontext format="html"><text><![CDATA[Gegeben sind die Angebotsfunktion <br/></p>\( p_A(x)=0,031x^2+0,07x+4,8 \)<br/></p> und die Nachfragefunktion <br/></p>\( p_N(x)=-0,053x^2-0,08x+16,2 \).</p> <p> Die Gleichgewichtsmenge beträgt 10,791 ME und der Gleichgewichtspreis 9,1652 ME.</p> <p>Bestimmen Sie (auf 2 NKS gerundet)<p>die Konsumentenrente.</p><p>{1:NUMERICAL:=49,0555:0,1}</p><p>die Produzentenrente.</p><p>{1:NUMERICAL:=30,0446:0,1}</p>]]></text></questiontext></question><question type="cloze"><name><text>12 </text></name><questiontext format="html"><text><![CDATA[Gegeben sind die Angebotsfunktion <br/></p>\( p_A(x)=0,526x^2+0,13x+7 \)<br/></p> und die Nachfragefunktion <br/></p>\( p_N(x)=45,02\cdot e^{-0,37x}-3,02 \).</p> <p> Die Gleichgewichtsmenge beträgt 2,9651 ME und der Gleichgewichtspreis 12,01 ME.</p> <p>Bestimmen Sie (auf 2 NKS gerundet)<p>die Konsumentenrente.</p><p>{1:NUMERICAL:=36,4899:0,1}</p><p>die Produzentenrente.</p><p>{1:NUMERICAL:=9,7129:0,1}</p>]]></text></questiontext></question><question type="cloze"><name><text>13 </text></name><questiontext format="html"><text><![CDATA[Gegeben sind die Angebotsfunktion <br/></p>\( p_A(x)=-30,5\cdot e^{-0,105x}+36,5 \)<br/></p> und die Nachfragefunktion <br/></p>\( p_N(x)=-0,179x^2-0,025x+44 \).</p> <p> Die Gleichgewichtsmenge beträgt 10,0049 ME und der Gleichgewichtspreis 25,8324 ME.</p> <p>Bestimmen Sie (auf 2 NKS gerundet)<p>die Konsumentenrente.</p><p>{1:NUMERICAL:=120,7595:0,1}</p><p>die Produzentenrente.</p><p>{1:NUMERICAL:=82,1515:0,1}</p>]]></text></questiontext></question><question type="cloze"><name><text>14 </text></name><questiontext format="html"><text><![CDATA[Gegeben sind die Angebotsfunktion <br/></p>\( p_A(x)=0,26x+4,8 \)<br/></p> und die Nachfragefunktion <br/></p>\( p_N(x)=15,48\cdot e^{-0,078x}-0,68 \).</p> <p> Die Gleichgewichtsmenge beträgt 8,8282 ME und der Gleichgewichtspreis 7,0953 ME.</p> <p>Bestimmen Sie (auf 2 NKS gerundet)<p>die Konsumentenrente.</p><p>{1:NUMERICAL:=30,1363:0,1}</p><p>die Produzentenrente.</p><p>{1:NUMERICAL:=10,1318:0,1}</p>]]></text></questiontext></question><question type="cloze"><name><text>15 </text></name><questiontext format="html"><text><![CDATA[Gegeben sind die Angebotsfunktion <br/></p>\( p_A(x)=0,041x^2+0,075x+4 \)<br/></p> und die Nachfragefunktion <br/></p>\( p_N(x)=15,5\cdot e^{-0,295x}-0,1 \).</p> <p> Die Gleichgewichtsmenge beträgt 3,8403 ME und der Gleichgewichtspreis 4,8927 ME.</p> <p>Bestimmen Sie (auf 2 NKS gerundet)<p>die Konsumentenrente.</p><p>{1:NUMERICAL:=16,445:0,1}</p><p>die Produzentenrente.</p><p>{1:NUMERICAL:=2,1011:0,1}</p>]]></text></questiontext></question><question type="cloze"><name><text>16 </text></name><questiontext format="html"><text><![CDATA[Gegeben sind die Angebotsfunktion <br/></p>\( p_A(x)=-6,2\cdot e^{-0,26x}+7,7 \)<br/></p> und die Nachfragefunktion <br/></p>\( p_N(x)=-0,6x+8,6 \).</p> <p> Die Gleichgewichtsmenge beträgt 4,6138 ME und der Gleichgewichtspreis 5,8318 ME.</p> <p>Bestimmen Sie (auf 2 NKS gerundet)<p>die Konsumentenrente.</p><p>{1:NUMERICAL:=6,3857:0,1}</p><p>die Produzentenrente.</p><p>{1:NUMERICAL:=8,0415:0,1}</p>]]></text></questiontext></question><question type="cloze"><name><text>17 </text></name><questiontext format="html"><text><![CDATA[Gegeben sind die Angebotsfunktion <br/></p>\( p_A(x)=0,71x+1,6 \)<br/></p> und die Nachfragefunktion <br/></p>\( p_N(x)=-1x+7,3 \).</p> <p> Die Gleichgewichtsmenge beträgt 3,3334 ME und der Gleichgewichtspreis 3,9667 ME.</p> <p>Bestimmen Sie (auf 2 NKS gerundet)<p>die Konsumentenrente.</p><p>{1:NUMERICAL:=5,5554:0,1}</p><p>die Produzentenrente.</p><p>{1:NUMERICAL:=3,9446:0,1}</p>]]></text></questiontext></question><question type="cloze"><name><text>18 </text></name><questiontext format="html"><text><![CDATA[Gegeben sind die Angebotsfunktion <br/></p>\( p_A(x)=-12,6\cdot e^{-0,57x}+16,4 \)<br/></p> und die Nachfragefunktion <br/></p>\( p_N(x)=19,89\cdot e^{-0,25x}-3,29 \).</p> <p> Die Gleichgewichtsmenge beträgt 1,3999 ME und der Gleichgewichtspreis 10,7268 ME.</p> <p>Bestimmen Sie (auf 2 NKS gerundet)<p>die Konsumentenrente.</p><p>{1:NUMERICAL:=3,8715:0,1}</p><p>die Produzentenrente.</p><p>{1:NUMERICAL:=4,2104:0,1}</p>]]></text></questiontext></question><question type="cloze"><name><text>19 </text></name><questiontext format="html"><text><![CDATA[Gegeben sind die Angebotsfunktion <br/></p>\( p_A(x)=0,008x^2+0,04x+3 \)<br/></p> und die Nachfragefunktion <br/></p>\( p_N(x)=-0,4x+15,2 \).</p> <p> Die Gleichgewichtsmenge beträgt 20,2625 ME und der Gleichgewichtspreis 7,0951 ME.</p> <p>Bestimmen Sie (auf 2 NKS gerundet)<p>die Konsumentenrente.</p><p>{1:NUMERICAL:=82,1127:0,1}</p><p>die Produzentenrente.</p><p>{1:NUMERICAL:=52,5802:0,1}</p>]]></text></questiontext></question><question type="cloze"><name><text>20 </text></name><questiontext format="html"><text><![CDATA[Gegeben sind die Angebotsfunktion <br/></p>\( p_A(x)=0,81x+7,5 \)<br/></p> und die Nachfragefunktion <br/></p>\( p_N(x)=43,8\cdot e^{-0,116x}-0,3 \).</p> <p> Die Gleichgewichtsmenge beträgt 9,1275 ME und der Gleichgewichtspreis 14,8933 ME.</p> <p>Bestimmen Sie (auf 2 NKS gerundet)<p>die Konsumentenrente.</p><p>{1:NUMERICAL:=107,9343:0,1}</p><p>die Produzentenrente.</p><p>{1:NUMERICAL:=33,7411:0,1}</p>]]></text></questiontext></question></quiz>