<?xml version="1.0" encoding="UTF-8" standalone="yes"?>
<quiz><question type="category"><category><text>Stochastik/Allgemein/Methoden der Wahrscheinlichkeitsrechnung/BayesUndSylvester/ohneGegUnabh</text></category><info format="html"><text /></info><idnumber /></question><question type="cloze"><name><text>01 </text></name><questiontext format="html"><text><![CDATA[Ein Hersteller von Halbleitern erhält Aufträge von Groß- und Kleinkunden. Alle Kunden können zwischen Basis- und Premium-Qualität wählen. In diesem Zusammenhang werden die folgenden Ereignisse betrachtet.</p> <p>A: Ein Großkunde bestellt Halbleiter.<br>B: Halbleiter werden in Premium-Qualität bestellt.</p> <p>Es ist bekannt, dass die Wahrscheinlichkeit, dass ein Großkunde Halbleiter bestellt, 40% beträgt, dass die Wahrscheinlichkeit, dass Halbleiter in Premium-Qualität bestellt werden, 2% beträgt und dass \( P(A\cup B) \)\( = \)\( 0,412 \).</p> <p>Berechnen Sie (auf 4 NKS gerundet)<p>die Wahrscheinlichkeit, dass ein Kleinkunde Halbleiter bestellt.</p><p>{1:NUMERICAL:=0,6:0,0001}</p><p>\( P(A\cap B) \).</p><p>{1:NUMERICAL:=0,008:0,0001}</p><p>\( P_B(A) \).</p><p>{1:NUMERICAL:=0,4:0,0001}</p><p>\( P_B(\overline{A}) \).</p><p>{1:NUMERICAL:=0,6:0,0001}</p><p>\( P(\overline{A}\cap B) \).</p><p>{1:NUMERICAL:=0,012:0,0001}</p><p>\( P_{\overline{A}}(B) \).</p><p>{1:NUMERICAL:=0,02:0,0001}</p><p>\( P(\overline{A}\cup B) \).</p><p>{1:NUMERICAL:=0,608:0,0001}</p><p>Überprüfen Sie die folgende Behauptung: Die Ereignisse A und B sind stochastisch abhängig.</p><p>{1:MC:~Richtig~=Falsch}</p>]]></text></questiontext></question><question type="cloze"><name><text>02 </text></name><questiontext format="html"><text><![CDATA[Eine Zugbegleiterin kontrolliert die Fahrscheine und das Einhalten einer pandemiebedingten Maskenpflicht in einem ICE von Hamburg nach München. In diesem Zusammenhang werden die folgenden Ereignisse betrachtet.</p> <p>A: Ein Passagier hat einen gültigen Fahrschein.<br>B: Ein Passagier trägt eine Maske.</p> <p>Es ist bekannt, dass \( P(B) \)\( = \)\( 0,828 \), dass die Wahrscheinlichkeit, dass ein Passagier einen gültigen Fahrschein hat und eine Maske trägt, 3,75% beträgt und dass die Wahrscheinlichkeit, dass ein Passagier einen gültigen Fahrschein hat oder eine Maske trägt, 94,05% beträgt.</p> <p>Berechnen Sie (auf 4 NKS gerundet)<p>\( P(\overline{B}) \).</p><p>{1:NUMERICAL:=0,172:0,0001}</p><p>die Wahrscheinlichkeit, dass ein Passagier einen gültigen Fahrschein hat.</p><p>{1:NUMERICAL:=0,15:0,0001}</p><p>die Wahrscheinlichkeit, dass ein Passagier, der eine Maske trägt, auch einen gültigen Fahrschein hat.</p><p>{1:NUMERICAL:=0,0453:0,0001}</p><p>\( P_B(\overline{A}) \).</p><p>{1:NUMERICAL:=0,9547:0,0001}</p><p>\( P(\overline{A}\cap B) \).</p><p>{1:NUMERICAL:=0,7905:0,0001}</p><p>\( P_{\overline{A}}(B) \).</p><p>{1:NUMERICAL:=0,93:0,0001}</p><p>die Wahrscheinlichkeit, dass ein Passagier keinen gültigen Fahrschein hat oder eine Maske trägt.</p><p>{1:NUMERICAL:=0,8875:0,0001}</p><p>Überprüfen Sie die folgende Behauptung: Ob ein Passagier einen gültigen Fahrschein besitzt oder nicht, hat einen Einfluss darauf, ob er eine Maske trägt.</p><p>{1:MC:~=Richtig~Falsch}</p>]]></text></questiontext></question><question type="cloze"><name><text>03 </text></name><questiontext format="html"><text><![CDATA[Ein Eisstand bietet Getränke an: Schokolade und Kaffee, jeweils entweder heiß oder kalt zubereitet. In diesem Zusammenhang werden die folgenden Ereignisse betrachtet.</p> <p>A: Ein Kunde bestellt eine Schokolade.<br>B: Ein Kunde bestellt ein heißes Getränk.</p> <p>Es ist bekannt, dass \( P(A) \)\( = \)\( 0,63 \), dass die Wahrscheinlichkeit, dass ein Kunde ein heißes Getränk bestellt, 43,53% beträgt und dass die Wahrscheinlichkeit, dass ein Kunde eine heiße Schokolade bestellt, 34,65% beträgt.</p> <p>Berechnen Sie (auf 4 NKS gerundet)<p>die Wahrscheinlichkeit, dass ein Kunde einen Kaffee bestellt.</p><p>{1:NUMERICAL:=0,37:0,0001}</p><p>\( P(A\cup B) \).</p><p>{1:NUMERICAL:=0,7188:0,0001}</p><p>\( P_A(B) \).</p><p>{1:NUMERICAL:=0,55:0,0001}</p><p>die Wahrscheinlichkeit, dass eine bestellte Schokolade kalt erwünscht ist.</p><p>{1:NUMERICAL:=0,45:0,0001}</p><p>die Wahrscheinlichkeit, dass ein Kunde eine Eisschokolade bestellt.</p><p>{1:NUMERICAL:=0,2835:0,0001}</p><p>\( P_{\overline{B}}(A) \).</p><p>{1:NUMERICAL:=0,502:0,0001}</p><p>\( P(A\cup\overline{B}) \).</p><p>{1:NUMERICAL:=0,9112:0,0001}</p><p>Überprüfen Sie die folgende Behauptung: Die Wahl eines bestellten Getränks beeinflusst nicht die gewünschte Temperatur.</p><p>{1:MC:~Richtig~=Falsch}</p>]]></text></questiontext></question><question type="cloze"><name><text>04 </text></name><questiontext format="html"><text><![CDATA[Ein angeblich verzauberter Würfel wird geworfen. Bevor man wirft, kann man einen Zauberspruch aufsagen. In diesem Zusammenhang werden die folgenden Ereignisse betrachtet.</p> <p>A: Es wird eine Sechs geworfen.<br>B: Es wird ein Zauberspruch aufgesagt.</p> <p>Es ist bekannt, dass \( P(A) \)\( = \)\( 0,38 \), dass \( P(B) \)\( = \)\( 0,46 \) und dass die Wahrscheinlichkeit, dass eine Sechs geworfen und ein Zauberspruch aufgesagt wird, 17,48% beträgt.</p> <p>Berechnen Sie (auf 4 NKS gerundet)<p>\( P(\overline{A}) \).</p><p>{1:NUMERICAL:=0,62:0,0001}</p><p>\( P(A\cup B) \).</p><p>{1:NUMERICAL:=0,6652:0,0001}</p><p>die Wahrscheinlichkeit, dass ein Zauberspruch aufgesagt wurde, wenn eine sechs geworfen wird.</p><p>{1:NUMERICAL:=0,46:0,0001}</p><p>die Wahrscheinlichkeit, dass kein Zauberspruch aufgesagt wurde, wenn eine sechs geworfen wird.</p><p>{1:NUMERICAL:=0,54:0,0001}</p><p>die Wahrscheinlichkeit, dass eine Sechs geworfen und kein Zauberspruch aufgesagt wird.</p><p>{1:NUMERICAL:=0,2052:0,0001}</p><p>die Wahrscheinlichkeit, dass eine Sechs geworfen wird, wenn kein Zauberspruch aufgesagt wurde.</p><p>{1:NUMERICAL:=0,38:0,0001}</p><p>\( P(A\cup\overline{B}) \).</p><p>{1:NUMERICAL:=0,7148:0,0001}</p><p>Überprüfen Sie die folgende Behauptung: Die Ereignisse A und B sind stochastisch unabhängig.</p><p>{1:MC:~=Richtig~Falsch}</p>]]></text></questiontext></question><question type="cloze"><name><text>05 </text></name><questiontext format="html"><text><![CDATA[Für das Controlling bei der Deutschen Bundesbank bewerben sich Mathematiker und Wirtschaftswissenschaftler mit Bachelor- oder Masterabschluss. In diesem Zusammenhang werden die folgenden Ereignisse betrachtet.</p> <p>A: Ein Bewerber ist Mathematiker.<br>B: Ein Bewerber hat einen Bachelor.</p> <p>Es ist bekannt, dass \( P(B) \)\( = \)\( 0,4441 \), dass die Wahrscheinlichkeit, dass ein Bewerber einen Bachelor in Mathematik hat, 40,42% beträgt und dass die Wahrscheinlichkeit, dass ein Bewerber Mathematiker ist oder einen Bachelor hat, 46,99% beträgt.</p> <p>Berechnen Sie (auf 4 NKS gerundet)<p>die Wahrscheinlichkeit, dass ein Bewerber einen Master hat.</p><p>{1:NUMERICAL:=0,5559:0,0001}</p><p>die Wahrscheinlichkeit, dass ein Bewerber Mathematiker ist.</p><p>{1:NUMERICAL:=0,43:0,0001}</p><p>die Wahrscheinlichkeit, dass ein Bewerber mit Bachelor Mathematiker ist.</p><p>{1:NUMERICAL:=0,9102:0,0001}</p><p>die Wahrscheinlichkeit, dass ein Bewerber mit einem Bachelor Wirtschaftswissenschaftler ist.</p><p>{1:NUMERICAL:=0,0898:0,0001}</p><p>\( P(\overline{A}\cap B) \).</p><p>{1:NUMERICAL:=0,0399:0,0001}</p><p>\( P_{\overline{A}}(B) \).</p><p>{1:NUMERICAL:=0,07:0,0001}</p><p>die Wahrscheinlichkeit, dass ein Bewerber Wirtschaftswissenschaftler ist oder einen Bachelor hat.</p><p>{1:NUMERICAL:=0,9742:0,0001}</p><p>Überprüfen Sie die folgende Behauptung: Die Fachrichtung eines Bewerbers hat keinen Einfluss darauf, ob der Bewerber einen Bachelor oder Master hat.</p><p>{1:MC:~Richtig~=Falsch}</p>]]></text></questiontext></question><question type="cloze"><name><text>06 </text></name><questiontext format="html"><text><![CDATA[Praktische Führerscheinprüfung: In diesem Zusammenhang werden die folgenden Ereignisse betrachtet.</p> <p>A: Der Prüfling besteht.<br>B: Der Prüfer ist ausgeschlafen.</p> <p>Es ist bekannt, dass die Wahrscheinlichkeit, dass ein Prüfling besteht, 45% beträgt, dass die Wahrscheinlichkeit, dass ein Prüfer ausgeschlafen ist, 55,8% beträgt und dass die Wahrscheinlichkeit, dass ein Prüfling besteht oder ein Prüfer ausgeschlafen ist, 79,65% beträgt.</p> <p>Berechnen Sie (auf 4 NKS gerundet)<p>\( P(\overline{B}) \).</p><p>{1:NUMERICAL:=0,442:0,0001}</p><p>\( P(A\cap B) \).</p><p>{1:NUMERICAL:=0,2115:0,0001}</p><p>\( P_B(A) \).</p><p>{1:NUMERICAL:=0,379:0,0001}</p><p>die Wahrscheinlichkeit, dass bei einem ausgeschlafenen Prüfer ein Prüfling durchfällt.</p><p>{1:NUMERICAL:=0,621:0,0001}</p><p>die Wahrscheinlichkeit, dass ein Prüfling durchfällt und ein Prüfer ausgeschlafen ist.</p><p>{1:NUMERICAL:=0,3465:0,0001}</p><p>\( P_{\overline{A}}(B) \).</p><p>{1:NUMERICAL:=0,63:0,0001}</p><p>die Wahrscheinlichkeit, dass ein Prüfling durchfällt oder ein Prüfer ausgeschlafen ist.</p><p>{1:NUMERICAL:=0,7615:0,0001}</p><p>Überprüfen Sie die folgende Behauptung: Die Ereignisse A und B sind stochastisch unabhängig.</p><p>{1:MC:~Richtig~=Falsch}</p>]]></text></questiontext></question><question type="cloze"><name><text>07 </text></name><questiontext format="html"><text><![CDATA[In einem Sportgeschäft werden Hanteln aus Metall und Kunststoff angeboten. Zur Schonung der Handgelenke sind einige Hanteln zudem mit einem drehbaren Griff ausgestattet. In diesem Zusammenhang werden die folgenden Ereignisse betrachtet.</p> <p>A: Eine Hantel ist aus Metall.<br>B: Eine Hantel hat einen drehbaren Griff.</p> <p>Es ist bekannt, dass \( P(A) \)\( = \)\( 0,46 \), dass \( P(B) \)\( = \)\( 0,35 \) und dass die Wahrscheinlichkeit, dass eine Hantel aus Metall ist und einen drehbaren Griff hat, 16,1% beträgt.</p> <p>Berechnen Sie (auf 4 NKS gerundet)<p>\( P(\overline{B}) \).</p><p>{1:NUMERICAL:=0,65:0,0001}</p><p>\( P(A\cup B) \).</p><p>{1:NUMERICAL:=0,649:0,0001}</p><p>\( P_A(B) \).</p><p>{1:NUMERICAL:=0,35:0,0001}</p><p>\( P_A(\overline{B}) \).</p><p>{1:NUMERICAL:=0,65:0,0001}</p><p>die Wahrscheinlichkeit, dass eine Hantel aus Metall ist und keinen drehbaren Griff hat.</p><p>{1:NUMERICAL:=0,299:0,0001}</p><p>die Wahrscheinlichkeit, dass eine Hantel ohne drehbaren Griff aus Metall ist.</p><p>{1:NUMERICAL:=0,46:0,0001}</p><p>\( P(A\cup\overline{B}) \).</p><p>{1:NUMERICAL:=0,811:0,0001}</p><p>Überprüfen Sie die folgende Behauptung: Das Material einer Hantel beeinflusst die Art die Griffes.</p><p>{1:MC:~Richtig~=Falsch}</p>]]></text></questiontext></question><question type="cloze"><name><text>08 </text></name><questiontext format="html"><text><![CDATA[Eine Fußballspielerin nimmt vor einigen Spielen Doping ein. Spiele können entweder gewonnen oder verloren werden. In diesem Zusammenhang werden die folgenden Ereignisse betrachtet.</p> <p>A: Sie gewinnt ein Spiel.<br>B: Sie dopt in einem Spiel.</p> <p>Es ist bekannt, dass die Wahrscheinlichkeit, dass sie in einem Spiel dopt, 68% beträgt, dass \( P(A\cap B) \)\( = \)\( 0,3604 \) und dass \( P(A\cup B) \)\( = \)\( 0,8496 \).</p> <p>Berechnen Sie (auf 4 NKS gerundet)<p>\( P(\overline{B}) \).</p><p>{1:NUMERICAL:=0,32:0,0001}</p><p>die Wahrscheinlichkeit, dass sie ein Spiel gewinnt.</p><p>{1:NUMERICAL:=0,53:0,0001}</p><p>die Wahrscheinlichkeit, dass sie in einem gewonnenen Spiel gedopt hat.</p><p>{1:NUMERICAL:=0,68:0,0001}</p><p>die Wahrscheinlichkeit, dass sie in einem gewonnenen Spiel nicht gedopt hat.</p><p>{1:NUMERICAL:=0,32:0,0001}</p><p>die Wahrscheinlichkeit, dass sie ein Spiel gewinnt und nicht dopt.</p><p>{1:NUMERICAL:=0,1696:0,0001}</p><p>\( P_{\overline{B}}(A) \).</p><p>{1:NUMERICAL:=0,53:0,0001}</p><p>\( P(A\cup\overline{B}) \).</p><p>{1:NUMERICAL:=0,6804:0,0001}</p><p>Überprüfen Sie die folgende Behauptung: Die Ereignisse A und B sind stochastisch abhängig.</p><p>{1:MC:~Richtig~=Falsch}</p>]]></text></questiontext></question><question type="cloze"><name><text>09 </text></name><questiontext format="html"><text><![CDATA[Ein Unternehmen stellt fest, ob seine Mitarbeiter im Home-Office oder in Präsenz arbeiten. Es gibt Voll- und Teilzeitkräfte. In diesem Zusammenhang werden die folgenden Ereignisse betrachtet.</p> <p>A: Ein Mitarbeiter arbeitet im Home-Office.<br>B: Ein Mitarbeiter arbeitet in Vollzeit.</p> <p>Es ist bekannt, dass \( P(A) \)\( = \)\( 0,19 \), dass \( P(B) \)\( = \)\( 0,4104 \) und dass \( P(A\cap B) \)\( = \)\( 0,1026 \).</p> <p>Berechnen Sie (auf 4 NKS gerundet)<p>die Wahrscheinlichkeit, dass ein Mitarbeiter teilzeit arbeitet.</p><p>{1:NUMERICAL:=0,5896:0,0001}</p><p>\( P(A\cup B) \).</p><p>{1:NUMERICAL:=0,4978:0,0001}</p><p>\( P_B(A) \).</p><p>{1:NUMERICAL:=0,25:0,0001}</p><p>die Wahrscheinlichkeit, dass eine Vollzeitkraft in Präsenz arbeitet.</p><p>{1:NUMERICAL:=0,75:0,0001}</p><p>die Wahrscheinlichkeit, dass ein Mitarbeiter vollzeit und in Präsenz arbeitet.</p><p>{1:NUMERICAL:=0,3078:0,0001}</p><p>die Wahrscheinlichkeit, dass ein Mitarbeiter in Präsenz vollzeit arbeitet.</p><p>{1:NUMERICAL:=0,38:0,0001}</p><p>\( P(\overline{A}\cup B) \).</p><p>{1:NUMERICAL:=0,9126:0,0001}</p><p>Überprüfen Sie die folgende Behauptung: Die Ereignisse A und B sind stochastisch unabhängig.</p><p>{1:MC:~Richtig~=Falsch}</p>]]></text></questiontext></question><question type="cloze"><name><text>10 </text></name><questiontext format="html"><text><![CDATA[Die Geschäftsleitung des Restaurants interessiert sich dafür, wie kinderfreundlich die konkurrierenden Restaurants der Stadt sind. In diesem Zusammenhang werden die folgenden Ereignisse betrachtet.</p> <p>A: Ein Restaurant hat einen Biergarten.<br>B: Ein Restaurant hat eine Spielecke.</p> <p>Es ist bekannt, dass \( P(A) \)\( = \)\( 0,68 \), dass die Wahrscheinlichkeit, dass ein Restaurant über eine Spielecke verfügt, 68% beträgt und dass die Wahrscheinlichkeit, dass ein Restaurant über einen Biergarten und eine Spielecke verfügt, 46,24% beträgt.</p> <p>Berechnen Sie (auf 4 NKS gerundet)<p>die Wahrscheinlichkeit, dass ein Restaurant über keinen Biergarten verfügt.</p><p>{1:NUMERICAL:=0,32:0,0001}</p><p>\( P(A\cup B) \).</p><p>{1:NUMERICAL:=0,8976:0,0001}</p><p>die Wahrscheinlichkeit, dass ein Restaurant mit Spielecke über einen Biergarten verfügt.</p><p>{1:NUMERICAL:=0,68:0,0001}</p><p>\( P_B(\overline{A}) \).</p><p>{1:NUMERICAL:=0,32:0,0001}</p><p>\( P(\overline{A}\cap B) \).</p><p>{1:NUMERICAL:=0,2176:0,0001}</p><p>\( P_{\overline{A}}(B) \).</p><p>{1:NUMERICAL:=0,68:0,0001}</p><p>die Wahrscheinlichkeit, dass ein Restaurant über keinen Biergarten oder über eine Spielecke verfügt.</p><p>{1:NUMERICAL:=0,7824:0,0001}</p><p>Überprüfen Sie die folgende Behauptung: Ob ein Restaurant einen Biergarten hat oder nicht, hat einen Einfluss darauf, ob es auch über eine Spielecke verfügt.</p><p>{1:MC:~Richtig~=Falsch}</p>]]></text></questiontext></question><question type="cloze"><name><text>11 </text></name><questiontext format="html"><text><![CDATA[In einem Gartencenter wird konventionelle und nachhaltige Holzkohle angeboten. Beide Kohlearten sind als teure Originalprodukte oder günstige Nachahmerprodukte erhältlich. In diesem Zusammenhang werden die folgenden Ereignisse betrachtet.</p> <p>A: Ein Kunde kauft nachhaltige Holzkohle.<br>B: Ein Kunde kauft ein Originalprodukt.</p> <p>Es ist bekannt, dass die Wahrscheinlichkeit, dass ein Kunde nachhaltige Holzkohle kauft, 89% beträgt, dass die Wahrscheinlichkeit, dass ein Kunde ein Originalprodukt kauft, 18,31% beträgt und dass die Wahrscheinlichkeit, dass ein Kunde ein nachhaltiges Originalprodukt kauft, 14,24% beträgt.</p> <p>Berechnen Sie (auf 4 NKS gerundet)<p>die Wahrscheinlichkeit, dass ein Kunde ein Nachahmerprodukt kauft.</p><p>{1:NUMERICAL:=0,8169:0,0001}</p><p>\( P(A\cup B) \).</p><p>{1:NUMERICAL:=0,9307:0,0001}</p><p>\( P_A(B) \).</p><p>{1:NUMERICAL:=0,16:0,0001}</p><p>\( P_A(\overline{B}) \).</p><p>{1:NUMERICAL:=0,84:0,0001}</p><p>\( P(A\cap\overline{B}) \).</p><p>{1:NUMERICAL:=0,7476:0,0001}</p><p>die Wahrscheinlichkeit, dass ein gekauftes Nachahmerprodukt nachhaltig ist.</p><p>{1:NUMERICAL:=0,9152:0,0001}</p><p>die Wahrscheinlichkeit, dass ein Kunde nachhaltige Holzkohle oder ein Nachahmerprodukt kauft.</p><p>{1:NUMERICAL:=0,9593:0,0001}</p><p>Überprüfen Sie die folgende Behauptung: Die Ereignisse A und B sind stochastisch unabhängig.</p><p>{1:MC:~Richtig~=Falsch}</p>]]></text></questiontext></question><question type="cloze"><name><text>12 </text></name><questiontext format="html"><text><![CDATA[Ein Geschäft für Heimwerkerbedarf bietet Wandfarbe in den Farben weiß und beige an, jeweils entweder matt oder glänzend. Genau ein Produkt ist im Sonderangebot. In diesem Zusammenhang werden die folgenden Ereignisse betrachtet.</p> <p>A: Weiße Farbe ist im Sonderangebot.<br>B: Matte Farbe ist im Sonderangebot.</p> <p>Es ist bekannt, dass \( P(A) \)\( = \)\( 0,51 \), dass die Wahrscheinlichkeit, dass weiße, matte Farbe im Sonderangebot ist, 47,43% beträgt und dass \( P(A\cup B) \)\( = \)\( 0,9363 \).</p> <p>Berechnen Sie (auf 4 NKS gerundet)<p>die Wahrscheinlichkeit, dass beige Farbe im Sonderangebote ist.</p><p>{1:NUMERICAL:=0,49:0,0001}</p><p>die Wahrscheinlichkeit, dass matte Farbe im Sonderangebot ist.</p><p>{1:NUMERICAL:=0,9006:0,0001}</p><p>die Wahrscheinlichkeit, dass matte Farbe im Sonderangebot weiß ist.</p><p>{1:NUMERICAL:=0,5266:0,0001}</p><p>\( P_B(\overline{A}) \).</p><p>{1:NUMERICAL:=0,4734:0,0001}</p><p>\( P(\overline{A}\cap B) \).</p><p>{1:NUMERICAL:=0,4263:0,0001}</p><p>die Wahrscheinlichkeit, dass beige Farbe im Sonderangebot matt ist.</p><p>{1:NUMERICAL:=0,87:0,0001}</p><p>die Wahrscheinlichkeit, dass beige oder matte Farbe im Sonderangebot ist.</p><p>{1:NUMERICAL:=0,9643:0,0001}</p><p>Überprüfen Sie die folgende Behauptung: Die Ereignisse A und B sind stochastisch unabhängig.</p><p>{1:MC:~Richtig~=Falsch}</p>]]></text></questiontext></question><question type="cloze"><name><text>13 </text></name><questiontext format="html"><text><![CDATA[Personen werden damit erpresst, dass Hacker angeblich Mitschnitte einer Webcam besitzen, die die Person beim Pornokonsum zeigt. In diesem Zusammenhang werden die folgenden Ereignisse betrachtet.</p> <p>A: Ein Opfer ist minderjährig.<br>B: Ein Opfer alarmiert die Polizei.</p> <p>Es ist bekannt, dass \( P(A) \)\( = \)\( 0,56 \), dass \( P(B) \)\( = \)\( 0,2352 \) und dass \( P(A\cap B) \)\( = \)\( 0,1736 \).</p> <p>Berechnen Sie (auf 4 NKS gerundet)<p>\( P(\overline{A}) \).</p><p>{1:NUMERICAL:=0,44:0,0001}</p><p>\( P(A\cup B) \).</p><p>{1:NUMERICAL:=0,6216:0,0001}</p><p>\( P_A(B) \).</p><p>{1:NUMERICAL:=0,31:0,0001}</p><p>\( P_A(\overline{B}) \).</p><p>{1:NUMERICAL:=0,69:0,0001}</p><p>\( P(A\cap\overline{B}) \).</p><p>{1:NUMERICAL:=0,3864:0,0001}</p><p>die Wahrscheinlichkeit, dass ein Opfer, das die Polizei nicht alarmiert, minderjährig ist.</p><p>{1:NUMERICAL:=0,5052:0,0001}</p><p>die Wahrscheinlichkeit, dass ein Opfer minderjährig ist oder nicht die Polizei alarmiert.</p><p>{1:NUMERICAL:=0,9384:0,0001}</p><p>Überprüfen Sie die folgende Behauptung: Das Alter des Opfers hat eine Auswirkung darauf, ob die Polizei alarmiert wird.</p><p>{1:MC:~=Richtig~Falsch}</p>]]></text></questiontext></question><question type="cloze"><name><text>14 </text></name><questiontext format="html"><text><![CDATA[In einer Glaserei können bei der Produktion von hochwertigen Weingläsern zwei Fehler auftreten: Risse und Blaseneinschlüsse. In diesem Zusammenhang werden die folgenden Ereignisse betrachtet.</p> <p>A: Ein Glas hat einen Riss.<br>B: Ein Glas hat einen Blaseneinschluss.</p> <p>Es ist bekannt, dass die Wahrscheinlichkeit, dass ein Glas einen Riss hat, 24% beträgt, dass die Wahrscheinlichkeit, dass ein Glas einen Blaseneinschluss hat, 62,76% beträgt und dass \( P(A\cup B) \)\( = \)\( 0,81 \).</p> <p>Berechnen Sie (auf 4 NKS gerundet)<p>die Wahrscheinlichkeit, dass ein Glas keinen Riss hat.</p><p>{1:NUMERICAL:=0,76:0,0001}</p><p>\( P(A\cap B) \).</p><p>{1:NUMERICAL:=0,0576:0,0001}</p><p>\( P_B(A) \).</p><p>{1:NUMERICAL:=0,0918:0,0001}</p><p>die Wahrscheinlichkeit, dass ein Glas mit Blaseneinschluss keinen Riss hat.</p><p>{1:NUMERICAL:=0,9082:0,0001}</p><p>\( P(\overline{A}\cap B) \).</p><p>{1:NUMERICAL:=0,57:0,0001}</p><p>\( P_{\overline{A}}(B) \).</p><p>{1:NUMERICAL:=0,75:0,0001}</p><p>\( P(\overline{A}\cup B) \).</p><p>{1:NUMERICAL:=0,8176:0,0001}</p><p>Überprüfen Sie die folgende Behauptung: Die Ereignisse A und B sind stochastisch abhängig.</p><p>{1:MC:~=Richtig~Falsch}</p>]]></text></questiontext></question><question type="cloze"><name><text>15 </text></name><questiontext format="html"><text><![CDATA[Amalia sucht auf einer Online-Partnerbörse den Mann fürs Leben. Neben der äußerlichen Attraktivität ist es für sie wichtig, dass ihr Partner nicht raucht. In diesem Zusammenhang werden die folgenden Ereignisse betrachtet.</p> <p>A: Ein vorgeschlagener Partner ist attraktiv.<br>B: Ein vorgeschlagener Partner raucht.</p> <p>Es ist bekannt, dass \( P(A) \)\( = \)\( 0,01 \), dass die Wahrscheinlichkeit, dass ein vorgeschlagener Partner raucht, 88,89% beträgt und dass \( P(A\cup B) \)\( = \)\( 0,8911 \).</p> <p>Berechnen Sie (auf 4 NKS gerundet)<p>\( P(\overline{B}) \).</p><p>{1:NUMERICAL:=0,1111:0,0001}</p><p>\( P(A\cap B) \).</p><p>{1:NUMERICAL:=0,0078:0,0001}</p><p>die Wahrscheinlichkeit, dass ein vorgeschlagener Raucher attraktiv ist.</p><p>{1:NUMERICAL:=0,0088:0,0001}</p><p>\( P_B(\overline{A}) \).</p><p>{1:NUMERICAL:=0,9912:0,0001}</p><p>die Wahrscheinlichkeit, dass ein vorgeschlagener Partner ein unattraktiver Raucher ist.</p><p>{1:NUMERICAL:=0,8811:0,0001}</p><p>die Wahrscheinlichkeit, dass ein vorgeschlagener, unattraktiver Partner raucht.</p><p>{1:NUMERICAL:=0,89:0,0001}</p><p>\( P(\overline{A}\cup B) \).</p><p>{1:NUMERICAL:=0,9978:0,0001}</p><p>Überprüfen Sie die folgende Behauptung: Die Ereignisse A und B sind stochastisch abhängig.</p><p>{1:MC:~=Richtig~Falsch}</p>]]></text></questiontext></question><question type="cloze"><name><text>16 </text></name><questiontext format="html"><text><![CDATA[Ein Unternehmen produziert Smartwatches, die vor dem Verkauf durch ein automatisiertes Verfahren ausgiebig getestet werden. Smartwatches mit Fehlern werden aussortiert. Allerdings kommt es auch vor, dass einige fehlerfreie Smartwatches aussortiert werden und dass einige fehlerbehaftete Smartwatches nicht aussortiert werden. In diesem Zusammenhang werden die folgenden Ereignisse betrachtet.</p> <p>A: Eine Smartwatch ist fehlerfrei.<br>B: Eine Smartwatch wird aussortiert.</p> <p>Es ist bekannt, dass die Wahrscheinlichkeit, dass eine Smartwatch aussortiert wird, 37,88% beträgt, dass die Wahrscheinlichkeit, dass eine Smartwatch fehlerfrei ist und aussortiert wird, 31,5% beträgt und dass die Wahrscheinlichkeit, dass eine Smartwatch fehlerfrei ist oder aussortiert wird, 48,38% beträgt.</p> <p>Berechnen Sie (auf 4 NKS gerundet)<p>die Wahrscheinlichkeit, dass eine Smartwatch nicht aussortiert wird.</p><p>{1:NUMERICAL:=0,6212:0,0001}</p><p>\( P(A) \).</p><p>{1:NUMERICAL:=0,42:0,0001}</p><p>\( P_B(A) \).</p><p>{1:NUMERICAL:=0,8316:0,0001}</p><p>die Wahrscheinlichkeit, dass eine aussortierte Smartwatch fehlerbehaftet ist.</p><p>{1:NUMERICAL:=0,1684:0,0001}</p><p>\( P(\overline{A}\cap B) \).</p><p>{1:NUMERICAL:=0,0638:0,0001}</p><p>die Wahrscheinlichkeit, dass eine fehlerbehaftete Smartwatch aussortiert wird.</p><p>{1:NUMERICAL:=0,11:0,0001}</p><p>die Wahrscheinlichkeit, dass eine Smartwatch fehlerbehaftet ist oder aussortiert wird.</p><p>{1:NUMERICAL:=0,895:0,0001}</p><p>Überprüfen Sie die folgende Behauptung: Die Ereignisse A und B sind stochastisch unabhängig.</p><p>{1:MC:~Richtig~=Falsch}</p>]]></text></questiontext></question><question type="cloze"><name><text>17 </text></name><questiontext format="html"><text><![CDATA[Der Besitzer einer Imbissbude interessiert sich dafür, in welchen Größen Pommes bestellt werden und ob die Pommes mit Ketchup oder Mayonnaise bestellt wird. Es gibt nur große und kleine Pommes. Zudem wird jede Pommes mit Ketchup oder Mayonnaise bestellt. In diesem Zusammenhang werden die folgenden Ereignisse betrachtet.</p> <p>A: Es wird eine große Pommes bestellt.<br>B: Es wird eine Pommes mit Ketchup bestellt.</p> <p>Es ist bekannt, dass die Wahrscheinlichkeit, dass eine große Pommes bestellt wird, 33% beträgt, dass die Wahrscheinlichkeit, dass eine Pommes mit Ketchup bestellt wird, 61,15% beträgt und dass \( P(A\cap B) \)\( = \)\( 0,3234 \).</p> <p>Berechnen Sie (auf 4 NKS gerundet)<p>\( P(\overline{B}) \).</p><p>{1:NUMERICAL:=0,3885:0,0001}</p><p>die Wahrscheinlichkeit, dass eine große Pommes oder eine Pommes mit Ketchup bestellt wird.</p><p>{1:NUMERICAL:=0,6181:0,0001}</p><p>\( P_B(A) \).</p><p>{1:NUMERICAL:=0,5289:0,0001}</p><p>\( P_B(\overline{A}) \).</p><p>{1:NUMERICAL:=0,4711:0,0001}</p><p>die Wahrscheinlichkeit, dass eine kleine Pommes mit Ketchup bestellt wird.</p><p>{1:NUMERICAL:=0,2881:0,0001}</p><p>\( P_{\overline{A}}(B) \).</p><p>{1:NUMERICAL:=0,43:0,0001}</p><p>die Wahrscheinlichkeit, dass eine kleine Pommes oder eine Pommes mit Ketchup bestellt wird.</p><p>{1:NUMERICAL:=0,9934:0,0001}</p><p>Überprüfen Sie die folgende Behauptung: Es gibt einen Zusammenhang zwischen der Größe einer bestellten Pommes und dem gewünschten Dressing.</p><p>{1:MC:~=Richtig~Falsch}</p>]]></text></questiontext></question><question type="cloze"><name><text>18 </text></name><questiontext format="html"><text><![CDATA[Ein Unternehmen verkauft neue und gebrauchte Beamer. In diesem Zusammenhang werden die folgenden Ereignisse betrachtet.</p> <p>A: Ein Kunde kauft Neuware.<br>B: Ein Kunde reklamiert das Produkt.</p> <p>Es ist bekannt, dass \( P(A) \)\( = \)\( 0,17 \), dass \( P(B) \)\( = \)\( 0,6974 \) und dass die Wahrscheinlichkeit, dass ein Kunde Neuware kauft oder die Ware reklamiert, 71,78% beträgt.</p> <p>Berechnen Sie (auf 4 NKS gerundet)<p>\( P(\overline{B}) \).</p><p>{1:NUMERICAL:=0,3026:0,0001}</p><p>\( P(A\cap B) \).</p><p>{1:NUMERICAL:=0,1496:0,0001}</p><p>die Wahrscheinlichkeit, dass ein Kunde Neuware reklamiert.</p><p>{1:NUMERICAL:=0,88:0,0001}</p><p>die Wahrscheinlichkeit, dass ein Kunde Neuware nicht reklamiert.</p><p>{1:NUMERICAL:=0,12:0,0001}</p><p>die Wahrscheinlichkeit, dass ein Kunde Neuware kauft und diese nicht reklamiert.</p><p>{1:NUMERICAL:=0,0204:0,0001}</p><p>\( P_{\overline{B}}(A) \).</p><p>{1:NUMERICAL:=0,0674:0,0001}</p><p>\( P(A\cup\overline{B}) \).</p><p>{1:NUMERICAL:=0,4522:0,0001}</p><p>Überprüfen Sie die folgende Behauptung: Ob es sich bei einem Produkt um Neu- oder Gebrauchtware handelt, hat keinen Einfluss darauf, ob es reklamiert wird.</p><p>{1:MC:~Richtig~=Falsch}</p>]]></text></questiontext></question><question type="cloze"><name><text>19 </text></name><questiontext format="html"><text><![CDATA[Eine Influencerin stellt ihren Followern zwei neue Lippenstifte vor: Ambition und Bonny. Sie möchte von ihren Followern wissen, wie sie die beiden Lippenstifte finden. In diesem Zusammenhang werden die folgenden Ereignisse betrachtet.</p> <p>A: Einem Follower gefällt Ambition.<br>B: Einem Follower gefällt Bonny.</p> <p>Es ist bekannt, dass die Wahrscheinlichkeit, dass einem Follower Ambition gefällt, 16% beträgt, dass \( P(B) \)\( = \)\( 0,6844 \) und dass \( P(A\cup B) \)\( = \)\( 0,8236 \).</p> <p>Berechnen Sie (auf 4 NKS gerundet)<p>die Wahrscheinlichkeit, dass einem Follower Ambition nicht gefällt.</p><p>{1:NUMERICAL:=0,84:0,0001}</p><p>\( P(A\cap B) \).</p><p>{1:NUMERICAL:=0,0208:0,0001}</p><p>die Wahrscheinlichkeit, dass einem Follower, dem Ambition gefällt, auch Bonny gefällt.</p><p>{1:NUMERICAL:=0,13:0,0001}</p><p>die Wahrscheinlichkeit, dass einem Follower, dem Ambition gefällt, Bonny nicht gefällt.</p><p>{1:NUMERICAL:=0,87:0,0001}</p><p>die Wahrscheinlichkeit, dass einem Follower Ambition gefällt, Bonny aber nicht.</p><p>{1:NUMERICAL:=0,1392:0,0001}</p><p>die Wahrscheinlichkeit, dass einem Follower, dem Bonny nicht gefällt, Ambition gefällt.</p><p>{1:NUMERICAL:=0,4411:0,0001}</p><p>die Wahrscheinlichkeit, dass einem Follower Ambition gefällt oder Bonny nicht gefällt.</p><p>{1:NUMERICAL:=0,3364:0,0001}</p><p>Überprüfen Sie die folgende Behauptung: Ob einem Follower Ambition gefällt, hat einen Einfluss darauf, ob ihm auch Bonny gefällt.</p><p>{1:MC:~=Richtig~Falsch}</p>]]></text></questiontext></question><question type="cloze"><name><text>20 </text></name><questiontext format="html"><text><![CDATA[Ein Lebensmittelkonzern verschafft sich einen Überblick darüber, welche seiner Produkte biologisch und regional sind. In diesem Zusammenhang werden die folgenden Ereignisse betrachtet.</p> <p>A: Ein Produkt ist biologisch.<br>B: Ein Produkt ist regional.</p> <p>Es ist bekannt, dass die Wahrscheinlichkeit, dass ein Produkt biologisch ist, 38% beträgt, dass die Wahrscheinlichkeit, dass ein Produkt regional ist, 52,66% beträgt und dass die Wahrscheinlichkeit, dass ein Produkt biologisch oder regional ist, 80,78% beträgt.</p> <p>Berechnen Sie (auf 4 NKS gerundet)<p>\( P(\overline{B}) \).</p><p>{1:NUMERICAL:=0,4734:0,0001}</p><p>die Wahrscheinlichkeit, dass ein Produkt biologisch und regional ist.</p><p>{1:NUMERICAL:=0,0988:0,0001}</p><p>die Wahrscheinlichkeit, dass ein regionales Produkt biologisch ist.</p><p>{1:NUMERICAL:=0,1876:0,0001}</p><p>\( P_B(\overline{A}) \).</p><p>{1:NUMERICAL:=0,8124:0,0001}</p><p>\( P(\overline{A}\cap B) \).</p><p>{1:NUMERICAL:=0,4278:0,0001}</p><p>die Wahrscheinlichkeit, dass ein Produkt, das nicht biologisch ist, aus der Region stammt.</p><p>{1:NUMERICAL:=0,69:0,0001}</p><p>\( P(\overline{A}\cup B) \).</p><p>{1:NUMERICAL:=0,7188:0,0001}</p><p>Überprüfen Sie die folgende Behauptung: Die Ereignisse A und B sind stochastisch unabhängig.</p><p>{1:MC:~Richtig~=Falsch}</p>]]></text></questiontext></question></quiz>