<?xml version="1.0" encoding="UTF-8" standalone="yes"?>
<quiz><question type="category"><category><text>Stochastik/Allgemein/Methoden der Wahrscheinlichkeitsrechnung/BayesUndSylvester/mitGegUnabh</text></category><info format="html"><text /></info><idnumber /></question><question type="cloze"><name><text>01 </text></name><questiontext format="html"><text><![CDATA[Ein Hersteller von Halbleitern erhält Aufträge von Groß- und Kleinkunden. Alle Kunden können zwischen Basis- und Premium-Qualität wählen. In diesem Zusammenhang werden die folgenden Ereignisse betrachtet.</p> <p>A: Ein Großkunde bestellt Halbleiter.<br>B: Halbleiter werden in Premium-Qualität bestellt.</p> <p>Es ist bekannt, dass die Wahrscheinlichkeit, dass ein Großkunde Halbleiter bestellt, 69% beträgt und dass die Wahrscheinlichkeit, dass Halbleiter in Premium-Qualität bestellt werden, 8% beträgt. Außerdem sind A und B stochastisch unabhängig.</p> <p>Berechnen Sie (auf 4 NKS gerundet)<p>\( P(\overline{B}) \).</p><p>{1:NUMERICAL:=0,92:0,0001}</p><p>die Wahrscheinlichkeit, dass eine Bestellung von einem Großkunden stammt und Premium-Qualität erfordert.</p><p>{1:NUMERICAL:=0,0552:0,0001}</p><p>\( P(A\cup B) \).</p><p>{1:NUMERICAL:=0,7148:0,0001}</p><p>die Wahrscheinlichkeit, dass der Auftrag eines Großkunden Basis-Qualität erfordert.</p><p>{1:NUMERICAL:=0,92:0,0001}</p><p>die Wahrscheinlichkeit, dass eine Bestellung von einem Großkunden stammt und Basis-Qualität erfordert.</p><p>{1:NUMERICAL:=0,6348:0,0001}</p><p>die Wahrscheinlichkeit, dass ein Auftrag in Basis-Qualität von einem Großkunden stammt.</p><p>{1:NUMERICAL:=0,69:0,0001}</p><p>\( P(A\cup\overline{B}) \).</p><p>{1:NUMERICAL:=0,9752:0,0001}</p><p>die Wahrscheinlichkeit, dass weder ein Großkunde noch ein Kleinkunde Halbleiter bestellt.</p><p>{1:NUMERICAL:=0:0,0001}</p>]]></text></questiontext></question><question type="cloze"><name><text>02 </text></name><questiontext format="html"><text><![CDATA[Eine Zugbegleiterin kontrolliert die Fahrscheine und das Einhalten einer pandemiebedingten Maskenpflicht in einem ICE von Hamburg nach München. In diesem Zusammenhang werden die folgenden Ereignisse betrachtet.</p> <p>A: Ein Passagier hat einen gültigen Fahrschein.<br>B: Ein Passagier trägt eine Maske.</p> <p>Es ist bekannt, dass die Wahrscheinlichkeit, dass ein Passagier eine Maske trägt, 84% beträgt und dass \( P(A\cup B) \)\( = \)\( 0,9504 \). Außerdem sind A und B stochastisch unabhängig.</p> <p>Berechnen Sie (auf 4 NKS gerundet)<p>\( P(\overline{B}) \).</p><p>{1:NUMERICAL:=0,16:0,0001}</p><p>die Wahrscheinlichkeit, dass ein Passagier einen gültigen Fahrschein hat.</p><p>{1:NUMERICAL:=0,69:0,0001}</p><p>die Wahrscheinlichkeit, dass ein Passagier einen gültigen Fahrschein hat und eine Maske trägt.</p><p>{1:NUMERICAL:=0,5796:0,0001}</p><p>die Wahrscheinlichkeit, dass ein Passagier, der eine Maske trägt, keinen gültigen Fahrschein hat.</p><p>{1:NUMERICAL:=0,31:0,0001}</p><p>die Wahrscheinlichkeit, dass ein Passagier keinen gültigen Fahrschein hat und eine Maske trägt.</p><p>{1:NUMERICAL:=0,2604:0,0001}</p><p>die Wahrscheinlichkeit, dass ein Passagier ohne gültigen Fahrschein eine Maske trägt</p><p>{1:NUMERICAL:=0,84:0,0001}</p><p>die Wahrscheinlichkeit, dass ein Passagier keinen gültigen Fahrschein hat oder eine Maske trägt.</p><p>{1:NUMERICAL:=0,8896:0,0001}</p><p>\( P_{\overline{A}}(\overline{B}) \).</p><p>{1:NUMERICAL:=0,16:0,0001}</p>]]></text></questiontext></question><question type="cloze"><name><text>03 </text></name><questiontext format="html"><text><![CDATA[Ein Eisstand bietet Getränke an: Schokolade und Kaffee, jeweils entweder heiß oder kalt zubereitet. In diesem Zusammenhang werden die folgenden Ereignisse betrachtet.</p> <p>A: Ein Kunde bestellt eine Schokolade.<br>B: Ein Kunde bestellt ein heißes Getränk.</p> <p>Es ist bekannt, dass \( P(A) \)\( = \)\( 0,2 \) und dass \( P(A\cup B) \)\( = \)\( 0,912 \). Außerdem sind A und B stochastisch unabhängig.</p> <p>Berechnen Sie (auf 4 NKS gerundet)<p>\( P(\overline{A}) \).</p><p>{1:NUMERICAL:=0,8:0,0001}</p><p>die Wahrscheinlichkeit, dass ein Kunde ein heißes Getränk bestellt.</p><p>{1:NUMERICAL:=0,89:0,0001}</p><p>\( P(A\cap B) \).</p><p>{1:NUMERICAL:=0,178:0,0001}</p><p>die Wahrscheinlichkeit, dass ein bestelltes heißes Getränk ein Kaffee ist.</p><p>{1:NUMERICAL:=0,8:0,0001}</p><p>die Wahrscheinlichkeit, dass ein Kunde einen heißen Kaffee bestellt.</p><p>{1:NUMERICAL:=0,712:0,0001}</p><p>die Wahrscheinlichkeit, dass ein bestellter Kaffee heiß erwünscht ist.</p><p>{1:NUMERICAL:=0,89:0,0001}</p><p>\( P(\overline{A}\cup B) \).</p><p>{1:NUMERICAL:=0,978:0,0001}</p><p>die Wahrscheinlichkeit, dass ein bestellter Kaffee kalt erwünscht ist.</p><p>{1:NUMERICAL:=0,11:0,0001}</p>]]></text></questiontext></question><question type="cloze"><name><text>04 </text></name><questiontext format="html"><text><![CDATA[Ein angeblich verzauberter Würfel wird geworfen. Bevor man wirft, kann man einen Zauberspruch aufsagen. In diesem Zusammenhang werden die folgenden Ereignisse betrachtet.</p> <p>A: Es wird eine Sechs geworfen.<br>B: Es wird ein Zauberspruch aufgesagt.</p> <p>Es ist bekannt, dass die Wahrscheinlichkeit, dass ein Zauberspruch aufgesagt wird, 55% beträgt und dass \( P(A\cup B) \)\( = \)\( 0,982 \). Außerdem sind A und B stochastisch unabhängig.</p> <p>Berechnen Sie (auf 4 NKS gerundet)<p>die Wahrscheinlichkeit, dass kein Zauberspruch aufgesagt wird.</p><p>{1:NUMERICAL:=0,45:0,0001}</p><p>\( P(A) \).</p><p>{1:NUMERICAL:=0,96:0,0001}</p><p>\( P(A\cap B) \).</p><p>{1:NUMERICAL:=0,528:0,0001}</p><p>die Wahrscheinlichkeit, dass keine Sechs geworfen wird, wenn ein Zauberspruch aufgesagt wurde.</p><p>{1:NUMERICAL:=0,04:0,0001}</p><p>\( P(\overline{A}\cap B) \).</p><p>{1:NUMERICAL:=0,022:0,0001}</p><p>die Wahrscheinlichkeit, dass ein Zauberspruch aufgesagt wurde, wenn keine sechs geworfen wird.</p><p>{1:NUMERICAL:=0,55:0,0001}</p><p>\( P(\overline{A}\cup B) \).</p><p>{1:NUMERICAL:=0,568:0,0001}</p><p>die Wahrscheinlichkeit, dass kein Zauberspruch aufgesagt wurde, wenn keine sechs geworfen wird.</p><p>{1:NUMERICAL:=0,45:0,0001}</p>]]></text></questiontext></question><question type="cloze"><name><text>05 </text></name><questiontext format="html"><text><![CDATA[Für das Controlling bei der Deutschen Bundesbank bewerben sich Mathematiker und Wirtschaftswissenschaftler mit Bachelor- oder Masterabschluss. In diesem Zusammenhang werden die folgenden Ereignisse betrachtet.</p> <p>A: Ein Bewerber ist Mathematiker.<br>B: Ein Bewerber hat einen Bachelor.</p> <p>Es ist bekannt, dass die Wahrscheinlichkeit, dass ein Bewerber einen Bachelor hat, 84% beträgt und dass die Wahrscheinlichkeit, dass ein Bewerber einen Bachelor in Mathematik hat, 71,4% beträgt. Außerdem sind A und B stochastisch unabhängig.</p> <p>Berechnen Sie (auf 4 NKS gerundet)<p>die Wahrscheinlichkeit, dass ein Bewerber einen Master hat.</p><p>{1:NUMERICAL:=0,16:0,0001}</p><p>die Wahrscheinlichkeit, dass ein Bewerber Mathematiker ist.</p><p>{1:NUMERICAL:=0,85:0,0001}</p><p>\( P(A\cup B) \).</p><p>{1:NUMERICAL:=0,976:0,0001}</p><p>\( P_A(\overline{B}) \).</p><p>{1:NUMERICAL:=0,16:0,0001}</p><p>die Wahrscheinlichkeit, dass ein Bewerber einen Master in Mathematik hat.</p><p>{1:NUMERICAL:=0,136:0,0001}</p><p>\( P_{\overline{B}}(A) \).</p><p>{1:NUMERICAL:=0,85:0,0001}</p><p>\( P(A\cup\overline{B}) \).</p><p>{1:NUMERICAL:=0,874:0,0001}</p><p>\( P(B\cap\overline{B}) \).</p><p>{1:NUMERICAL:=0:0,0001}</p>]]></text></questiontext></question><question type="cloze"><name><text>06 </text></name><questiontext format="html"><text><![CDATA[Praktische Führerscheinprüfung: In diesem Zusammenhang werden die folgenden Ereignisse betrachtet.</p> <p>A: Der Prüfling besteht.<br>B: Der Prüfer ist ausgeschlafen.</p> <p>Es ist bekannt, dass \( P(A) \)\( = \)\( 0,45 \) und dass die Wahrscheinlichkeit, dass ein Prüfling besteht oder ein Prüfer ausgeschlafen ist, 49,95% beträgt. Außerdem sind A und B stochastisch unabhängig.</p> <p>Berechnen Sie (auf 4 NKS gerundet)<p>die Wahrscheinlichkeit, dass ein Prüfling durchfällt.</p><p>{1:NUMERICAL:=0,55:0,0001}</p><p>\( P(B) \).</p><p>{1:NUMERICAL:=0,09:0,0001}</p><p>die Wahrscheinlichkeit, dass ein Prüfling besteht und ein Prüfer ausgeschlafen ist.</p><p>{1:NUMERICAL:=0,0405:0,0001}</p><p>\( P_A(\overline{B}) \).</p><p>{1:NUMERICAL:=0,91:0,0001}</p><p>die Wahrscheinlichkeit, dass ein Prüfling besteht und ein Prüfer nicht ausgeschlafen ist.</p><p>{1:NUMERICAL:=0,4095:0,0001}</p><p>die Wahrscheinlichkeit, dass bei einem nicht ausgeschlafenen Prüfer ein Prüfling besteht.</p><p>{1:NUMERICAL:=0,45:0,0001}</p><p>die Wahrscheinlichkeit, dass ein Prüfling besteht oder ein Prüfer nicht ausgeschlafen ist.</p><p>{1:NUMERICAL:=0,9505:0,0001}</p><p>\( P(A\cap\overline{A}) \).</p><p>{1:NUMERICAL:=0:0,0001}</p>]]></text></questiontext></question><question type="cloze"><name><text>07 </text></name><questiontext format="html"><text><![CDATA[In einem Sportgeschäft werden Hanteln aus Metall und Kunststoff angeboten. Zur Schonung der Handgelenke sind einige Hanteln zudem mit einem drehbaren Griff ausgestattet. In diesem Zusammenhang werden die folgenden Ereignisse betrachtet.</p> <p>A: Eine Hantel ist aus Metall.<br>B: Eine Hantel hat einen drehbaren Griff.</p> <p>Es ist bekannt, dass die Wahrscheinlichkeit, dass eine Hantel aus Metall ist, 75% beträgt und dass die Wahrscheinlichkeit, dass eine Hantel einen drehbaren Griff hat, 32% beträgt. Außerdem sind A und B stochastisch unabhängig.</p> <p>Berechnen Sie (auf 4 NKS gerundet)<p>die Wahrscheinlichkeit, dass eine Hantel aus Kunststoff ist.</p><p>{1:NUMERICAL:=0,25:0,0001}</p><p>die Wahrscheinlichkeit, dass eine Hantel aus Metall ist und einen drehbaren Griff hat.</p><p>{1:NUMERICAL:=0,24:0,0001}</p><p>\( P(A\cup B) \).</p><p>{1:NUMERICAL:=0,83:0,0001}</p><p>\( P_A(\overline{B}) \).</p><p>{1:NUMERICAL:=0,68:0,0001}</p><p>\( P(A\cap\overline{B}) \).</p><p>{1:NUMERICAL:=0,51:0,0001}</p><p>die Wahrscheinlichkeit, dass eine Hantel ohne drehbaren Griff aus Metall ist.</p><p>{1:NUMERICAL:=0,75:0,0001}</p><p>die Wahrscheinlichkeit, dass eine Hantel aus Metall ist oder keinen drehbaren Griff hat.</p><p>{1:NUMERICAL:=0,92:0,0001}</p><p>die Wahrscheinlichkeit, dass eine Hantel weder aus Metall noch aus Kunststoff ist.</p><p>{1:NUMERICAL:=0:0,0001}</p>]]></text></questiontext></question><question type="cloze"><name><text>08 </text></name><questiontext format="html"><text><![CDATA[Eine Fußballspielerin nimmt vor einigen Spielen Doping ein. Spiele können entweder gewonnen oder verloren werden. In diesem Zusammenhang werden die folgenden Ereignisse betrachtet.</p> <p>A: Sie gewinnt ein Spiel.<br>B: Sie dopt in einem Spiel.</p> <p>Es ist bekannt, dass \( P(A) \)\( = \)\( 0,03 \) und dass \( P(B) \)\( = \)\( 0,06 \). Außerdem sind A und B stochastisch unabhängig.</p> <p>Berechnen Sie (auf 4 NKS gerundet)<p>\( P(\overline{A}) \).</p><p>{1:NUMERICAL:=0,97:0,0001}</p><p>\( P(A\cap B) \).</p><p>{1:NUMERICAL:=0,0018:0,0001}</p><p>\( P(A\cup B) \).</p><p>{1:NUMERICAL:=0,0882:0,0001}</p><p>die Wahrscheinlichkeit, dass sie in einem gewonnenen Spiel nicht gedopt hat.</p><p>{1:NUMERICAL:=0,94:0,0001}</p><p>die Wahrscheinlichkeit, dass sie ein Spiel gewinnt und nicht dopt.</p><p>{1:NUMERICAL:=0,0282:0,0001}</p><p>\( P_{\overline{B}}(A) \).</p><p>{1:NUMERICAL:=0,03:0,0001}</p><p>\( P(A\cup\overline{B}) \).</p><p>{1:NUMERICAL:=0,9418:0,0001}</p><p>die Wahrscheinlichkeit, dass sie ein Spiel weder gewinnt noch verliert.</p><p>{1:NUMERICAL:=0:0,0001}</p>]]></text></questiontext></question><question type="cloze"><name><text>09 </text></name><questiontext format="html"><text><![CDATA[Ein Unternehmen stellt fest, ob seine Mitarbeiter im Home-Office oder in Präsenz arbeiten. Es gibt Voll- und Teilzeitkräfte. In diesem Zusammenhang werden die folgenden Ereignisse betrachtet.</p> <p>A: Ein Mitarbeiter arbeitet im Home-Office.<br>B: Ein Mitarbeiter arbeitet in Vollzeit.</p> <p>Es ist bekannt, dass \( P(A) \)\( = \)\( 0,07 \) und dass die Wahrscheinlichkeit, dass ein Mitarbeiter im Home-Office oder vollzeit arbeitet, 36,76% beträgt. Außerdem sind A und B stochastisch unabhängig.</p> <p>Berechnen Sie (auf 4 NKS gerundet)<p>\( P(\overline{A}) \).</p><p>{1:NUMERICAL:=0,93:0,0001}</p><p>die Wahrscheinlichkeit, dass ein Mitarbeiter vollzeit arbeitet.</p><p>{1:NUMERICAL:=0,32:0,0001}</p><p>\( P(A\cap B) \).</p><p>{1:NUMERICAL:=0,0224:0,0001}</p><p>\( P_B(\overline{A}) \).</p><p>{1:NUMERICAL:=0,93:0,0001}</p><p>die Wahrscheinlichkeit, dass ein Mitarbeiter vollzeit und in Präsenz arbeitet.</p><p>{1:NUMERICAL:=0,2976:0,0001}</p><p>\( P_{\overline{A}}(B) \).</p><p>{1:NUMERICAL:=0,32:0,0001}</p><p>die Wahrscheinlichkeit, dass ein Mitarbeiter in Präsenz oder vollzeit arbeitet.</p><p>{1:NUMERICAL:=0,9524:0,0001}</p><p>\( P_{\overline{A}}(\overline{B}) \).</p><p>{1:NUMERICAL:=0,68:0,0001}</p>]]></text></questiontext></question><question type="cloze"><name><text>10 </text></name><questiontext format="html"><text><![CDATA[Die Geschäftsleitung des Restaurants interessiert sich dafür, wie kinderfreundlich die konkurrierenden Restaurants der Stadt sind. In diesem Zusammenhang werden die folgenden Ereignisse betrachtet.</p> <p>A: Ein Restaurant hat einen Biergarten.<br>B: Ein Restaurant hat eine Spielecke.</p> <p>Es ist bekannt, dass die Wahrscheinlichkeit, dass ein Restaurant über einen Biergarten verfügt, 78% beträgt und dass die Wahrscheinlichkeit, dass ein Restaurant über eine Spielecke verfügt, 82% beträgt. Außerdem sind A und B stochastisch unabhängig.</p> <p>Berechnen Sie (auf 4 NKS gerundet)<p>\( P(\overline{A}) \).</p><p>{1:NUMERICAL:=0,22:0,0001}</p><p>\( P(A\cap B) \).</p><p>{1:NUMERICAL:=0,6396:0,0001}</p><p>die Wahrscheinlichkeit, dass ein Restaurant über einen Biergarten oder eine Spielecke verfügt.</p><p>{1:NUMERICAL:=0,9604:0,0001}</p><p>die Wahrscheinlichkeit, dass ein Restaurant mit Spielecke über keinen Biergarten verfügt.</p><p>{1:NUMERICAL:=0,22:0,0001}</p><p>\( P(\overline{A}\cap B) \).</p><p>{1:NUMERICAL:=0,1804:0,0001}</p><p>\( P_{\overline{A}}(B) \).</p><p>{1:NUMERICAL:=0,82:0,0001}</p><p>die Wahrscheinlichkeit, dass ein Restaurant über keinen Biergarten oder über eine Spielecke verfügt.</p><p>{1:NUMERICAL:=0,8596:0,0001}</p><p>die Wahrscheinlichkeit, dass ein Restaurant ohne Biergarten über keine Spielecke verfügt.</p><p>{1:NUMERICAL:=0,18:0,0001}</p>]]></text></questiontext></question><question type="cloze"><name><text>11 </text></name><questiontext format="html"><text><![CDATA[In einem Gartencenter wird konventionelle und nachhaltige Holzkohle angeboten. Beide Kohlearten sind als teure Originalprodukte oder günstige Nachahmerprodukte erhältlich. In diesem Zusammenhang werden die folgenden Ereignisse betrachtet.</p> <p>A: Ein Kunde kauft nachhaltige Holzkohle.<br>B: Ein Kunde kauft ein Originalprodukt.</p> <p>Es ist bekannt, dass \( P(B) \)\( = \)\( 0,82 \) und dass \( P(A\cap B) \)\( = \)\( 0,5084 \). Außerdem sind A und B stochastisch unabhängig.</p> <p>Berechnen Sie (auf 4 NKS gerundet)<p>\( P(\overline{B}) \).</p><p>{1:NUMERICAL:=0,18:0,0001}</p><p>die Wahrscheinlichkeit, dass ein Kunde nachhaltige Holzkohle kauft.</p><p>{1:NUMERICAL:=0,62:0,0001}</p><p>die Wahrscheinlichkeit, dass ein Kunde nachhaltige Holzkohle oder ein Originalprodukt kauft.</p><p>{1:NUMERICAL:=0,9316:0,0001}</p><p>\( P_B(\overline{A}) \).</p><p>{1:NUMERICAL:=0,38:0,0001}</p><p>\( P(\overline{A}\cap B) \).</p><p>{1:NUMERICAL:=0,3116:0,0001}</p><p>die Wahrscheinlichkeit, dass gekaufte konventionelle Holzkohle ein Originalprodukt ist.</p><p>{1:NUMERICAL:=0,82:0,0001}</p><p>die Wahrscheinlichkeit, dass ein Kunde konventionelle Holzkohle oder ein Originalprodukt kauft.</p><p>{1:NUMERICAL:=0,8884:0,0001}</p><p>die Wahrscheinlichkeit, dass gekaufte konventionelle Holzkohle ein Nachahmerprodukt ist.</p><p>{1:NUMERICAL:=0,18:0,0001}</p>]]></text></questiontext></question><question type="cloze"><name><text>12 </text></name><questiontext format="html"><text><![CDATA[Ein Geschäft für Heimwerkerbedarf bietet Wandfarbe in den Farben weiß und beige an, jeweils entweder matt oder glänzend. Genau ein Produkt ist im Sonderangebot. In diesem Zusammenhang werden die folgenden Ereignisse betrachtet.</p> <p>A: Weiße Farbe ist im Sonderangebot.<br>B: Matte Farbe ist im Sonderangebot.</p> <p>Es ist bekannt, dass die Wahrscheinlichkeit, dass weiße Farbe im Sonderangebot ist, 38% beträgt und dass \( P(B) \)\( = \)\( 0,64 \). Außerdem sind A und B stochastisch unabhängig.</p> <p>Berechnen Sie (auf 4 NKS gerundet)<p>\( P(\overline{B}) \).</p><p>{1:NUMERICAL:=0,36:0,0001}</p><p>die Wahrscheinlichkeit, dass weiße, matte Farbe im Sonderangebot ist.</p><p>{1:NUMERICAL:=0,2432:0,0001}</p><p>die Wahrscheinlichkeit, dass weiße oder matte Farbe im Sonderangebot ist.</p><p>{1:NUMERICAL:=0,7768:0,0001}</p><p>\( P_A(\overline{B}) \).</p><p>{1:NUMERICAL:=0,36:0,0001}</p><p>\( P(A\cap\overline{B}) \).</p><p>{1:NUMERICAL:=0,1368:0,0001}</p><p>\( P_{\overline{B}}(A) \).</p><p>{1:NUMERICAL:=0,38:0,0001}</p><p>\( P(A\cup\overline{B}) \).</p><p>{1:NUMERICAL:=0,6032:0,0001}</p><p>\( P(A\cap\overline{A}) \).</p><p>{1:NUMERICAL:=0:0,0001}</p>]]></text></questiontext></question><question type="cloze"><name><text>13 </text></name><questiontext format="html"><text><![CDATA[Personen werden damit erpresst, dass Hacker angeblich Mitschnitte einer Webcam besitzen, die die Person beim Pornokonsum zeigt. In diesem Zusammenhang werden die folgenden Ereignisse betrachtet.</p> <p>A: Ein Opfer ist minderjährig.<br>B: Ein Opfer alarmiert die Polizei.</p> <p>Es ist bekannt, dass \( P(A) \)\( = \)\( 0,33 \) und dass die Wahrscheinlichkeit, dass ein Opfer die Polizei alarmiert, 48% beträgt. Außerdem sind A und B stochastisch unabhängig.</p> <p>Berechnen Sie (auf 4 NKS gerundet)<p>\( P(\overline{A}) \).</p><p>{1:NUMERICAL:=0,67:0,0001}</p><p>die Wahrscheinlichkeit, dass ein Opfer minderjährig ist und die Polizei alarmiert.</p><p>{1:NUMERICAL:=0,1584:0,0001}</p><p>die Wahrscheinlichkeit, dass ein Opfer minderjährig ist oder die Polizei alarmiert.</p><p>{1:NUMERICAL:=0,6516:0,0001}</p><p>\( P_A(\overline{B}) \).</p><p>{1:NUMERICAL:=0,52:0,0001}</p><p>die Wahrscheinlichkeit, dass ein Opfer minderjährig ist und nicht die Polizei alarmiert.</p><p>{1:NUMERICAL:=0,1716:0,0001}</p><p>\( P_{\overline{B}}(A) \).</p><p>{1:NUMERICAL:=0,33:0,0001}</p><p>\( P(A\cup\overline{B}) \).</p><p>{1:NUMERICAL:=0,6784:0,0001}</p><p>\( P(A\cap\overline{A}) \).</p><p>{1:NUMERICAL:=0:0,0001}</p>]]></text></questiontext></question><question type="cloze"><name><text>14 </text></name><questiontext format="html"><text><![CDATA[In einer Glaserei können bei der Produktion von hochwertigen Weingläsern zwei Fehler auftreten: Risse und Blaseneinschlüsse. In diesem Zusammenhang werden die folgenden Ereignisse betrachtet.</p> <p>A: Ein Glas hat einen Riss.<br>B: Ein Glas hat einen Blaseneinschluss.</p> <p>Es ist bekannt, dass \( P(B) \)\( = \)\( 0,28 \) und dass \( P(A\cap B) \)\( = \)\( 0,0476 \). Außerdem sind A und B stochastisch unabhängig.</p> <p>Berechnen Sie (auf 4 NKS gerundet)<p>\( P(\overline{B}) \).</p><p>{1:NUMERICAL:=0,72:0,0001}</p><p>\( P(A) \).</p><p>{1:NUMERICAL:=0,17:0,0001}</p><p>\( P(A\cup B) \).</p><p>{1:NUMERICAL:=0,4024:0,0001}</p><p>\( P_A(\overline{B}) \).</p><p>{1:NUMERICAL:=0,72:0,0001}</p><p>die Wahrscheinlichkeit, dass ein Glas einen Riss aber keinen Blaseneinschluss hat.</p><p>{1:NUMERICAL:=0,1224:0,0001}</p><p>\( P_{\overline{B}}(A) \).</p><p>{1:NUMERICAL:=0,17:0,0001}</p><p>\( P(A\cup\overline{B}) \).</p><p>{1:NUMERICAL:=0,7676:0,0001}</p><p>die Wahrscheinlichkeit, dass ein Glas einen Riss hat und keinen Riss hat.</p><p>{1:NUMERICAL:=0:0,0001}</p>]]></text></questiontext></question><question type="cloze"><name><text>15 </text></name><questiontext format="html"><text><![CDATA[Amalia sucht auf einer Online-Partnerbörse den Mann fürs Leben. Neben der äußerlichen Attraktivität ist es für sie wichtig, dass ihr Partner nicht raucht. In diesem Zusammenhang werden die folgenden Ereignisse betrachtet.</p> <p>A: Ein vorgeschlagener Partner ist attraktiv.<br>B: Ein vorgeschlagener Partner raucht.</p> <p>Es ist bekannt, dass die Wahrscheinlichkeit, dass ein vorgeschlagener Partner raucht, 45% beträgt und dass die Wahrscheinlichkeit, dass ein vorgeschlagener Partner ein attraktiver Raucher ist, 36,45% beträgt. Außerdem sind A und B stochastisch unabhängig.</p> <p>Berechnen Sie (auf 4 NKS gerundet)<p>\( P(\overline{B}) \).</p><p>{1:NUMERICAL:=0,55:0,0001}</p><p>die Wahrscheinlichkeit, dass ein vorgeschlagener Partner attraktiv ist.</p><p>{1:NUMERICAL:=0,81:0,0001}</p><p>die Wahrscheinlichkeit, dass ein vorgeschlagener Partner attraktiv ist oder raucht.</p><p>{1:NUMERICAL:=0,8955:0,0001}</p><p>\( P_A(\overline{B}) \).</p><p>{1:NUMERICAL:=0,55:0,0001}</p><p>die Wahrscheinlichkeit, dass ein vorgeschlagener Partner ein attraktiver Nichtraucher ist.</p><p>{1:NUMERICAL:=0,4455:0,0001}</p><p>\( P_{\overline{B}}(A) \).</p><p>{1:NUMERICAL:=0,81:0,0001}</p><p>die Wahrscheinlichkeit, dass ein vorgeschlagener Partner attraktiv ist oder nicht raucht.</p><p>{1:NUMERICAL:=0,9145:0,0001}</p><p>die Wahrscheinlichkeit, dass ein vorgeschlagener Partner weder attraktiv noch unattraktiv ist.</p><p>{1:NUMERICAL:=0:0,0001}</p>]]></text></questiontext></question><question type="cloze"><name><text>16 </text></name><questiontext format="html"><text><![CDATA[Ein Unternehmen produziert Smartwatches, die vor dem Verkauf durch ein automatisiertes Verfahren ausgiebig getestet werden. Smartwatches mit Fehlern werden aussortiert. Allerdings kommt es auch vor, dass einige fehlerfreie Smartwatches aussortiert werden und dass einige fehlerbehaftete Smartwatches nicht aussortiert werden. In diesem Zusammenhang werden die folgenden Ereignisse betrachtet.</p> <p>A: Eine Smartwatch ist fehlerfrei.<br>B: Eine Smartwatch wird aussortiert.</p> <p>Es ist bekannt, dass \( P(B) \)\( = \)\( 0,92 \) und dass \( P(A\cap B) \)\( = \)\( 0,7176 \). Außerdem sind A und B stochastisch unabhängig.</p> <p>Berechnen Sie (auf 4 NKS gerundet)<p>\( P(\overline{B}) \).</p><p>{1:NUMERICAL:=0,08:0,0001}</p><p>\( P(A) \).</p><p>{1:NUMERICAL:=0,78:0,0001}</p><p>die Wahrscheinlichkeit, dass eine Smartwatch fehlerfrei ist oder aussortiert wird.</p><p>{1:NUMERICAL:=0,9824:0,0001}</p><p>\( P_B(\overline{A}) \).</p><p>{1:NUMERICAL:=0,22:0,0001}</p><p>\( P(\overline{A}\cap B) \).</p><p>{1:NUMERICAL:=0,2024:0,0001}</p><p>\( P_{\overline{A}}(B) \).</p><p>{1:NUMERICAL:=0,92:0,0001}</p><p>die Wahrscheinlichkeit, dass eine Smartwatch fehlerbehaftet ist oder aussortiert wird.</p><p>{1:NUMERICAL:=0,9376:0,0001}</p><p>die Wahrscheinlichkeit, dass eine fehlerbehaftete Smartwatch nicht aussortiert wird.</p><p>{1:NUMERICAL:=0,08:0,0001}</p>]]></text></questiontext></question><question type="cloze"><name><text>17 </text></name><questiontext format="html"><text><![CDATA[Der Besitzer einer Imbissbude interessiert sich dafür, in welchen Größen Pommes bestellt werden und ob die Pommes mit Ketchup oder Mayonnaise bestellt wird. Es gibt nur große und kleine Pommes. Zudem wird jede Pommes mit Ketchup oder Mayonnaise bestellt. In diesem Zusammenhang werden die folgenden Ereignisse betrachtet.</p> <p>A: Es wird eine große Pommes bestellt.<br>B: Es wird eine Pommes mit Ketchup bestellt.</p> <p>Es ist bekannt, dass \( P(A) \)\( = \)\( 0,18 \) und dass die Wahrscheinlichkeit, dass eine Pommes mit Ketchup bestellt wird, 15% beträgt. Außerdem sind A und B stochastisch unabhängig.</p> <p>Berechnen Sie (auf 4 NKS gerundet)<p>die Wahrscheinlichkeit, dass eine kleine Pommes bestellt wird.</p><p>{1:NUMERICAL:=0,82:0,0001}</p><p>die Wahrscheinlichkeit, dass eine große Pommes mit Ketchup bestellt wird.</p><p>{1:NUMERICAL:=0,027:0,0001}</p><p>\( P(A\cup B) \).</p><p>{1:NUMERICAL:=0,303:0,0001}</p><p>die Wahrscheinlichkeit, dass die Bestellung einer großen Pommes mit Mayonnaise ist.</p><p>{1:NUMERICAL:=0,85:0,0001}</p><p>die Wahrscheinlichkeit, dass eine große Pommes mit Mayonnaise bestellt wird.</p><p>{1:NUMERICAL:=0,153:0,0001}</p><p>\( P_{\overline{B}}(A) \).</p><p>{1:NUMERICAL:=0,18:0,0001}</p><p>\( P(A\cup\overline{B}) \).</p><p>{1:NUMERICAL:=0,877:0,0001}</p><p>\( P(A\cap\overline{A}) \).</p><p>{1:NUMERICAL:=0:0,0001}</p>]]></text></questiontext></question><question type="cloze"><name><text>18 </text></name><questiontext format="html"><text><![CDATA[Ein Unternehmen verkauft neue und gebrauchte Beamer. In diesem Zusammenhang werden die folgenden Ereignisse betrachtet.</p> <p>A: Ein Kunde kauft Neuware.<br>B: Ein Kunde reklamiert das Produkt.</p> <p>Es ist bekannt, dass die Wahrscheinlichkeit, dass ein Kunde ein Produkt reklamiert, 81% beträgt und dass die Wahrscheinlichkeit, dass ein Kunde Neuware kauft oder die Ware reklamiert, 97,34% beträgt. Außerdem sind A und B stochastisch unabhängig.</p> <p>Berechnen Sie (auf 4 NKS gerundet)<p>die Wahrscheinlichkeit, dass ein Kunde ein Produkt nicht reklamiert.</p><p>{1:NUMERICAL:=0,19:0,0001}</p><p>die Wahrscheinlichkeit, dass ein Kunde Neuware kauft.</p><p>{1:NUMERICAL:=0,86:0,0001}</p><p>die Wahrscheinlichkeit, dass ein Kunde Neuware kauft und diese reklamiert.</p><p>{1:NUMERICAL:=0,6966:0,0001}</p><p>\( P_A(\overline{B}) \).</p><p>{1:NUMERICAL:=0,19:0,0001}</p><p>\( P(A\cap\overline{B}) \).</p><p>{1:NUMERICAL:=0,1634:0,0001}</p><p>die Wahrscheinlichkeit, dass eine nicht reklamierte Ware neu ist.</p><p>{1:NUMERICAL:=0,86:0,0001}</p><p>\( P(A\cup\overline{B}) \).</p><p>{1:NUMERICAL:=0,8866:0,0001}</p><p>die Wahrscheinlichkeit, dass ein Kunde weder Neuware noch Gebrauchtware kauft.</p><p>{1:NUMERICAL:=0:0,0001}</p>]]></text></questiontext></question><question type="cloze"><name><text>19 </text></name><questiontext format="html"><text><![CDATA[Eine Influencerin stellt ihren Followern zwei neue Lippenstifte vor: Ambition und Bonny. Sie möchte von ihren Followern wissen, wie sie die beiden Lippenstifte finden. In diesem Zusammenhang werden die folgenden Ereignisse betrachtet.</p> <p>A: Einem Follower gefällt Ambition.<br>B: Einem Follower gefällt Bonny.</p> <p>Es ist bekannt, dass die Wahrscheinlichkeit, dass einem Follower Ambition gefällt, 6% beträgt und dass die Wahrscheinlichkeit, dass einem Follower mindestens einer der beiden Lippenstifte gefällt, 77,44% beträgt. Außerdem sind A und B stochastisch unabhängig.</p> <p>Berechnen Sie (auf 4 NKS gerundet)<p>\( P(\overline{A}) \).</p><p>{1:NUMERICAL:=0,94:0,0001}</p><p>\( P(B) \).</p><p>{1:NUMERICAL:=0,76:0,0001}</p><p>die Wahrscheinlichkeit, dass einem Follower beide Lippenstifte gefallen.</p><p>{1:NUMERICAL:=0,0456:0,0001}</p><p>\( P_B(\overline{A}) \).</p><p>{1:NUMERICAL:=0,94:0,0001}</p><p>die Wahrscheinlichkeit, dass einem Follower Bonny gefällt, Ambition aber nicht.</p><p>{1:NUMERICAL:=0,7144:0,0001}</p><p>\( P_{\overline{A}}(B) \).</p><p>{1:NUMERICAL:=0,76:0,0001}</p><p>die Wahrscheinlichkeit, dass einem Follower Ambition nicht gefällt oder Bonny gefällt.</p><p>{1:NUMERICAL:=0,9856:0,0001}</p><p>\( P_{\overline{A}}(\overline{B}) \).</p><p>{1:NUMERICAL:=0,24:0,0001}</p>]]></text></questiontext></question><question type="cloze"><name><text>20 </text></name><questiontext format="html"><text><![CDATA[Ein Lebensmittelkonzern verschafft sich einen Überblick darüber, welche seiner Produkte biologisch und regional sind. In diesem Zusammenhang werden die folgenden Ereignisse betrachtet.</p> <p>A: Ein Produkt ist biologisch.<br>B: Ein Produkt ist regional.</p> <p>Es ist bekannt, dass \( P(B) \)\( = \)\( 0,73 \) und dass die Wahrscheinlichkeit, dass ein Produkt biologisch oder regional ist, 93,79% beträgt. Außerdem sind A und B stochastisch unabhängig.</p> <p>Berechnen Sie (auf 4 NKS gerundet)<p>die Wahrscheinlichkeit, dass ein Produkt nicht aus der Region stammt.</p><p>{1:NUMERICAL:=0,27:0,0001}</p><p>\( P(A) \).</p><p>{1:NUMERICAL:=0,77:0,0001}</p><p>die Wahrscheinlichkeit, dass ein Produkt biologisch und regional ist.</p><p>{1:NUMERICAL:=0,5621:0,0001}</p><p>\( P_B(\overline{A}) \).</p><p>{1:NUMERICAL:=0,23:0,0001}</p><p>\( P(\overline{A}\cap B) \).</p><p>{1:NUMERICAL:=0,1679:0,0001}</p><p>\( P_{\overline{A}}(B) \).</p><p>{1:NUMERICAL:=0,73:0,0001}</p><p>die Wahrscheinlichkeit, dass ein Produkt nicht biologisch oder regional ist.</p><p>{1:NUMERICAL:=0,7921:0,0001}</p><p>die Wahrscheinlichkeit, dass ein Produkt, das nicht biologisch ist, nicht aus der Region stammt.</p><p>{1:NUMERICAL:=0,27:0,0001}</p>]]></text></questiontext></question></quiz>