<?xml version="1.0" encoding="UTF-8" standalone="yes"?>
<quiz><question type="category"><category><text>Analysis/Wirtschaft/Ökonomische Funktionen/Funktionsterme/E1K3</text></category><info format="html"><text /></info><idnumber /></question><question type="cloze"><name><text>01 </text></name><questiontext format="html"><text><![CDATA[Gegeben:</p> <p>\( E(x)=6,6x \)</p> <p>\( G(x)=-0,037x^3+0,84x^2-1,5x-21 \)</p> <p>Bestimmen Sie die Koeffizienten der angegebenen Funktionen:<p>Kostenfunktion</p><p>\( K(x)= \){1:NUMERICAL:=0,037:0}\( x^3 \)+{1:NUMERICAL:=-0,84:0}\( x^2 \)+{1:NUMERICAL:=8,1:0}\( x \)+{1:NUMERICAL:=21:0}</p><p>Preisfunktion</p><p>\( p(x)= \){1:NUMERICAL:=6,6:0}</p>]]></text></questiontext></question><question type="cloze"><name><text>02 </text></name><questiontext format="html"><text><![CDATA[Gegeben:</p> <p>\( K(x)=0,0052x^3-0,44x^2+14x+150 \)</p> <p>\( p(x)=10 \)</p> <p>Bestimmen Sie die Koeffizienten der angegebenen Funktionen:<p>Erlösfunktion</p><p>\( E(x)= \){1:NUMERICAL:=10:0}\( x \)</p><p>Gewinnfunktion</p><p>\( G(x)= \){1:NUMERICAL:=-0,0052:0}\( x^3 \)+{1:NUMERICAL:=0,44:0}\( x^2 \)+{1:NUMERICAL:=-4:0}\( x \)+{1:NUMERICAL:=-150:0}</p>]]></text></questiontext></question><question type="cloze"><name><text>03 </text></name><questiontext format="html"><text><![CDATA[Gegeben:</p> <p>\( p(x)=9,9 \)</p> <p>\( G(x)=-0,014x^3+0,75x^2-4,1x-93 \)</p> <p>Bestimmen Sie die Koeffizienten der angegebenen Funktionen:<p>Erlösfunktion</p><p>\( E(x)= \){1:NUMERICAL:=9,9:0}\( x \)</p><p>Kostenfunktion</p><p>\( K(x)= \){1:NUMERICAL:=0,014:0}\( x^3 \)+{1:NUMERICAL:=-0,75:0}\( x^2 \)+{1:NUMERICAL:=14:0}\( x \)+{1:NUMERICAL:=93:0}</p>]]></text></questiontext></question><question type="cloze"><name><text>04 </text></name><questiontext format="html"><text><![CDATA[Gegeben:</p> <p>\( E(x)=11x \)</p> <p>\( K(x)=0,0079x^3-0,5x^2+13x+93 \)</p> <p>Bestimmen Sie die Koeffizienten der angegebenen Funktionen:<p>Gewinnfunktion</p><p>\( G(x)= \){1:NUMERICAL:=-0,0079:0}\( x^3 \)+{1:NUMERICAL:=0,5:0}\( x^2 \)+{1:NUMERICAL:=-2:0}\( x \)+{1:NUMERICAL:=-93:0}</p><p>Preisfunktion</p><p>\( p(x)= \){1:NUMERICAL:=11:0}</p>]]></text></questiontext></question><question type="cloze"><name><text>05 </text></name><questiontext format="html"><text><![CDATA[Gegeben:</p> <p>\( E(x)=7,3x \)</p> <p>\( K(x)=0,022x^3-0,8x^2+10x+39 \)</p> <p>Bestimmen Sie die Koeffizienten der angegebenen Funktionen:<p>Preisfunktion</p><p>\( p(x)= \){1:NUMERICAL:=7,3:0}</p><p>Gewinnfunktion</p><p>\( G(x)= \){1:NUMERICAL:=-0,022:0}\( x^3 \)+{1:NUMERICAL:=0,8:0}\( x^2 \)+{1:NUMERICAL:=-2,7:0}\( x \)+{1:NUMERICAL:=-39:0}</p>]]></text></questiontext></question><question type="cloze"><name><text>06 </text></name><questiontext format="html"><text><![CDATA[Gegeben:</p> <p>\( p(x)=3,8 \)</p> <p>\( G(x)=-0,0015x^3+0,18x^2-3,8x-59 \)</p> <p>Bestimmen Sie die Koeffizienten der angegebenen Funktionen:<p>Kostenfunktion</p><p>\( K(x)= \){1:NUMERICAL:=0,0015:0}\( x^3 \)+{1:NUMERICAL:=-0,18:0}\( x^2 \)+{1:NUMERICAL:=7,6:0}\( x \)+{1:NUMERICAL:=59:0}</p><p>Erlösfunktion</p><p>\( E(x)= \){1:NUMERICAL:=3,8:0}\( x \)</p>]]></text></questiontext></question><question type="cloze"><name><text>07 </text></name><questiontext format="html"><text><![CDATA[Gegeben:</p> <p>\( E(x)=17x \)</p> <p>\( G(x)=-0,019x^3+0,77x^2+2x-130 \)</p> <p>Bestimmen Sie die Koeffizienten der angegebenen Funktionen:<p>Preisfunktion</p><p>\( p(x)= \){1:NUMERICAL:=17:0}</p><p>Kostenfunktion</p><p>\( K(x)= \){1:NUMERICAL:=0,019:0}\( x^3 \)+{1:NUMERICAL:=-0,77:0}\( x^2 \)+{1:NUMERICAL:=15:0}\( x \)+{1:NUMERICAL:=130:0}</p>]]></text></questiontext></question><question type="cloze"><name><text>08 </text></name><questiontext format="html"><text><![CDATA[Gegeben:</p> <p>\( K(x)=0,014x^3-0,66x^2+11x+39 \)</p> <p>\( E(x)=7,7x \)</p> <p>Bestimmen Sie die Koeffizienten der angegebenen Funktionen:<p>Gewinnfunktion</p><p>\( G(x)= \){1:NUMERICAL:=-0,014:0}\( x^3 \)+{1:NUMERICAL:=0,66:0}\( x^2 \)+{1:NUMERICAL:=-3,3:0}\( x \)+{1:NUMERICAL:=-39:0}</p><p>Preisfunktion</p><p>\( p(x)= \){1:NUMERICAL:=7,7:0}</p>]]></text></questiontext></question><question type="cloze"><name><text>09 </text></name><questiontext format="html"><text><![CDATA[Gegeben:</p> <p>\( G(x)=-0,0064x^3+0,39x^2-2x-90 \)</p> <p>\( p(x)=11 \)</p> <p>Bestimmen Sie die Koeffizienten der angegebenen Funktionen:<p>Erlösfunktion</p><p>\( E(x)= \){1:NUMERICAL:=11:0}\( x \)</p><p>Kostenfunktion</p><p>\( K(x)= \){1:NUMERICAL:=0,0064:0}\( x^3 \)+{1:NUMERICAL:=-0,39:0}\( x^2 \)+{1:NUMERICAL:=13:0}\( x \)+{1:NUMERICAL:=90:0}</p>]]></text></questiontext></question><question type="cloze"><name><text>10 </text></name><questiontext format="html"><text><![CDATA[Gegeben:</p> <p>\( G(x)=-0,021x^3+1,1x^2-6x-130 \)</p> <p>\( E(x)=16x \)</p> <p>Bestimmen Sie die Koeffizienten der angegebenen Funktionen:<p>Kostenfunktion</p><p>\( K(x)= \){1:NUMERICAL:=0,021:0}\( x^3 \)+{1:NUMERICAL:=-1,1:0}\( x^2 \)+{1:NUMERICAL:=22:0}\( x \)+{1:NUMERICAL:=130:0}</p><p>Preisfunktion</p><p>\( p(x)= \){1:NUMERICAL:=16:0}</p>]]></text></questiontext></question><question type="cloze"><name><text>11 </text></name><questiontext format="html"><text><![CDATA[Gegeben:</p> <p>\( K(x)=0,008x^3-0,39x^2+7,9x+64 \)</p> <p>\( p(x)=6,9 \)</p> <p>Bestimmen Sie die Koeffizienten der angegebenen Funktionen:<p>Erlösfunktion</p><p>\( E(x)= \){1:NUMERICAL:=6,9:0}\( x \)</p><p>Gewinnfunktion</p><p>\( G(x)= \){1:NUMERICAL:=-0,008:0}\( x^3 \)+{1:NUMERICAL:=0,39:0}\( x^2 \)+{1:NUMERICAL:=-1:0}\( x \)+{1:NUMERICAL:=-64:0}</p>]]></text></questiontext></question><question type="cloze"><name><text>12 </text></name><questiontext format="html"><text><![CDATA[Gegeben:</p> <p>\( G(x)=-0,24x^3+4,4x^2-3x-89 \)</p> <p>\( E(x)=33x \)</p> <p>Bestimmen Sie die Koeffizienten der angegebenen Funktionen:<p>Kostenfunktion</p><p>\( K(x)= \){1:NUMERICAL:=0,24:0}\( x^3 \)+{1:NUMERICAL:=-4,4:0}\( x^2 \)+{1:NUMERICAL:=36:0}\( x \)+{1:NUMERICAL:=89:0}</p><p>Preisfunktion</p><p>\( p(x)= \){1:NUMERICAL:=33:0}</p>]]></text></questiontext></question><question type="cloze"><name><text>13 </text></name><questiontext format="html"><text><![CDATA[Gegeben:</p> <p>\( G(x)=-0,0023x^3+0,17x^2-0,5x-62 \)</p> <p>\( p(x)=5,5 \)</p> <p>Bestimmen Sie die Koeffizienten der angegebenen Funktionen:<p>Kostenfunktion</p><p>\( K(x)= \){1:NUMERICAL:=0,0023:0}\( x^3 \)+{1:NUMERICAL:=-0,17:0}\( x^2 \)+{1:NUMERICAL:=6:0}\( x \)+{1:NUMERICAL:=62:0}</p><p>Erlösfunktion</p><p>\( E(x)= \){1:NUMERICAL:=5,5:0}\( x \)</p>]]></text></questiontext></question><question type="cloze"><name><text>14 </text></name><questiontext format="html"><text><![CDATA[Gegeben:</p> <p>\( G(x)=-0,0018x^3+0,19x^2-2,5x-86 \)</p> <p>\( E(x)=7,5x \)</p> <p>Bestimmen Sie die Koeffizienten der angegebenen Funktionen:<p>Kostenfunktion</p><p>\( K(x)= \){1:NUMERICAL:=0,0018:0}\( x^3 \)+{1:NUMERICAL:=-0,19:0}\( x^2 \)+{1:NUMERICAL:=10:0}\( x \)+{1:NUMERICAL:=86:0}</p><p>Preisfunktion</p><p>\( p(x)= \){1:NUMERICAL:=7,5:0}</p>]]></text></questiontext></question><question type="cloze"><name><text>15 </text></name><questiontext format="html"><text><![CDATA[Gegeben:</p> <p>\( K(x)=0,0017x^3-0,18x^2+7,1x+130 \)</p> <p>\( G(x)=-0,0017x^3+0,18x^2-1,5x-130 \)</p> <p>Bestimmen Sie die Koeffizienten der angegebenen Funktionen:<p>Erlösfunktion</p><p>\( E(x)= \){1:NUMERICAL:=5,6:0}\( x \)</p><p>Preisfunktion</p><p>\( p(x)= \){1:NUMERICAL:=5,6:0}</p>]]></text></questiontext></question><question type="cloze"><name><text>16 </text></name><questiontext format="html"><text><![CDATA[Gegeben:</p> <p>\( p(x)=6 \)</p> <p>\( G(x)=-0,0035x^3+0,18x^2+x-48 \)</p> <p>Bestimmen Sie die Koeffizienten der angegebenen Funktionen:<p>Kostenfunktion</p><p>\( K(x)= \){1:NUMERICAL:=0,0035:0}\( x^3 \)+{1:NUMERICAL:=-0,18:0}\( x^2 \)+{1:NUMERICAL:=5:0}\( x \)+{1:NUMERICAL:=48:0}</p><p>Erlösfunktion</p><p>\( E(x)= \){1:NUMERICAL:=6:0}\( x \)</p>]]></text></questiontext></question><question type="cloze"><name><text>17 </text></name><questiontext format="html"><text><![CDATA[Gegeben:</p> <p>\( K(x)=0,096x^3-2,8x^2+33x+99 \)</p> <p>\( p(x)=26 \)</p> <p>Bestimmen Sie die Koeffizienten der angegebenen Funktionen:<p>Gewinnfunktion</p><p>\( G(x)= \){1:NUMERICAL:=-0,096:0}\( x^3 \)+{1:NUMERICAL:=2,8:0}\( x^2 \)+{1:NUMERICAL:=-7:0}\( x \)+{1:NUMERICAL:=-99:0}</p><p>Erlösfunktion</p><p>\( E(x)= \){1:NUMERICAL:=26:0}\( x \)</p>]]></text></questiontext></question><question type="cloze"><name><text>18 </text></name><questiontext format="html"><text><![CDATA[Gegeben:</p> <p>\( p(x)=56 \)</p> <p>\( K(x)=1,4x^3-13x^2+46x+78 \)</p> <p>Bestimmen Sie die Koeffizienten der angegebenen Funktionen:<p>Erlösfunktion</p><p>\( E(x)= \){1:NUMERICAL:=56:0}\( x \)</p><p>Gewinnfunktion</p><p>\( G(x)= \){1:NUMERICAL:=-1,4:0}\( x^3 \)+{1:NUMERICAL:=13:0}\( x^2 \)+{1:NUMERICAL:=10:0}\( x \)+{1:NUMERICAL:=-78:0}</p>]]></text></questiontext></question><question type="cloze"><name><text>19 </text></name><questiontext format="html"><text><![CDATA[Gegeben:</p> <p>\( p(x)=31 \)</p> <p>\( G(x)=-0,25x^3+5,7x^2-15x-140 \)</p> <p>Bestimmen Sie die Koeffizienten der angegebenen Funktionen:<p>Erlösfunktion</p><p>\( E(x)= \){1:NUMERICAL:=31:0}\( x \)</p><p>Kostenfunktion</p><p>\( K(x)= \){1:NUMERICAL:=0,25:0}\( x^3 \)+{1:NUMERICAL:=-5,7:0}\( x^2 \)+{1:NUMERICAL:=46:0}\( x \)+{1:NUMERICAL:=140:0}</p>]]></text></questiontext></question><question type="cloze"><name><text>20 </text></name><questiontext format="html"><text><![CDATA[Gegeben:</p> <p>\( K(x)=0,0011x^3-0,15x^2+6,9x+69 \)</p> <p>\( G(x)=-0,0011x^3+0,15x^2-1,5x-69 \)</p> <p>Bestimmen Sie die Koeffizienten der angegebenen Funktionen:<p>Erlösfunktion</p><p>\( E(x)= \){1:NUMERICAL:=5,4:0}\( x \)</p><p>Preisfunktion</p><p>\( p(x)= \){1:NUMERICAL:=5,4:0}</p>]]></text></questiontext></question></quiz>