<?xml version="1.0" encoding="UTF-8" standalone="yes"?>
<quiz><question type="category"><category><text>Analysis/Wirtschaft/Ökonomische Funktionen/Funktionsterme/E2K3</text></category><info format="html"><text /></info><idnumber /></question><question type="cloze"><name><text>01 </text></name><questiontext format="html"><text><![CDATA[Gegeben:</p> <p>\( K(x)=0,0025x^3-0,24x^2+9,9x+88 \)</p> <p>\( p(x)=-0,37x+21 \)</p> <p>Bestimmen Sie die Koeffizienten der angegebenen Funktionen:<p>Gewinnfunktion</p><p>\( G(x)= \){1:NUMERICAL:=-0,0025:0}\( x^3 \)+{1:NUMERICAL:=-0,13:0}\( x^2 \)+{1:NUMERICAL:=11,1:0}\( x \)+{1:NUMERICAL:=-88:0}</p><p>Erlösfunktion</p><p>\( E(x)= \){1:NUMERICAL:=-0,37:0}\( x^2 \)+{1:NUMERICAL:=21:0}\( x \)</p>]]></text></questiontext></question><question type="cloze"><name><text>02 </text></name><questiontext format="html"><text><![CDATA[Gegeben:</p> <p>\( E(x)=-0,54x^2+29x \)</p> <p>\( G(x)=-0,0051x^3-0,26x^2+21,2x-99 \)</p> <p>Bestimmen Sie die Koeffizienten der angegebenen Funktionen:<p>Preisfunktion</p><p>\( p(x)= \){1:NUMERICAL:=-0,54:0}\( x \)+{1:NUMERICAL:=29:0}</p><p>Kostenfunktion</p><p>\( K(x)= \){1:NUMERICAL:=0,0051:0}\( x^3 \)+{1:NUMERICAL:=-0,28:0}\( x^2 \)+{1:NUMERICAL:=7,8:0}\( x \)+{1:NUMERICAL:=99:0}</p>]]></text></questiontext></question><question type="cloze"><name><text>03 </text></name><questiontext format="html"><text><![CDATA[Gegeben:</p> <p>\( G(x)=-0,0054x^3+0,12x^2+8x-74 \)</p> <p>\( p(x)=-0,28x+20 \)</p> <p>Bestimmen Sie die Koeffizienten der angegebenen Funktionen:<p>Kostenfunktion</p><p>\( K(x)= \){1:NUMERICAL:=0,0054:0}\( x^3 \)+{1:NUMERICAL:=-0,4:0}\( x^2 \)+{1:NUMERICAL:=12:0}\( x \)+{1:NUMERICAL:=74:0}</p><p>Erlösfunktion</p><p>\( E(x)= \){1:NUMERICAL:=-0,28:0}\( x^2 \)+{1:NUMERICAL:=20:0}\( x \)</p>]]></text></questiontext></question><question type="cloze"><name><text>04 </text></name><questiontext format="html"><text><![CDATA[Gegeben:</p> <p>\( G(x)=-0,023x^3-0,49x^2+31x-120 \)</p> <p>\( E(x)=-1,3x^2+49x \)</p> <p>Bestimmen Sie die Koeffizienten der angegebenen Funktionen:<p>Kostenfunktion</p><p>\( K(x)= \){1:NUMERICAL:=0,023:0}\( x^3 \)+{1:NUMERICAL:=-0,81:0}\( x^2 \)+{1:NUMERICAL:=18:0}\( x \)+{1:NUMERICAL:=120:0}</p><p>Preisfunktion</p><p>\( p(x)= \){1:NUMERICAL:=-1,3:0}\( x \)+{1:NUMERICAL:=49:0}</p>]]></text></questiontext></question><question type="cloze"><name><text>05 </text></name><questiontext format="html"><text><![CDATA[Gegeben:</p> <p>\( G(x)=-0,0029x^3-0,07x^2+12x-140 \)</p> <p>\( E(x)=-0,32x^2+22x \)</p> <p>Bestimmen Sie die Koeffizienten der angegebenen Funktionen:<p>Kostenfunktion</p><p>\( K(x)= \){1:NUMERICAL:=0,0029:0}\( x^3 \)+{1:NUMERICAL:=-0,25:0}\( x^2 \)+{1:NUMERICAL:=10:0}\( x \)+{1:NUMERICAL:=140:0}</p><p>Preisfunktion</p><p>\( p(x)= \){1:NUMERICAL:=-0,32:0}\( x \)+{1:NUMERICAL:=22:0}</p>]]></text></questiontext></question><question type="cloze"><name><text>06 </text></name><questiontext format="html"><text><![CDATA[Gegeben:</p> <p>\( G(x)=-0,012x^3-0,24x^2+38x-160 \)</p> <p>\( E(x)=-0,96x^2+54x \)</p> <p>Bestimmen Sie die Koeffizienten der angegebenen Funktionen:<p>Kostenfunktion</p><p>\( K(x)= \){1:NUMERICAL:=0,012:0}\( x^3 \)+{1:NUMERICAL:=-0,72:0}\( x^2 \)+{1:NUMERICAL:=16:0}\( x \)+{1:NUMERICAL:=160:0}</p><p>Preisfunktion</p><p>\( p(x)= \){1:NUMERICAL:=-0,96:0}\( x \)+{1:NUMERICAL:=54:0}</p>]]></text></questiontext></question><question type="cloze"><name><text>07 </text></name><questiontext format="html"><text><![CDATA[Gegeben:</p> <p>\( G(x)=-0,0035x^3-0,15x^2+11,1x-42 \)</p> <p>\( E(x)=-0,32x^2+16x \)</p> <p>Bestimmen Sie die Koeffizienten der angegebenen Funktionen:<p>Preisfunktion</p><p>\( p(x)= \){1:NUMERICAL:=-0,32:0}\( x \)+{1:NUMERICAL:=16:0}</p><p>Kostenfunktion</p><p>\( K(x)= \){1:NUMERICAL:=0,0035:0}\( x^3 \)+{1:NUMERICAL:=-0,17:0}\( x^2 \)+{1:NUMERICAL:=4,9:0}\( x \)+{1:NUMERICAL:=42:0}</p>]]></text></questiontext></question><question type="cloze"><name><text>08 </text></name><questiontext format="html"><text><![CDATA[Gegeben:</p> <p>\( K(x)=0,0085x^3-0,47x^2+12x+140 \)</p> <p>\( p(x)=-0,75x+37 \)</p> <p>Bestimmen Sie die Koeffizienten der angegebenen Funktionen:<p>Erlösfunktion</p><p>\( E(x)= \){1:NUMERICAL:=-0,75:0}\( x^2 \)+{1:NUMERICAL:=37:0}\( x \)</p><p>Gewinnfunktion</p><p>\( G(x)= \){1:NUMERICAL:=-0,0085:0}\( x^3 \)+{1:NUMERICAL:=-0,28:0}\( x^2 \)+{1:NUMERICAL:=25:0}\( x \)+{1:NUMERICAL:=-140:0}</p>]]></text></questiontext></question><question type="cloze"><name><text>09 </text></name><questiontext format="html"><text><![CDATA[Gegeben:</p> <p>\( p(x)=-0,31x+17 \)</p> <p>\( K(x)=0,0068x^3-0,37x^2+8,4x+68 \)</p> <p>Bestimmen Sie die Koeffizienten der angegebenen Funktionen:<p>Gewinnfunktion</p><p>\( G(x)= \){1:NUMERICAL:=-0,0068:0}\( x^3 \)+{1:NUMERICAL:=0,06:0}\( x^2 \)+{1:NUMERICAL:=8,6:0}\( x \)+{1:NUMERICAL:=-68:0}</p><p>Erlösfunktion</p><p>\( E(x)= \){1:NUMERICAL:=-0,31:0}\( x^2 \)+{1:NUMERICAL:=17:0}\( x \)</p>]]></text></questiontext></question><question type="cloze"><name><text>10 </text></name><questiontext format="html"><text><![CDATA[Gegeben:</p> <p>\( G(x)=-0,013x^3-0,25x^2+26x-64 \)</p> <p>\( E(x)=-0,65x^2+38x \)</p> <p>Bestimmen Sie die Koeffizienten der angegebenen Funktionen:<p>Preisfunktion</p><p>\( p(x)= \){1:NUMERICAL:=-0,65:0}\( x \)+{1:NUMERICAL:=38:0}</p><p>Kostenfunktion</p><p>\( K(x)= \){1:NUMERICAL:=0,013:0}\( x^3 \)+{1:NUMERICAL:=-0,4:0}\( x^2 \)+{1:NUMERICAL:=12:0}\( x \)+{1:NUMERICAL:=64:0}</p>]]></text></questiontext></question><question type="cloze"><name><text>11 </text></name><questiontext format="html"><text><![CDATA[Gegeben:</p> <p>\( E(x)=-0,49x^2+29x \)</p> <p>\( K(x)=0,015x^3-0,42x^2+7x+52 \)</p> <p>Bestimmen Sie die Koeffizienten der angegebenen Funktionen:<p>Gewinnfunktion</p><p>\( G(x)= \){1:NUMERICAL:=-0,015:0}\( x^3 \)+{1:NUMERICAL:=-0,07:0}\( x^2 \)+{1:NUMERICAL:=22:0}\( x \)+{1:NUMERICAL:=-52:0}</p><p>Preisfunktion</p><p>\( p(x)= \){1:NUMERICAL:=-0,49:0}\( x \)+{1:NUMERICAL:=29:0}</p>]]></text></questiontext></question><question type="cloze"><name><text>12 </text></name><questiontext format="html"><text><![CDATA[Gegeben:</p> <p>\( K(x)=0,0043x^3-0,22x^2+8,1x+46 \)</p> <p>\( E(x)=-0,32x^2+19x \)</p> <p>Bestimmen Sie die Koeffizienten der angegebenen Funktionen:<p>Gewinnfunktion</p><p>\( G(x)= \){1:NUMERICAL:=-0,0043:0}\( x^3 \)+{1:NUMERICAL:=-0,1:0}\( x^2 \)+{1:NUMERICAL:=10,9:0}\( x \)+{1:NUMERICAL:=-46:0}</p><p>Preisfunktion</p><p>\( p(x)= \){1:NUMERICAL:=-0,32:0}\( x \)+{1:NUMERICAL:=19:0}</p>]]></text></questiontext></question><question type="cloze"><name><text>13 </text></name><questiontext format="html"><text><![CDATA[Gegeben:</p> <p>\( K(x)=0,0041x^3-0,19x^2+4,3x+44 \)</p> <p>\( G(x)=-0,0041x^3-0,06x^2+8,7x-44 \)</p> <p>Bestimmen Sie die Koeffizienten der angegebenen Funktionen:<p>Erlösfunktion</p><p>\( E(x)= \){1:NUMERICAL:=-0,25:0}\( x^2 \)+{1:NUMERICAL:=13:0}\( x \)</p><p>Preisfunktion</p><p>\( p(x)= \){1:NUMERICAL:=-0,25:0}\( x \)+{1:NUMERICAL:=13:0}</p>]]></text></questiontext></question><question type="cloze"><name><text>14 </text></name><questiontext format="html"><text><![CDATA[Gegeben:</p> <p>\( p(x)=-30x+280 \)</p> <p>\( K(x)=2,4x^3-26x^2+120x+170 \)</p> <p>Bestimmen Sie die Koeffizienten der angegebenen Funktionen:<p>Erlösfunktion</p><p>\( E(x)= \){1:NUMERICAL:=-30:0}\( x^2 \)+{1:NUMERICAL:=280:0}\( x \)</p><p>Gewinnfunktion</p><p>\( G(x)= \){1:NUMERICAL:=-2,4:0}\( x^3 \)+{1:NUMERICAL:=-4:0}\( x^2 \)+{1:NUMERICAL:=160:0}\( x \)+{1:NUMERICAL:=-170:0}</p>]]></text></questiontext></question><question type="cloze"><name><text>15 </text></name><questiontext format="html"><text><![CDATA[Gegeben:</p> <p>\( K(x)=0,0042x^3-0,33x^2+9,1x+95 \)</p> <p>\( E(x)=-0,26x^2+17x \)</p> <p>Bestimmen Sie die Koeffizienten der angegebenen Funktionen:<p>Gewinnfunktion</p><p>\( G(x)= \){1:NUMERICAL:=-0,0042:0}\( x^3 \)+{1:NUMERICAL:=0,07:0}\( x^2 \)+{1:NUMERICAL:=7,9:0}\( x \)+{1:NUMERICAL:=-95:0}</p><p>Preisfunktion</p><p>\( p(x)= \){1:NUMERICAL:=-0,26:0}\( x \)+{1:NUMERICAL:=17:0}</p>]]></text></questiontext></question><question type="cloze"><name><text>16 </text></name><questiontext format="html"><text><![CDATA[Gegeben:</p> <p>\( K(x)=0,015x^3-0,5x^2+13x+83 \)</p> <p>\( E(x)=-0,85x^2+44x \)</p> <p>Bestimmen Sie die Koeffizienten der angegebenen Funktionen:<p>Preisfunktion</p><p>\( p(x)= \){1:NUMERICAL:=-0,85:0}\( x \)+{1:NUMERICAL:=44:0}</p><p>Gewinnfunktion</p><p>\( G(x)= \){1:NUMERICAL:=-0,015:0}\( x^3 \)+{1:NUMERICAL:=-0,35:0}\( x^2 \)+{1:NUMERICAL:=31:0}\( x \)+{1:NUMERICAL:=-83:0}</p>]]></text></questiontext></question><question type="cloze"><name><text>17 </text></name><questiontext format="html"><text><![CDATA[Gegeben:</p> <p>\( p(x)=-0,48x+31 \)</p> <p>\( G(x)=-0,0048x^3-0,07x^2+14x-150 \)</p> <p>Bestimmen Sie die Koeffizienten der angegebenen Funktionen:<p>Kostenfunktion</p><p>\( K(x)= \){1:NUMERICAL:=0,0048:0}\( x^3 \)+{1:NUMERICAL:=-0,41:0}\( x^2 \)+{1:NUMERICAL:=17:0}\( x \)+{1:NUMERICAL:=150:0}</p><p>Erlösfunktion</p><p>\( E(x)= \){1:NUMERICAL:=-0,48:0}\( x^2 \)+{1:NUMERICAL:=31:0}\( x \)</p>]]></text></questiontext></question><question type="cloze"><name><text>18 </text></name><questiontext format="html"><text><![CDATA[Gegeben:</p> <p>\( G(x)=-0,0031x^3-0,03x^2+12x-50 \)</p> <p>\( p(x)=-0,2x+17 \)</p> <p>Bestimmen Sie die Koeffizienten der angegebenen Funktionen:<p>Kostenfunktion</p><p>\( K(x)= \){1:NUMERICAL:=0,0031:0}\( x^3 \)+{1:NUMERICAL:=-0,17:0}\( x^2 \)+{1:NUMERICAL:=5:0}\( x \)+{1:NUMERICAL:=50:0}</p><p>Erlösfunktion</p><p>\( E(x)= \){1:NUMERICAL:=-0,2:0}\( x^2 \)+{1:NUMERICAL:=17:0}\( x \)</p>]]></text></questiontext></question><question type="cloze"><name><text>19 </text></name><questiontext format="html"><text><![CDATA[Gegeben:</p> <p>\( E(x)=-0,62x^2+38x \)</p> <p>\( K(x)=0,0091x^3-0,43x^2+15x+150 \)</p> <p>Bestimmen Sie die Koeffizienten der angegebenen Funktionen:<p>Preisfunktion</p><p>\( p(x)= \){1:NUMERICAL:=-0,62:0}\( x \)+{1:NUMERICAL:=38:0}</p><p>Gewinnfunktion</p><p>\( G(x)= \){1:NUMERICAL:=-0,0091:0}\( x^3 \)+{1:NUMERICAL:=-0,19:0}\( x^2 \)+{1:NUMERICAL:=23:0}\( x \)+{1:NUMERICAL:=-150:0}</p>]]></text></questiontext></question><question type="cloze"><name><text>20 </text></name><questiontext format="html"><text><![CDATA[Gegeben:</p> <p>\( K(x)=0,0081x^3-0,35x^2+12x+130 \)</p> <p>\( G(x)=-0,0081x^3-0,37x^2+24x-130 \)</p> <p>Bestimmen Sie die Koeffizienten der angegebenen Funktionen:<p>Erlösfunktion</p><p>\( E(x)= \){1:NUMERICAL:=-0,72:0}\( x^2 \)+{1:NUMERICAL:=36:0}\( x \)</p><p>Preisfunktion</p><p>\( p(x)= \){1:NUMERICAL:=-0,72:0}\( x \)+{1:NUMERICAL:=36:0}</p>]]></text></questiontext></question></quiz>