<?xml version="1.0" encoding="UTF-8" standalone="yes"?>
<quiz><question type="category"><category><text>Analysis/Wirtschaft/Ökonomische Funktionen/KennzahlenRechnerisch/E1K3</text></category><info format="html"><text /></info><idnumber /></question><question type="cloze"><name><text>01 </text></name><questiontext format="html"><text><![CDATA[Es liegen folgende Informationen vor:</p> <p>\( E(x)=43x \)</p> <p>\( K(x)=0,23x^3-4,9x^2+37x+110 \)</p> <p>\( G(x)=-0,23x^3+4,9x^2+6x-110 \)</p> <p>\( p(x)=43 \)</p> <p>Die Kapazitätsgrenze beträgt 24 Mengeneinheiten.</p> <p>Bestimmen Sie (auf 2 NKS gerundet)<p>den Verkaufspreis.</p><p>{1:NUMERICAL:=43:0,1}</p><p>die Gewinnschwelle.</p><p>{1:NUMERICAL:=4,631:0,1}</p><p>die Fixkosten.</p><p>{1:NUMERICAL:=110:0,1}</p><p>den maximalen Gewinn.</p><p>{1:NUMERICAL:=306,4843:0,1}</p><p>die Gewinngrenze.</p><p>{1:NUMERICAL:=21,482:0,1}</p><p>die Menge beim Übergang vom degressiven zum progressiven Kostenwachstum.</p><p>{1:NUMERICAL:=7,1014:0,1}</p><p>den maximalen Erlös.</p><p>{1:NUMERICAL:=1032:0,1}</p><p>die gewinnmaximale Menge.</p><p>{1:NUMERICAL:=14,7908:0,1}</p>]]></text></questiontext></question><question type="cloze"><name><text>02 </text></name><questiontext format="html"><text><![CDATA[Es liegen folgende Informationen vor:</p> <p>\( E(x)=4,9x \)</p> <p>\( K(x)=0,0024x^3-0,17x^2+5,9x+52 \)</p> <p>\( G(x)=-0,0024x^3+0,17x^2-x-52 \)</p> <p>\( p(x)=4,9 \)</p> <p>Die Kapazitätsgrenze beträgt 63 Mengeneinheiten.</p> <p>Bestimmen Sie (auf 2 NKS gerundet)<p>den Verkaufspreis.</p><p>{1:NUMERICAL:=4,9:0,1}</p><p>die gewinnmaximale Menge.</p><p>{1:NUMERICAL:=44,0707:0,1}</p><p>den maximalen Gewinn.</p><p>{1:NUMERICAL:=28,6791:0,1}</p><p>die Menge beim Übergang vom degressiven zum progressiven Kostenwachstum.</p><p>{1:NUMERICAL:=23,6111:0,1}</p><p>die Gewinnschwelle.</p><p>{1:NUMERICAL:=27,794:0,1}</p><p>die Fixkosten.</p><p>{1:NUMERICAL:=52:0,1}</p><p>die Gewinngrenze.</p><p>{1:NUMERICAL:=56,771:0,1}</p><p>den maximalen Erlös.</p><p>{1:NUMERICAL:=308,7:0,1}</p>]]></text></questiontext></question><question type="cloze"><name><text>03 </text></name><questiontext format="html"><text><![CDATA[Es liegen folgende Informationen vor:</p> <p>\( E(x)=9x \)</p> <p>\( K(x)=0,0032x^3-0,3x^2+13x+100 \)</p> <p>\( G(x)=-0,0032x^3+0,3x^2-4x-100 \)</p> <p>\( p(x)=9 \)</p> <p>Die Kapazitätsgrenze beträgt 77 Mengeneinheiten.</p> <p>Bestimmen Sie (auf 2 NKS gerundet)<p>den maximalen Gewinn.</p><p>{1:NUMERICAL:=55,1018:0,1}</p><p>die Fixkosten.</p><p>{1:NUMERICAL:=100:0,1}</p><p>den maximalen Erlös.</p><p>{1:NUMERICAL:=693:0,1}</p><p>die Menge beim Übergang vom degressiven zum progressiven Kostenwachstum.</p><p>{1:NUMERICAL:=31,25:0,1}</p><p>die Gewinnschwelle.</p><p>{1:NUMERICAL:=36,88:0,1}</p><p>den Verkaufspreis.</p><p>{1:NUMERICAL:=9:0,1}</p><p>die gewinnmaximale Menge.</p><p>{1:NUMERICAL:=54,9121:0,1}</p><p>die Gewinngrenze.</p><p>{1:NUMERICAL:=69,128:0,1}</p>]]></text></questiontext></question><question type="cloze"><name><text>04 </text></name><questiontext format="html"><text><![CDATA[Es liegen folgende Informationen vor:</p> <p>\( E(x)=15x \)</p> <p>\( K(x)=0,4x^3-3,9x^2+16x+26 \)</p> <p>\( G(x)=-0,4x^3+3,9x^2-x-26 \)</p> <p>\( p(x)=15 \)</p> <p>Die Kapazitätsgrenze beträgt 10 Mengeneinheiten.</p> <p>Bestimmen Sie (auf 2 NKS gerundet)<p>die Menge beim Übergang vom degressiven zum progressiven Kostenwachstum.</p><p>{1:NUMERICAL:=3,25:0,1}</p><p>die Gewinnschwelle.</p><p>{1:NUMERICAL:=3,404:0,1}</p><p>den Verkaufspreis.</p><p>{1:NUMERICAL:=15:0,1}</p><p>die gewinnmaximale Menge.</p><p>{1:NUMERICAL:=6,3692:0,1}</p><p>den maximalen Erlös.</p><p>{1:NUMERICAL:=150:0,1}</p><p>den maximalen Gewinn.</p><p>{1:NUMERICAL:=22,49:0,1}</p><p>die Fixkosten.</p><p>{1:NUMERICAL:=26:0,1}</p><p>die Gewinngrenze.</p><p>{1:NUMERICAL:=8,574:0,1}</p>]]></text></questiontext></question><question type="cloze"><name><text>05 </text></name><questiontext format="html"><text><![CDATA[Es liegen folgende Informationen vor:</p> <p>\( E(x)=36x \)</p> <p>\( K(x)=0,28x^3-5,8x^2+47x+98 \)</p> <p>\( G(x)=-0,28x^3+5,8x^2-11x-98 \)</p> <p>\( p(x)=36 \)</p> <p>Die Kapazitätsgrenze beträgt 19 Mengeneinheiten.</p> <p>Bestimmen Sie (auf 2 NKS gerundet)<p>die gewinnmaximale Menge.</p><p>{1:NUMERICAL:=12,7853:0,1}</p><p>die Fixkosten.</p><p>{1:NUMERICAL:=98:0,1}</p><p>die Menge beim Übergang vom degressiven zum progressiven Kostenwachstum.</p><p>{1:NUMERICAL:=6,9048:0,1}</p><p>die Gewinngrenze.</p><p>{1:NUMERICAL:=17,264:0,1}</p><p>den Verkaufspreis.</p><p>{1:NUMERICAL:=36:0,1}</p><p>den maximalen Erlös.</p><p>{1:NUMERICAL:=684:0,1}</p><p>den maximalen Gewinn.</p><p>{1:NUMERICAL:=124,2705:0,1}</p><p>die Gewinnschwelle.</p><p>{1:NUMERICAL:=6,547:0,1}</p>]]></text></questiontext></question><question type="cloze"><name><text>06 </text></name><questiontext format="html"><text><![CDATA[Es liegen folgende Informationen vor:</p> <p>\( E(x)=7,7x \)</p> <p>\( K(x)=0,003x^3-0,3x^2+11x+120 \)</p> <p>\( G(x)=-0,003x^3+0,3x^2-3,3x-120 \)</p> <p>\( p(x)=7,7 \)</p> <p>Die Kapazitätsgrenze beträgt 89 Mengeneinheiten.</p> <p>Bestimmen Sie (auf 2 NKS gerundet)<p>den maximalen Gewinn.</p><p>{1:NUMERICAL:=114,093:0,1}</p><p>die Gewinngrenze.</p><p>{1:NUMERICAL:=80:0,1}</p><p>die Menge beim Übergang vom degressiven zum progressiven Kostenwachstum.</p><p>{1:NUMERICAL:=33,3333:0,1}</p><p>den maximalen Erlös.</p><p>{1:NUMERICAL:=685,3:0,1}</p><p>die Fixkosten.</p><p>{1:NUMERICAL:=120:0,1}</p><p>die gewinnmaximale Menge.</p><p>{1:NUMERICAL:=60,6178:0,1}</p><p>die Gewinnschwelle.</p><p>{1:NUMERICAL:=34,495:0,1}</p><p>den Verkaufspreis.</p><p>{1:NUMERICAL:=7,7:0,1}</p>]]></text></questiontext></question><question type="cloze"><name><text>07 </text></name><questiontext format="html"><text><![CDATA[Es liegen folgende Informationen vor:</p> <p>\( E(x)=5,7x \)</p> <p>\( K(x)=0,0037x^3-0,31x^2+9x+77 \)</p> <p>\( G(x)=-0,0037x^3+0,31x^2-3,3x-77 \)</p> <p>\( p(x)=5,7 \)</p> <p>Die Kapazitätsgrenze beträgt 72 Mengeneinheiten.</p> <p>Bestimmen Sie (auf 2 NKS gerundet)<p>den maximalen Gewinn.</p><p>{1:NUMERICAL:=70,5026:0,1}</p><p>die gewinnmaximale Menge.</p><p>{1:NUMERICAL:=49,8977:0,1}</p><p>die Menge beim Übergang vom degressiven zum progressiven Kostenwachstum.</p><p>{1:NUMERICAL:=27,9279:0,1}</p><p>die Gewinngrenze.</p><p>{1:NUMERICAL:=65,214:0,1}</p><p>die Gewinnschwelle.</p><p>{1:NUMERICAL:=29,418:0,1}</p><p>die Fixkosten.</p><p>{1:NUMERICAL:=77:0,1}</p><p>den Verkaufspreis.</p><p>{1:NUMERICAL:=5,7:0,1}</p><p>den maximalen Erlös.</p><p>{1:NUMERICAL:=410,4:0,1}</p>]]></text></questiontext></question><question type="cloze"><name><text>08 </text></name><questiontext format="html"><text><![CDATA[Es liegen folgende Informationen vor:</p> <p>\( E(x)=20x \)</p> <p>\( K(x)=0,069x^3-1,7x^2+22x+73 \)</p> <p>\( G(x)=-0,069x^3+1,7x^2-2x-73 \)</p> <p>\( p(x)=20 \)</p> <p>Die Kapazitätsgrenze beträgt 23 Mengeneinheiten.</p> <p>Bestimmen Sie (auf 2 NKS gerundet)<p>die Gewinnschwelle.</p><p>{1:NUMERICAL:=9,306:0,1}</p><p>die Menge beim Übergang vom degressiven zum progressiven Kostenwachstum.</p><p>{1:NUMERICAL:=8,2126:0,1}</p><p>den maximalen Erlös.</p><p>{1:NUMERICAL:=460:0,1}</p><p>die gewinnmaximale Menge.</p><p>{1:NUMERICAL:=15,8142:0,1}</p><p>die Gewinngrenze.</p><p>{1:NUMERICAL:=20,798:0,1}</p><p>den maximalen Gewinn.</p><p>{1:NUMERICAL:=47,6308:0,1}</p><p>die Fixkosten.</p><p>{1:NUMERICAL:=73:0,1}</p><p>den Verkaufspreis.</p><p>{1:NUMERICAL:=20:0,1}</p>]]></text></questiontext></question><question type="cloze"><name><text>09 </text></name><questiontext format="html"><text><![CDATA[Es liegen folgende Informationen vor:</p> <p>\( E(x)=20x \)</p> <p>\( K(x)=0,05x^3-1,9x^2+26x+140 \)</p> <p>\( G(x)=-0,05x^3+1,9x^2-6x-140 \)</p> <p>\( p(x)=20 \)</p> <p>Die Kapazitätsgrenze beträgt 35 Mengeneinheiten.</p> <p>Bestimmen Sie (auf 2 NKS gerundet)<p>die gewinnmaximale Menge.</p><p>{1:NUMERICAL:=23,6414:0,1}</p><p>die Gewinngrenze.</p><p>{1:NUMERICAL:=31,311:0,1}</p><p>den Verkaufspreis.</p><p>{1:NUMERICAL:=20:0,1}</p><p>den maximalen Gewinn.</p><p>{1:NUMERICAL:=119,414:0,1}</p><p>die Gewinnschwelle.</p><p>{1:NUMERICAL:=13,375:0,1}</p><p>die Menge beim Übergang vom degressiven zum progressiven Kostenwachstum.</p><p>{1:NUMERICAL:=12,6667:0,1}</p><p>den maximalen Erlös.</p><p>{1:NUMERICAL:=700:0,1}</p><p>die Fixkosten.</p><p>{1:NUMERICAL:=140:0,1}</p>]]></text></questiontext></question><question type="cloze"><name><text>10 </text></name><questiontext format="html"><text><![CDATA[Es liegen folgende Informationen vor:</p> <p>\( E(x)=10x \)</p> <p>\( K(x)=0,069x^3-1,4x^2+13x+29 \)</p> <p>\( G(x)=-0,069x^3+1,4x^2-3x-29 \)</p> <p>\( p(x)=10 \)</p> <p>Die Kapazitätsgrenze beträgt 18 Mengeneinheiten.</p> <p>Bestimmen Sie (auf 2 NKS gerundet)<p>die Fixkosten.</p><p>{1:NUMERICAL:=29:0,1}</p><p>die gewinnmaximale Menge.</p><p>{1:NUMERICAL:=12,3534:0,1}</p><p>den Verkaufspreis.</p><p>{1:NUMERICAL:=10:0,1}</p><p>die Gewinngrenze.</p><p>{1:NUMERICAL:=15,888:0,1}</p><p>den maximalen Erlös.</p><p>{1:NUMERICAL:=180:0,1}</p><p>die Menge beim Übergang vom degressiven zum progressiven Kostenwachstum.</p><p>{1:NUMERICAL:=6,7633:0,1}</p><p>die Gewinnschwelle.</p><p>{1:NUMERICAL:=7,795:0,1}</p><p>den maximalen Gewinn.</p><p>{1:NUMERICAL:=17,5095:0,1}</p>]]></text></questiontext></question><question type="cloze"><name><text>11 </text></name><questiontext format="html"><text><![CDATA[Es liegen folgende Informationen vor:</p> <p>\( E(x)=8x \)</p> <p>\( K(x)=0,0034x^3-0,36x^2+13x+82 \)</p> <p>\( G(x)=-0,0034x^3+0,36x^2-5x-82 \)</p> <p>\( p(x)=8 \)</p> <p>Die Kapazitätsgrenze beträgt 94 Mengeneinheiten.</p> <p>Bestimmen Sie (auf 2 NKS gerundet)<p>die gewinnmaximale Menge.</p><p>{1:NUMERICAL:=62,7801:0,1}</p><p>die Gewinngrenze.</p><p>{1:NUMERICAL:=85,338:0,1}</p><p>den maximalen Gewinn.</p><p>{1:NUMERICAL:=181,6938:0,1}</p><p>die Gewinnschwelle.</p><p>{1:NUMERICAL:=29,974:0,1}</p><p>den maximalen Erlös.</p><p>{1:NUMERICAL:=752:0,1}</p><p>die Menge beim Übergang vom degressiven zum progressiven Kostenwachstum.</p><p>{1:NUMERICAL:=35,2941:0,1}</p><p>die Fixkosten.</p><p>{1:NUMERICAL:=82:0,1}</p><p>den Verkaufspreis.</p><p>{1:NUMERICAL:=8:0,1}</p>]]></text></questiontext></question><question type="cloze"><name><text>12 </text></name><questiontext format="html"><text><![CDATA[Es liegen folgende Informationen vor:</p> <p>\( E(x)=12x \)</p> <p>\( K(x)=0,016x^3-0,64x^2+11x+55 \)</p> <p>\( G(x)=-0,016x^3+0,64x^2+x-55 \)</p> <p>\( p(x)=12 \)</p> <p>Die Kapazitätsgrenze beträgt 44 Mengeneinheiten.</p> <p>Bestimmen Sie (auf 2 NKS gerundet)<p>die Fixkosten.</p><p>{1:NUMERICAL:=55:0,1}</p><p>die Menge beim Übergang vom degressiven zum progressiven Kostenwachstum.</p><p>{1:NUMERICAL:=13,3333:0,1}</p><p>den Verkaufspreis.</p><p>{1:NUMERICAL:=12:0,1}</p><p>den maximalen Erlös.</p><p>{1:NUMERICAL:=528:0,1}</p><p>die Gewinnschwelle.</p><p>{1:NUMERICAL:=9,665:0,1}</p><p>die gewinnmaximale Menge.</p><p>{1:NUMERICAL:=27,4263:0,1}</p><p>den maximalen Gewinn.</p><p>{1:NUMERICAL:=123,7537:0,1}</p><p>die Gewinngrenze.</p><p>{1:NUMERICAL:=39,369:0,1}</p>]]></text></questiontext></question><question type="cloze"><name><text>13 </text></name><questiontext format="html"><text><![CDATA[Es liegen folgende Informationen vor:</p> <p>\( E(x)=5,8x \)</p> <p>\( K(x)=0,0024x^3-0,26x^2+10x+100 \)</p> <p>\( G(x)=-0,0024x^3+0,26x^2-4,2x-100 \)</p> <p>\( p(x)=5,8 \)</p> <p>Die Kapazitätsgrenze beträgt 88 Mengeneinheiten.</p> <p>Bestimmen Sie (auf 2 NKS gerundet)<p>die gewinnmaximale Menge.</p><p>{1:NUMERICAL:=62,9566:0,1}</p><p>die Gewinngrenze.</p><p>{1:NUMERICAL:=79,907:0,1}</p><p>die Menge beim Übergang vom degressiven zum progressiven Kostenwachstum.</p><p>{1:NUMERICAL:=36,1111:0,1}</p><p>die Fixkosten.</p><p>{1:NUMERICAL:=100:0,1}</p><p>den Verkaufspreis.</p><p>{1:NUMERICAL:=5,8:0,1}</p><p>den maximalen Gewinn.</p><p>{1:NUMERICAL:=67,2276:0,1}</p><p>die Gewinnschwelle.</p><p>{1:NUMERICAL:=41,11:0,1}</p><p>den maximalen Erlös.</p><p>{1:NUMERICAL:=510,4:0,1}</p>]]></text></questiontext></question><question type="cloze"><name><text>14 </text></name><questiontext format="html"><text><![CDATA[Es liegen folgende Informationen vor:</p> <p>\( E(x)=62x \)</p> <p>\( K(x)=1,8x^3-22x^2+94x+120 \)</p> <p>\( G(x)=-1,8x^3+22x^2-32x-120 \)</p> <p>\( p(x)=62 \)</p> <p>Die Kapazitätsgrenze beträgt 11 Mengeneinheiten.</p> <p>Bestimmen Sie (auf 2 NKS gerundet)<p>die Fixkosten.</p><p>{1:NUMERICAL:=120:0,1}</p><p>die gewinnmaximale Menge.</p><p>{1:NUMERICAL:=7,3409:0,1}</p><p>den maximalen Erlös.</p><p>{1:NUMERICAL:=682:0,1}</p><p>den Verkaufspreis.</p><p>{1:NUMERICAL:=62:0,1}</p><p>die Gewinngrenze.</p><p>{1:NUMERICAL:=9,671:0,1}</p><p>die Gewinnschwelle.</p><p>{1:NUMERICAL:=4,195:0,1}</p><p>die Menge beim Übergang vom degressiven zum progressiven Kostenwachstum.</p><p>{1:NUMERICAL:=4,0741:0,1}</p><p>den maximalen Gewinn.</p><p>{1:NUMERICAL:=118,5788:0,1}</p>]]></text></questiontext></question><question type="cloze"><name><text>15 </text></name><questiontext format="html"><text><![CDATA[Es liegen folgende Informationen vor:</p> <p>\( E(x)=5x \)</p> <p>\( K(x)=0,0071x^3-0,45x^2+9,6x+46 \)</p> <p>\( G(x)=-0,0071x^3+0,45x^2-4,6x-46 \)</p> <p>\( p(x)=5 \)</p> <p>Die Kapazitätsgrenze beträgt 52 Mengeneinheiten.</p> <p>Bestimmen Sie (auf 2 NKS gerundet)<p>die gewinnmaximale Menge.</p><p>{1:NUMERICAL:=36,305:0,1}</p><p>die Gewinngrenze.</p><p>{1:NUMERICAL:=46,413:0,1}</p><p>die Gewinnschwelle.</p><p>{1:NUMERICAL:=23,029:0,1}</p><p>den maximalen Gewinn.</p><p>{1:NUMERICAL:=40,3723:0,1}</p><p>den Verkaufspreis.</p><p>{1:NUMERICAL:=5:0,1}</p><p>den maximalen Erlös.</p><p>{1:NUMERICAL:=260:0,1}</p><p>die Menge beim Übergang vom degressiven zum progressiven Kostenwachstum.</p><p>{1:NUMERICAL:=21,1268:0,1}</p><p>die Fixkosten.</p><p>{1:NUMERICAL:=46:0,1}</p>]]></text></questiontext></question><question type="cloze"><name><text>16 </text></name><questiontext format="html"><text><![CDATA[Es liegen folgende Informationen vor:</p> <p>\( E(x)=27x \)</p> <p>\( K(x)=0,056x^3-2,1x^2+34x+120 \)</p> <p>\( G(x)=-0,056x^3+2,1x^2-7x-120 \)</p> <p>\( p(x)=27 \)</p> <p>Die Kapazitätsgrenze beträgt 35 Mengeneinheiten.</p> <p>Bestimmen Sie (auf 2 NKS gerundet)<p>die Gewinngrenze.</p><p>{1:NUMERICAL:=31,326:0,1}</p><p>den maximalen Gewinn.</p><p>{1:NUMERICAL:=148,6226:0,1}</p><p>die Menge beim Übergang vom degressiven zum progressiven Kostenwachstum.</p><p>{1:NUMERICAL:=12,5:0,1}</p><p>die gewinnmaximale Menge.</p><p>{1:NUMERICAL:=23,2044:0,1}</p><p>den Verkaufspreis.</p><p>{1:NUMERICAL:=27:0,1}</p><p>die Gewinnschwelle.</p><p>{1:NUMERICAL:=11,915:0,1}</p><p>den maximalen Erlös.</p><p>{1:NUMERICAL:=945:0,1}</p><p>die Fixkosten.</p><p>{1:NUMERICAL:=120:0,1}</p>]]></text></questiontext></question><question type="cloze"><name><text>17 </text></name><questiontext format="html"><text><![CDATA[Es liegen folgende Informationen vor:</p> <p>\( E(x)=11x \)</p> <p>\( K(x)=0,0034x^3-0,25x^2+10x+160 \)</p> <p>\( G(x)=-0,0034x^3+0,25x^2+x-160 \)</p> <p>\( p(x)=11 \)</p> <p>Die Kapazitätsgrenze beträgt 75 Mengeneinheiten.</p> <p>Bestimmen Sie (auf 2 NKS gerundet)<p>die Gewinnschwelle.</p><p>{1:NUMERICAL:=29,533:0,1}</p><p>die Gewinngrenze.</p><p>{1:NUMERICAL:=67,576:0,1}</p><p>die Fixkosten.</p><p>{1:NUMERICAL:=160:0,1}</p><p>die Menge beim Übergang vom degressiven zum progressiven Kostenwachstum.</p><p>{1:NUMERICAL:=24,5098:0,1}</p><p>den maximalen Gewinn.</p><p>{1:NUMERICAL:=90,2374:0,1}</p><p>die gewinnmaximale Menge.</p><p>{1:NUMERICAL:=50,9441:0,1}</p><p>den Verkaufspreis.</p><p>{1:NUMERICAL:=11:0,1}</p><p>den maximalen Erlös.</p><p>{1:NUMERICAL:=825:0,1}</p>]]></text></questiontext></question><question type="cloze"><name><text>18 </text></name><questiontext format="html"><text><![CDATA[Es liegen folgende Informationen vor:</p> <p>\( E(x)=4,5x \)</p> <p>\( K(x)=0,0033x^3-0,29x^2+9,1x+46 \)</p> <p>\( G(x)=-0,0033x^3+0,29x^2-4,6x-46 \)</p> <p>\( p(x)=4,5 \)</p> <p>Die Kapazitätsgrenze beträgt 68 Mengeneinheiten.</p> <p>Bestimmen Sie (auf 2 NKS gerundet)<p>die Gewinngrenze.</p><p>{1:NUMERICAL:=61,553:0,1}</p><p>den maximalen Gewinn.</p><p>{1:NUMERICAL:=36,6515:0,1}</p><p>die Gewinnschwelle.</p><p>{1:NUMERICAL:=33,156:0,1}</p><p>die Fixkosten.</p><p>{1:NUMERICAL:=46:0,1}</p><p>den Verkaufspreis.</p><p>{1:NUMERICAL:=4,5:0,1}</p><p>die Menge beim Übergang vom degressiven zum progressiven Kostenwachstum.</p><p>{1:NUMERICAL:=29,2929:0,1}</p><p>den maximalen Erlös.</p><p>{1:NUMERICAL:=306:0,1}</p><p>die gewinnmaximale Menge.</p><p>{1:NUMERICAL:=49,128:0,1}</p>]]></text></questiontext></question><question type="cloze"><name><text>19 </text></name><questiontext format="html"><text><![CDATA[Es liegen folgende Informationen vor:</p> <p>\( E(x)=40x \)</p> <p>\( K(x)=1,2x^3-13x^2+62x+48 \)</p> <p>\( G(x)=-1,2x^3+13x^2-22x-48 \)</p> <p>\( p(x)=40 \)</p> <p>Die Kapazitätsgrenze beträgt 9 Mengeneinheiten.</p> <p>Bestimmen Sie (auf 2 NKS gerundet)<p>die Gewinngrenze.</p><p>{1:NUMERICAL:=7,847:0,1}</p><p>den Verkaufspreis.</p><p>{1:NUMERICAL:=40:0,1}</p><p>den maximalen Erlös.</p><p>{1:NUMERICAL:=360:0,1}</p><p>die Gewinnschwelle.</p><p>{1:NUMERICAL:=4,2:0,1}</p><p>die Menge beim Übergang vom degressiven zum progressiven Kostenwachstum.</p><p>{1:NUMERICAL:=3,6111:0,1}</p><p>die Fixkosten.</p><p>{1:NUMERICAL:=48:0,1}</p><p>den maximalen Gewinn.</p><p>{1:NUMERICAL:=29,3442:0,1}</p><p>die gewinnmaximale Menge.</p><p>{1:NUMERICAL:=6,2434:0,1}</p>]]></text></questiontext></question><question type="cloze"><name><text>20 </text></name><questiontext format="html"><text><![CDATA[Es liegen folgende Informationen vor:</p> <p>\( E(x)=4,9x \)</p> <p>\( K(x)=0,0035x^3-0,21x^2+5,4x+58 \)</p> <p>\( G(x)=-0,0035x^3+0,21x^2-0,5x-58 \)</p> <p>\( p(x)=4,9 \)</p> <p>Die Kapazitätsgrenze beträgt 56 Mengeneinheiten.</p> <p>Bestimmen Sie (auf 2 NKS gerundet)<p>den maximalen Gewinn.</p><p>{1:NUMERICAL:=34,3038:0,1}</p><p>die Fixkosten.</p><p>{1:NUMERICAL:=58:0,1}</p><p>die Gewinnschwelle.</p><p>{1:NUMERICAL:=23,277:0,1}</p><p>den maximalen Erlös.</p><p>{1:NUMERICAL:=274,4:0,1}</p><p>die gewinnmaximale Menge.</p><p>{1:NUMERICAL:=38,7718:0,1}</p><p>die Gewinngrenze.</p><p>{1:NUMERICAL:=50,751:0,1}</p><p>die Menge beim Übergang vom degressiven zum progressiven Kostenwachstum.</p><p>{1:NUMERICAL:=20:0,1}</p><p>den Verkaufspreis.</p><p>{1:NUMERICAL:=4,9:0,1}</p>]]></text></questiontext></question></quiz>