<?xml version="1.0" encoding="UTF-8" standalone="yes"?>
<quiz><question type="category"><category><text>Analysis/Wirtschaft/Ökonomische Funktionen/KennzahlenRechnerisch/E2K3</text></category><info format="html"><text /></info><idnumber /></question><question type="cloze"><name><text>01 </text></name><questiontext format="html"><text><![CDATA[Es liegen folgende Informationen vor:</p> <p>\( E(x)=-6,9x^2+100x \)</p> <p>\( K(x)=0,29x^3-4,4x^2+40x+130 \)</p> <p>\( G(x)=-0,29x^3-2,5x^2+60x-130 \)</p> <p>\( p(x)=-6,9x+100 \)</p> <p>Bestimmen Sie (auf 2 NKS gerundet)<p>den maximalen Gewinn.</p><p>{1:NUMERICAL:=77,4166:0,1}</p><p>die Gewinnschwelle.</p><p>{1:NUMERICAL:=2,504:0,1}</p><p>die erlösmaximale Menge.</p><p>{1:NUMERICAL:=7,2464:0,1}</p><p>die Sättigungsmenge.</p><p>{1:NUMERICAL:=14,4928:0,1}</p><p>den maximalen Erlös.</p><p>{1:NUMERICAL:=362,3188:0,1}</p><p>den gewinnmaximalen Verkaufspreis.</p><p>{1:NUMERICAL:=59,1928:0,1}</p><p>die Gewinngrenze.</p><p>{1:NUMERICAL:=8,928:0,1}</p><p>die Menge beim Übergang vom degressiven zum progressiven Kostenwachstum.</p><p>{1:NUMERICAL:=5,0575:0,1}</p><p>die gewinnmaximale Menge.</p><p>{1:NUMERICAL:=5,9141:0,1}</p><p>den Höchstpreis.</p><p>{1:NUMERICAL:=100:0,1}</p><p>die Fixkosten.</p><p>{1:NUMERICAL:=130:0,1}</p>]]></text></questiontext></question><question type="cloze"><name><text>02 </text></name><questiontext format="html"><text><![CDATA[Es liegen folgende Informationen vor:</p> <p>\( E(x)=-0,31x^2+30x \)</p> <p>\( K(x)=0,0014x^3-0,21x^2+12x+130 \)</p> <p>\( G(x)=-0,0014x^3-0,1x^2+18x-130 \)</p> <p>\( p(x)=-0,31x+30 \)</p> <p>Bestimmen Sie (auf 2 NKS gerundet)<p>die gewinnmaximale Menge.</p><p>{1:NUMERICAL:=45,8511:0,1}</p><p>die Gewinngrenze.</p><p>{1:NUMERICAL:=78,052:0,1}</p><p>den Höchstpreis.</p><p>{1:NUMERICAL:=30:0,1}</p><p>die Menge beim Übergang vom degressiven zum progressiven Kostenwachstum.</p><p>{1:NUMERICAL:=50:0,1}</p><p>die Fixkosten.</p><p>{1:NUMERICAL:=130:0,1}</p><p>die Sättigungsmenge.</p><p>{1:NUMERICAL:=96,7742:0,1}</p><p>den maximalen Gewinn.</p><p>{1:NUMERICAL:=350,1361:0,1}</p><p>den maximalen Erlös.</p><p>{1:NUMERICAL:=725,8065:0,1}</p><p>die Gewinnschwelle.</p><p>{1:NUMERICAL:=7,575:0,1}</p><p>die erlösmaximale Menge.</p><p>{1:NUMERICAL:=48,3871:0,1}</p><p>den gewinnmaximalen Verkaufspreis.</p><p>{1:NUMERICAL:=15,7861:0,1}</p>]]></text></questiontext></question><question type="cloze"><name><text>03 </text></name><questiontext format="html"><text><![CDATA[Es liegen folgende Informationen vor:</p> <p>\( E(x)=-x^2+21x \)</p> <p>\( K(x)=0,058x^3-0,75x^2+9,6x+29 \)</p> <p>\( G(x)=-0,058x^3-0,25x^2+11,4x-29 \)</p> <p>\( p(x)=-x+21 \)</p> <p>Bestimmen Sie (auf 2 NKS gerundet)<p>die Gewinnschwelle.</p><p>{1:NUMERICAL:=2,837:0,1}</p><p>den maximalen Erlös.</p><p>{1:NUMERICAL:=110,25:0,1}</p><p>die erlösmaximale Menge.</p><p>{1:NUMERICAL:=10,5:0,1}</p><p>die Menge beim Übergang vom degressiven zum progressiven Kostenwachstum.</p><p>{1:NUMERICAL:=4,3103:0,1}</p><p>die Fixkosten.</p><p>{1:NUMERICAL:=29:0,1}</p><p>die gewinnmaximale Menge.</p><p>{1:NUMERICAL:=6,784:0,1}</p><p>die Gewinngrenze.</p><p>{1:NUMERICAL:=10,176:0,1}</p><p>den maximalen Gewinn.</p><p>{1:NUMERICAL:=18,7233:0,1}</p><p>den Höchstpreis.</p><p>{1:NUMERICAL:=21:0,1}</p><p>den gewinnmaximalen Verkaufspreis.</p><p>{1:NUMERICAL:=14,216:0,1}</p><p>die Sättigungsmenge.</p><p>{1:NUMERICAL:=21:0,1}</p>]]></text></questiontext></question><question type="cloze"><name><text>04 </text></name><questiontext format="html"><text><![CDATA[Es liegen folgende Informationen vor:</p> <p>\( E(x)=-1,2x^2+60x \)</p> <p>\( K(x)=0,013x^3-0,84x^2+20x+93 \)</p> <p>\( G(x)=-0,013x^3-0,36x^2+40x-93 \)</p> <p>\( p(x)=-1,2x+60 \)</p> <p>Bestimmen Sie (auf 2 NKS gerundet)<p>den maximalen Gewinn.</p><p>{1:NUMERICAL:=479,9406:0,1}</p><p>die Fixkosten.</p><p>{1:NUMERICAL:=93:0,1}</p><p>die Sättigungsmenge.</p><p>{1:NUMERICAL:=50:0,1}</p><p>die Gewinngrenze.</p><p>{1:NUMERICAL:=41,809:0,1}</p><p>den maximalen Erlös.</p><p>{1:NUMERICAL:=750:0,1}</p><p>den Höchstpreis.</p><p>{1:NUMERICAL:=60:0,1}</p><p>den gewinnmaximalen Verkaufspreis.</p><p>{1:NUMERICAL:=31,0817:0,1}</p><p>die Menge beim Übergang vom degressiven zum progressiven Kostenwachstum.</p><p>{1:NUMERICAL:=21,5385:0,1}</p><p>die Gewinnschwelle.</p><p>{1:NUMERICAL:=2,381:0,1}</p><p>die gewinnmaximale Menge.</p><p>{1:NUMERICAL:=24,0986:0,1}</p><p>die erlösmaximale Menge.</p><p>{1:NUMERICAL:=25:0,1}</p>]]></text></questiontext></question><question type="cloze"><name><text>05 </text></name><questiontext format="html"><text><![CDATA[Es liegen folgende Informationen vor:</p> <p>\( E(x)=-1,9x^2+55x \)</p> <p>\( K(x)=0,027x^3-0,94x^2+16x+140 \)</p> <p>\( G(x)=-0,027x^3-0,96x^2+39x-140 \)</p> <p>\( p(x)=-1,9x+55 \)</p> <p>Bestimmen Sie (auf 2 NKS gerundet)<p>den maximalen Erlös.</p><p>{1:NUMERICAL:=398,0263:0,1}</p><p>die erlösmaximale Menge.</p><p>{1:NUMERICAL:=14,4737:0,1}</p><p>den gewinnmaximalen Verkaufspreis.</p><p>{1:NUMERICAL:=30,1346:0,1}</p><p>den Höchstpreis.</p><p>{1:NUMERICAL:=55:0,1}</p><p>die Fixkosten.</p><p>{1:NUMERICAL:=140:0,1}</p><p>die gewinnmaximale Menge.</p><p>{1:NUMERICAL:=13,087:0,1}</p><p>die Menge beim Übergang vom degressiven zum progressiven Kostenwachstum.</p><p>{1:NUMERICAL:=11,6049:0,1}</p><p>den maximalen Gewinn.</p><p>{1:NUMERICAL:=145,4563:0,1}</p><p>die Gewinnschwelle.</p><p>{1:NUMERICAL:=4,037:0,1}</p><p>die Gewinngrenze.</p><p>{1:NUMERICAL:=21,149:0,1}</p><p>die Sättigungsmenge.</p><p>{1:NUMERICAL:=28,9474:0,1}</p>]]></text></questiontext></question><question type="cloze"><name><text>06 </text></name><questiontext format="html"><text><![CDATA[Es liegen folgende Informationen vor:</p> <p>\( E(x)=-0,46x^2+20x \)</p> <p>\( K(x)=0,0051x^3-0,23x^2+5x+56 \)</p> <p>\( G(x)=-0,0051x^3-0,23x^2+15x-56 \)</p> <p>\( p(x)=-0,46x+20 \)</p> <p>Bestimmen Sie (auf 2 NKS gerundet)<p>den Höchstpreis.</p><p>{1:NUMERICAL:=20:0,1}</p><p>den gewinnmaximalen Verkaufspreis.</p><p>{1:NUMERICAL:=10,9379:0,1}</p><p>den maximalen Erlös.</p><p>{1:NUMERICAL:=217,3913:0,1}</p><p>die Fixkosten.</p><p>{1:NUMERICAL:=56:0,1}</p><p>die Gewinngrenze.</p><p>{1:NUMERICAL:=33,307:0,1}</p><p>den maximalen Gewinn.</p><p>{1:NUMERICAL:=111,2479:0,1}</p><p>die erlösmaximale Menge.</p><p>{1:NUMERICAL:=21,7391:0,1}</p><p>die gewinnmaximale Menge.</p><p>{1:NUMERICAL:=19,7002:0,1}</p><p>die Gewinnschwelle.</p><p>{1:NUMERICAL:=4,001:0,1}</p><p>die Menge beim Übergang vom degressiven zum progressiven Kostenwachstum.</p><p>{1:NUMERICAL:=15,0327:0,1}</p><p>die Sättigungsmenge.</p><p>{1:NUMERICAL:=43,4783:0,1}</p>]]></text></questiontext></question><question type="cloze"><name><text>07 </text></name><questiontext format="html"><text><![CDATA[Es liegen folgende Informationen vor:</p> <p>\( E(x)=-4,2x^2+110x \)</p> <p>\( K(x)=0,14x^3-3,2x^2+40x+110 \)</p> <p>\( G(x)=-0,14x^3-x^2+70x-110 \)</p> <p>\( p(x)=-4,2x+110 \)</p> <p>Bestimmen Sie (auf 2 NKS gerundet)<p>die Sättigungsmenge.</p><p>{1:NUMERICAL:=26,1905:0,1}</p><p>den Höchstpreis.</p><p>{1:NUMERICAL:=110:0,1}</p><p>den maximalen Gewinn.</p><p>{1:NUMERICAL:=353,016:0,1}</p><p>den maximalen Erlös.</p><p>{1:NUMERICAL:=720,2381:0,1}</p><p>die erlösmaximale Menge.</p><p>{1:NUMERICAL:=13,0952:0,1}</p><p>den gewinnmaximalen Verkaufspreis.</p><p>{1:NUMERICAL:=64,8638:0,1}</p><p>die Gewinnschwelle.</p><p>{1:NUMERICAL:=1,618:0,1}</p><p>die Gewinngrenze.</p><p>{1:NUMERICAL:=18,092:0,1}</p><p>die Menge beim Übergang vom degressiven zum progressiven Kostenwachstum.</p><p>{1:NUMERICAL:=7,619:0,1}</p><p>die gewinnmaximale Menge.</p><p>{1:NUMERICAL:=10,7467:0,1}</p><p>die Fixkosten.</p><p>{1:NUMERICAL:=110:0,1}</p>]]></text></questiontext></question><question type="cloze"><name><text>08 </text></name><questiontext format="html"><text><![CDATA[Es liegen folgende Informationen vor:</p> <p>\( E(x)=-1,5x^2+46x \)</p> <p>\( K(x)=0,048x^3-0,97x^2+21x+55 \)</p> <p>\( G(x)=-0,048x^3-0,53x^2+25x-55 \)</p> <p>\( p(x)=-1,5x+46 \)</p> <p>Bestimmen Sie (auf 2 NKS gerundet)<p>die Menge beim Übergang vom degressiven zum progressiven Kostenwachstum.</p><p>{1:NUMERICAL:=6,7361:0,1}</p><p>die gewinnmaximale Menge.</p><p>{1:NUMERICAL:=10:0,1}</p><p>den maximalen Erlös.</p><p>{1:NUMERICAL:=352,6667:0,1}</p><p>den maximalen Gewinn.</p><p>{1:NUMERICAL:=94:0,1}</p><p>die Gewinnschwelle.</p><p>{1:NUMERICAL:=2,341:0,1}</p><p>die Sättigungsmenge.</p><p>{1:NUMERICAL:=30,6667:0,1}</p><p>die erlösmaximale Menge.</p><p>{1:NUMERICAL:=15,3333:0,1}</p><p>den Höchstpreis.</p><p>{1:NUMERICAL:=46:0,1}</p><p>die Gewinngrenze.</p><p>{1:NUMERICAL:=16,423:0,1}</p><p>die Fixkosten.</p><p>{1:NUMERICAL:=55:0,1}</p><p>den gewinnmaximalen Verkaufspreis.</p><p>{1:NUMERICAL:=31:0,1}</p>]]></text></questiontext></question><question type="cloze"><name><text>09 </text></name><questiontext format="html"><text><![CDATA[Es liegen folgende Informationen vor:</p> <p>\( E(x)=-0,52x^2+27x \)</p> <p>\( K(x)=0,0043x^3-0,38x^2+15x+98 \)</p> <p>\( G(x)=-0,0043x^3-0,14x^2+12x-98 \)</p> <p>\( p(x)=-0,52x+27 \)</p> <p>Bestimmen Sie (auf 2 NKS gerundet)<p>die Sättigungsmenge.</p><p>{1:NUMERICAL:=51,9231:0,1}</p><p>die Gewinngrenze.</p><p>{1:NUMERICAL:=32,169:0,1}</p><p>den maximalen Erlös.</p><p>{1:NUMERICAL:=350,4808:0,1}</p><p>den Höchstpreis.</p><p>{1:NUMERICAL:=27:0,1}</p><p>die Fixkosten.</p><p>{1:NUMERICAL:=98:0,1}</p><p>den maximalen Gewinn.</p><p>{1:NUMERICAL:=52,5502:0,1}</p><p>die gewinnmaximale Menge.</p><p>{1:NUMERICAL:=21,5203:0,1}</p><p>den gewinnmaximalen Verkaufspreis.</p><p>{1:NUMERICAL:=15,8094:0,1}</p><p>die Gewinnschwelle.</p><p>{1:NUMERICAL:=9,54:0,1}</p><p>die erlösmaximale Menge.</p><p>{1:NUMERICAL:=25,9615:0,1}</p><p>die Menge beim Übergang vom degressiven zum progressiven Kostenwachstum.</p><p>{1:NUMERICAL:=29,4574:0,1}</p>]]></text></questiontext></question><question type="cloze"><name><text>10 </text></name><questiontext format="html"><text><![CDATA[Es liegen folgende Informationen vor:</p> <p>\( E(x)=-15x^2+120x \)</p> <p>\( K(x)=1,2x^3-13x^2+60x+72 \)</p> <p>\( G(x)=-1,2x^3-2x^2+60x-72 \)</p> <p>\( p(x)=-15x+120 \)</p> <p>Bestimmen Sie (auf 2 NKS gerundet)<p>die erlösmaximale Menge.</p><p>{1:NUMERICAL:=4:0,1}</p><p>die Gewinngrenze.</p><p>{1:NUMERICAL:=5,469:0,1}</p><p>die Sättigungsmenge.</p><p>{1:NUMERICAL:=8:0,1}</p><p>den Höchstpreis.</p><p>{1:NUMERICAL:=120:0,1}</p><p>die Menge beim Übergang vom degressiven zum progressiven Kostenwachstum.</p><p>{1:NUMERICAL:=3,6111:0,1}</p><p>den maximalen Erlös.</p><p>{1:NUMERICAL:=240:0,1}</p><p>die Fixkosten.</p><p>{1:NUMERICAL:=72:0,1}</p><p>den maximalen Gewinn.</p><p>{1:NUMERICAL:=62,1115:0,1}</p><p>den gewinnmaximalen Verkaufspreis.</p><p>{1:NUMERICAL:=66,5317:0,1}</p><p>die gewinnmaximale Menge.</p><p>{1:NUMERICAL:=3,5646:0,1}</p><p>die Gewinnschwelle.</p><p>{1:NUMERICAL:=1,301:0,1}</p>]]></text></questiontext></question><question type="cloze"><name><text>11 </text></name><questiontext format="html"><text><![CDATA[Es liegen folgende Informationen vor:</p> <p>\( E(x)=-0,19x^2+14x \)</p> <p>\( K(x)=0,0016x^3-0,12x^2+5,1x+73 \)</p> <p>\( G(x)=-0,0016x^3-0,07x^2+8,9x-73 \)</p> <p>\( p(x)=-0,19x+14 \)</p> <p>Bestimmen Sie (auf 2 NKS gerundet)<p>den maximalen Erlös.</p><p>{1:NUMERICAL:=257,8947:0,1}</p><p>die Gewinngrenze.</p><p>{1:NUMERICAL:=49,7:0,1}</p><p>die Sättigungsmenge.</p><p>{1:NUMERICAL:=73,6842:0,1}</p><p>die Gewinnschwelle.</p><p>{1:NUMERICAL:=8,964:0,1}</p><p>die Menge beim Übergang vom degressiven zum progressiven Kostenwachstum.</p><p>{1:NUMERICAL:=25:0,1}</p><p>den Höchstpreis.</p><p>{1:NUMERICAL:=14:0,1}</p><p>die gewinnmaximale Menge.</p><p>{1:NUMERICAL:=30,8792:0,1}</p><p>den maximalen Gewinn.</p><p>{1:NUMERICAL:=87,9676:0,1}</p><p>die Fixkosten.</p><p>{1:NUMERICAL:=73:0,1}</p><p>den gewinnmaximalen Verkaufspreis.</p><p>{1:NUMERICAL:=8,133:0,1}</p><p>die erlösmaximale Menge.</p><p>{1:NUMERICAL:=36,8421:0,1}</p>]]></text></questiontext></question><question type="cloze"><name><text>12 </text></name><questiontext format="html"><text><![CDATA[Es liegen folgende Informationen vor:</p> <p>\( E(x)=-2x^2+50x \)</p> <p>\( K(x)=0,047x^3-1,2x^2+19x+72 \)</p> <p>\( G(x)=-0,047x^3-0,8x^2+31x-72 \)</p> <p>\( p(x)=-2x+50 \)</p> <p>Bestimmen Sie (auf 2 NKS gerundet)<p>die Menge beim Übergang vom degressiven zum progressiven Kostenwachstum.</p><p>{1:NUMERICAL:=8,5106:0,1}</p><p>die erlösmaximale Menge.</p><p>{1:NUMERICAL:=12,5:0,1}</p><p>den maximalen Erlös.</p><p>{1:NUMERICAL:=312,5:0,1}</p><p>den Höchstpreis.</p><p>{1:NUMERICAL:=50:0,1}</p><p>die Sättigungsmenge.</p><p>{1:NUMERICAL:=25:0,1}</p><p>den maximalen Gewinn.</p><p>{1:NUMERICAL:=111,0912:0,1}</p><p>den gewinnmaximalen Verkaufspreis.</p><p>{1:NUMERICAL:=29,5954:0,1}</p><p>die Gewinngrenze.</p><p>{1:NUMERICAL:=16,804:0,1}</p><p>die Fixkosten.</p><p>{1:NUMERICAL:=72:0,1}</p><p>die Gewinnschwelle.</p><p>{1:NUMERICAL:=2,509:0,1}</p><p>die gewinnmaximale Menge.</p><p>{1:NUMERICAL:=10,2023:0,1}</p>]]></text></questiontext></question><question type="cloze"><name><text>13 </text></name><questiontext format="html"><text><![CDATA[Es liegen folgende Informationen vor:</p> <p>\( E(x)=-0,16x^2+12x \)</p> <p>\( K(x)=0,002x^3-0,13x^2+5x+70 \)</p> <p>\( G(x)=-0,002x^3-0,03x^2+7x-70 \)</p> <p>\( p(x)=-0,16x+12 \)</p> <p>Bestimmen Sie (auf 2 NKS gerundet)<p>die Gewinnschwelle.</p><p>{1:NUMERICAL:=10,875:0,1}</p><p>den Höchstpreis.</p><p>{1:NUMERICAL:=12:0,1}</p><p>den maximalen Erlös.</p><p>{1:NUMERICAL:=225:0,1}</p><p>die Fixkosten.</p><p>{1:NUMERICAL:=70:0,1}</p><p>die Gewinngrenze.</p><p>{1:NUMERICAL:=45,252:0,1}</p><p>den gewinnmaximalen Verkaufspreis.</p><p>{1:NUMERICAL:=7,2767:0,1}</p><p>die Menge beim Übergang vom degressiven zum progressiven Kostenwachstum.</p><p>{1:NUMERICAL:=21,6667:0,1}</p><p>die erlösmaximale Menge.</p><p>{1:NUMERICAL:=37,5:0,1}</p><p>die gewinnmaximale Menge.</p><p>{1:NUMERICAL:=29,5205:0,1}</p><p>den maximalen Gewinn.</p><p>{1:NUMERICAL:=59,0478:0,1}</p><p>die Sättigungsmenge.</p><p>{1:NUMERICAL:=75:0,1}</p>]]></text></questiontext></question><question type="cloze"><name><text>14 </text></name><questiontext format="html"><text><![CDATA[Es liegen folgende Informationen vor:</p> <p>\( E(x)=-0,26x^2+28x \)</p> <p>\( K(x)=0,0029x^3-0,23x^2+11x+150 \)</p> <p>\( G(x)=-0,0029x^3-0,03x^2+17x-150 \)</p> <p>\( p(x)=-0,26x+28 \)</p> <p>Bestimmen Sie (auf 2 NKS gerundet)<p>die Gewinnschwelle.</p><p>{1:NUMERICAL:=9,099:0,1}</p><p>den maximalen Erlös.</p><p>{1:NUMERICAL:=753,8462:0,1}</p><p>die erlösmaximale Menge.</p><p>{1:NUMERICAL:=53,8462:0,1}</p><p>die Gewinngrenze.</p><p>{1:NUMERICAL:=66,302:0,1}</p><p>die gewinnmaximale Menge.</p><p>{1:NUMERICAL:=40,8903:0,1}</p><p>den maximalen Gewinn.</p><p>{1:NUMERICAL:=296,7037:0,1}</p><p>den gewinnmaximalen Verkaufspreis.</p><p>{1:NUMERICAL:=17,3685:0,1}</p><p>den Höchstpreis.</p><p>{1:NUMERICAL:=28:0,1}</p><p>die Fixkosten.</p><p>{1:NUMERICAL:=150:0,1}</p><p>die Menge beim Übergang vom degressiven zum progressiven Kostenwachstum.</p><p>{1:NUMERICAL:=26,4368:0,1}</p><p>die Sättigungsmenge.</p><p>{1:NUMERICAL:=107,6923:0,1}</p>]]></text></questiontext></question><question type="cloze"><name><text>15 </text></name><questiontext format="html"><text><![CDATA[Es liegen folgende Informationen vor:</p> <p>\( E(x)=-0,44x^2+25x \)</p> <p>\( K(x)=0,0034x^3-0,22x^2+10x+120 \)</p> <p>\( G(x)=-0,0034x^3-0,22x^2+15x-120 \)</p> <p>\( p(x)=-0,44x+25 \)</p> <p>Bestimmen Sie (auf 2 NKS gerundet)<p>die Gewinnschwelle.</p><p>{1:NUMERICAL:=9,528:0,1}</p><p>die Fixkosten.</p><p>{1:NUMERICAL:=120:0,1}</p><p>die Sättigungsmenge.</p><p>{1:NUMERICAL:=56,8182:0,1}</p><p>den gewinnmaximalen Verkaufspreis.</p><p>{1:NUMERICAL:=15,1312:0,1}</p><p>die Menge beim Übergang vom degressiven zum progressiven Kostenwachstum.</p><p>{1:NUMERICAL:=21,5686:0,1}</p><p>den maximalen Erlös.</p><p>{1:NUMERICAL:=355,1136:0,1}</p><p>die erlösmaximale Menge.</p><p>{1:NUMERICAL:=28,4091:0,1}</p><p>die Gewinngrenze.</p><p>{1:NUMERICAL:=34,172:0,1}</p><p>den maximalen Gewinn.</p><p>{1:NUMERICAL:=67,3991:0,1}</p><p>den Höchstpreis.</p><p>{1:NUMERICAL:=25:0,1}</p><p>die gewinnmaximale Menge.</p><p>{1:NUMERICAL:=22,429:0,1}</p>]]></text></questiontext></question><question type="cloze"><name><text>16 </text></name><questiontext format="html"><text><![CDATA[Es liegen folgende Informationen vor:</p> <p>\( E(x)=-0,45x^2+26x \)</p> <p>\( K(x)=0,0057x^3-0,38x^2+12x+110 \)</p> <p>\( G(x)=-0,0057x^3-0,07x^2+14x-110 \)</p> <p>\( p(x)=-0,45x+26 \)</p> <p>Bestimmen Sie (auf 2 NKS gerundet)<p>die Gewinnschwelle.</p><p>{1:NUMERICAL:=8,462:0,1}</p><p>die erlösmaximale Menge.</p><p>{1:NUMERICAL:=28,8889:0,1}</p><p>den Höchstpreis.</p><p>{1:NUMERICAL:=26:0,1}</p><p>den maximalen Gewinn.</p><p>{1:NUMERICAL:=107,2052:0,1}</p><p>die Fixkosten.</p><p>{1:NUMERICAL:=110:0,1}</p><p>den maximalen Erlös.</p><p>{1:NUMERICAL:=375,5556:0,1}</p><p>den gewinnmaximalen Verkaufspreis.</p><p>{1:NUMERICAL:=14,8351:0,1}</p><p>die Sättigungsmenge.</p><p>{1:NUMERICAL:=57,7778:0,1}</p><p>die gewinnmaximale Menge.</p><p>{1:NUMERICAL:=24,8109:0,1}</p><p>die Menge beim Übergang vom degressiven zum progressiven Kostenwachstum.</p><p>{1:NUMERICAL:=22,2222:0,1}</p><p>die Gewinngrenze.</p><p>{1:NUMERICAL:=38,497:0,1}</p>]]></text></questiontext></question><question type="cloze"><name><text>17 </text></name><questiontext format="html"><text><![CDATA[Es liegen folgende Informationen vor:</p> <p>\( E(x)=-1,5x^2+31x \)</p> <p>\( K(x)=0,041x^3-0,97x^2+13x+34 \)</p> <p>\( G(x)=-0,041x^3-0,53x^2+18x-34 \)</p> <p>\( p(x)=-1,5x+31 \)</p> <p>Bestimmen Sie (auf 2 NKS gerundet)<p>die Gewinnschwelle.</p><p>{1:NUMERICAL:=2,03:0,1}</p><p>die erlösmaximale Menge.</p><p>{1:NUMERICAL:=10,3333:0,1}</p><p>die Fixkosten.</p><p>{1:NUMERICAL:=34:0,1}</p><p>den gewinnmaximalen Verkaufspreis.</p><p>{1:NUMERICAL:=18,2009:0,1}</p><p>die Sättigungsmenge.</p><p>{1:NUMERICAL:=20,6667:0,1}</p><p>den maximalen Erlös.</p><p>{1:NUMERICAL:=160,1667:0,1}</p><p>die gewinnmaximale Menge.</p><p>{1:NUMERICAL:=8,5327:0,1}</p><p>den maximalen Gewinn.</p><p>{1:NUMERICAL:=55,5301:0,1}</p><p>die Menge beim Übergang vom degressiven zum progressiven Kostenwachstum.</p><p>{1:NUMERICAL:=7,8862:0,1}</p><p>den Höchstpreis.</p><p>{1:NUMERICAL:=31:0,1}</p><p>die Gewinngrenze.</p><p>{1:NUMERICAL:=14,076:0,1}</p>]]></text></questiontext></question><question type="cloze"><name><text>18 </text></name><questiontext format="html"><text><![CDATA[Es liegen folgende Informationen vor:</p> <p>\( E(x)=-0,37x^2+30x \)</p> <p>\( K(x)=0,0029x^3-0,19x^2+9,2x+120 \)</p> <p>\( G(x)=-0,0029x^3-0,18x^2+20,8x-120 \)</p> <p>\( p(x)=-0,37x+30 \)</p> <p>Bestimmen Sie (auf 2 NKS gerundet)<p>den maximalen Gewinn.</p><p>{1:NUMERICAL:=266,3278:0,1}</p><p>die Fixkosten.</p><p>{1:NUMERICAL:=120:0,1}</p><p>die Gewinnschwelle.</p><p>{1:NUMERICAL:=6,127:0,1}</p><p>den maximalen Erlös.</p><p>{1:NUMERICAL:=608,1081:0,1}</p><p>die gewinnmaximale Menge.</p><p>{1:NUMERICAL:=32,4033:0,1}</p><p>die Menge beim Übergang vom degressiven zum progressiven Kostenwachstum.</p><p>{1:NUMERICAL:=21,8391:0,1}</p><p>die Sättigungsmenge.</p><p>{1:NUMERICAL:=81,0811:0,1}</p><p>den Höchstpreis.</p><p>{1:NUMERICAL:=30:0,1}</p><p>die erlösmaximale Menge.</p><p>{1:NUMERICAL:=40,5405:0,1}</p><p>die Gewinngrenze.</p><p>{1:NUMERICAL:=54,881:0,1}</p><p>den gewinnmaximalen Verkaufspreis.</p><p>{1:NUMERICAL:=18,0108:0,1}</p>]]></text></questiontext></question><question type="cloze"><name><text>19 </text></name><questiontext format="html"><text><![CDATA[Es liegen folgende Informationen vor:</p> <p>\( E(x)=-6,2x^2+60x \)</p> <p>\( K(x)=0,4x^3-3,5x^2+17x+30 \)</p> <p>\( G(x)=-0,4x^3-2,7x^2+43x-30 \)</p> <p>\( p(x)=-6,2x+60 \)</p> <p>Bestimmen Sie (auf 2 NKS gerundet)<p>die Sättigungsmenge.</p><p>{1:NUMERICAL:=9,6774:0,1}</p><p>den gewinnmaximalen Verkaufspreis.</p><p>{1:NUMERICAL:=34,3011:0,1}</p><p>die Fixkosten.</p><p>{1:NUMERICAL:=30:0,1}</p><p>die Gewinnschwelle.</p><p>{1:NUMERICAL:=0,736:0,1}</p><p>die Gewinngrenze.</p><p>{1:NUMERICAL:=7,027:0,1}</p><p>die gewinnmaximale Menge.</p><p>{1:NUMERICAL:=4,145:0,1}</p><p>den maximalen Erlös.</p><p>{1:NUMERICAL:=145,1613:0,1}</p><p>den maximalen Gewinn.</p><p>{1:NUMERICAL:=73,3601:0,1}</p><p>den Höchstpreis.</p><p>{1:NUMERICAL:=60:0,1}</p><p>die erlösmaximale Menge.</p><p>{1:NUMERICAL:=4,8387:0,1}</p><p>die Menge beim Übergang vom degressiven zum progressiven Kostenwachstum.</p><p>{1:NUMERICAL:=2,9167:0,1}</p>]]></text></questiontext></question><question type="cloze"><name><text>20 </text></name><questiontext format="html"><text><![CDATA[Es liegen folgende Informationen vor:</p> <p>\( E(x)=-0,95x^2+35x \)</p> <p>\( K(x)=0,014x^3-0,59x^2+12x+100 \)</p> <p>\( G(x)=-0,014x^3-0,36x^2+23x-100 \)</p> <p>\( p(x)=-0,95x+35 \)</p> <p>Bestimmen Sie (auf 2 NKS gerundet)<p>die erlösmaximale Menge.</p><p>{1:NUMERICAL:=18,4211:0,1}</p><p>die Gewinngrenze.</p><p>{1:NUMERICAL:=26,348:0,1}</p><p>die Sättigungsmenge.</p><p>{1:NUMERICAL:=36,8421:0,1}</p><p>den Höchstpreis.</p><p>{1:NUMERICAL:=35:0,1}</p><p>die Menge beim Übergang vom degressiven zum progressiven Kostenwachstum.</p><p>{1:NUMERICAL:=14,0476:0,1}</p><p>den maximalen Erlös.</p><p>{1:NUMERICAL:=322,3684:0,1}</p><p>die Fixkosten.</p><p>{1:NUMERICAL:=100:0,1}</p><p>den maximalen Gewinn.</p><p>{1:NUMERICAL:=118,6238:0,1}</p><p>den gewinnmaximalen Verkaufspreis.</p><p>{1:NUMERICAL:=19,4673:0,1}</p><p>die gewinnmaximale Menge.</p><p>{1:NUMERICAL:=16,3502:0,1}</p><p>die Gewinnschwelle.</p><p>{1:NUMERICAL:=4,771:0,1}</p>]]></text></questiontext></question></quiz>