<?xml version="1.0" encoding="UTF-8" standalone="yes"?>
<quiz><question type="category"><category><text>Stochastik/Allgemein/Binomialverteilung/HypothesenErgebnis/linksseitig</text></category><info format="html"><text /></info><idnumber /></question><question type="cloze"><name><text>01 </text></name><questiontext format="html"><text><![CDATA[Ein Kontrolleur überprüft die Funktionsfähigkeit von Halbleitern. In der Vergangenheit betrug der Anteil der defekten Halbleiter 31%. Der Kontrolleur vermutet, dass sich dieser Anteil verringert hat. Diese Gegenhypothese soll im Rahmen eines einseitigen Hypothesentests überprüft werden. Dazu werden in einer Stichprobe 300 Halbleiter untersucht. Der Ablehnungsbereich der Nullhypothese ist {0,...,78}.<p>Bestimmen Sie die maximale Wahrscheinlichkeit für den Fehler 1. Art (auf 4 NKS gerundet).</p><p>{1:NUMERICAL:=0,0336:0,0001}</p><p>In der Stichprobe sind 75 defekte Halbleiter. Beurteilen Sie auf Grundlage der Entscheidungsregel, ob weiterhin von der Nullhypothese oder stattdessen von der Gegenhypothese ausgegangen werden soll.</p><p>{1:MC:~Nullhypothese~=Gegenhypothese}</p>]]></text></questiontext></question><question type="cloze"><name><text>02 </text></name><questiontext format="html"><text><![CDATA[Eine Schaffnerin kontrolliert Fahrscheine in einer Regionalbahn von Bielefeld nach Münster. In der Vergangenheit betrug der Anteil der Passagiere ohne gültigen Fahrschein 55%. Die Schaffnerin vermutet, dass sich dieser Anteil verringert hat. Diese Gegenhypothese soll im Rahmen eines einseitigen Hypothesentests überprüft werden. Dazu werden in einer Stichprobe 200 Passagiere untersucht. Der Ablehnungsbereich der Nullhypothese ist {0,...,97}.<p>Bestimmen Sie die maximale Wahrscheinlichkeit für den Fehler 1. Art (auf 4 NKS gerundet).</p><p>{1:NUMERICAL:=0,0381:0,0001}</p><p>Von den kontrollierten Passagieren haben 96 keinen gültigen Fahrschein. Beurteilen Sie auf Grundlage der Entscheidungsregel, ob weiterhin von der Nullhypothese oder stattdessen von der Gegenhypothese ausgegangen werden soll.</p><p>{1:MC:~Nullhypothese~=Gegenhypothese}</p>]]></text></questiontext></question><question type="cloze"><name><text>03 </text></name><questiontext format="html"><text><![CDATA[An einem Eisstand bietet der Verkäufer Eis mit oder ohne Streuseln an. In der Vergangenheit betrug der Anteil der Kundenbestellungen mit Streuseln 39%. Der Eisverkäufer vermutet, dass sich dieser Anteil verringert hat. Diese Gegenhypothese soll im Rahmen eines einseitigen Hypothesentests überprüft werden. Dazu werden in einer Stichprobe 150 Kunden untersucht. Der Ablehnungsbereich der Nullhypothese ist {0,...,48}.<p>Bestimmen Sie die maximale Wahrscheinlichkeit für den Fehler 1. Art (auf 4 NKS gerundet).</p><p>{1:NUMERICAL:=0,0458:0,0001}</p><p>Von den betrachteten Kunden bestellen 49 ein Eis mit Streuseln. Beurteilen Sie auf Grundlage der Entscheidungsregel, ob weiterhin von der Nullhypothese oder stattdessen von der Gegenhypothese ausgegangen werden soll.</p><p>{1:MC:~=Nullhypothese~Gegenhypothese}</p>]]></text></questiontext></question><question type="cloze"><name><text>04 </text></name><questiontext format="html"><text><![CDATA[David hat eine gezinkte Münze. In der Vergangenheit betrug der Anteil der geworfenen Köpfe 76%. David vermutet, dass sich dieser Anteil verringert hat. Diese Gegenhypothese soll im Rahmen eines einseitigen Hypothesentests überprüft werden. Dazu werden in einer Stichprobe 200 Münzwürfe untersucht. Der Ablehnungsbereich der Nullhypothese ist {0,...,142}.<p>Bestimmen Sie die maximale Wahrscheinlichkeit für den Fehler 1. Art (auf 4 NKS gerundet).</p><p>{1:NUMERICAL:=0,0601:0,0001}</p><p>David wirft 141 Mal Kopf.  Beurteilen Sie auf Grundlage der Entscheidungsregel, ob weiterhin von der Nullhypothese oder stattdessen von der Gegenhypothese ausgegangen werden soll.</p><p>{1:MC:~Nullhypothese~=Gegenhypothese}</p>]]></text></questiontext></question><question type="cloze"><name><text>05 </text></name><questiontext format="html"><text><![CDATA[Eine Ärztin prüft, ob Bewerber für den Polizeiberuf gesundheitlich geeignet sind. In der Vergangenheit betrug der Anteil der Bewerber mit erfolgreichem Gesundheitscheck 58%. Die Ärztin vermutet, dass sich dieser Anteil verringert hat. Diese Gegenhypothese soll im Rahmen eines einseitigen Hypothesentests überprüft werden. Dazu werden in einer Stichprobe 100 Bewerber untersucht. Der Ablehnungsbereich der Nullhypothese ist {0,...,48}.<p>Bestimmen Sie die maximale Wahrscheinlichkeit für den Fehler 1. Art (auf 4 NKS gerundet).</p><p>{1:NUMERICAL:=0,0278:0,0001}</p><p>Von den Bewerbern absolvieren 45 den Check erfolgreich.  Beurteilen Sie auf Grundlage der Entscheidungsregel, ob weiterhin von der Nullhypothese oder stattdessen von der Gegenhypothese ausgegangen werden soll.</p><p>{1:MC:~Nullhypothese~=Gegenhypothese}</p>]]></text></questiontext></question><question type="cloze"><name><text>06 </text></name><questiontext format="html"><text><![CDATA[Ein Fahrlehrer nimmt eine theoretische Führerscheinprüfung ab. In der Vergangenheit betrug der Anteil der durchgefallenen Prüflinge 22%. Der Fahrlehrer vermutet, dass sich dieser Anteil verringert hat. Diese Gegenhypothese soll im Rahmen eines einseitigen Hypothesentests überprüft werden. Dazu werden in einer Stichprobe 250 Prüflinge untersucht. Der Ablehnungsbereich der Nullhypothese ist {0,...,43}.<p>Bestimmen Sie die maximale Wahrscheinlichkeit für den Fehler 1. Art (auf 4 NKS gerundet).</p><p>{1:NUMERICAL:=0,0368:0,0001}</p><p>Von den Kandidaten bestehen 44  nicht die Prüfung. Beurteilen Sie auf Grundlage der Entscheidungsregel, ob weiterhin von der Nullhypothese oder stattdessen von der Gegenhypothese ausgegangen werden soll.</p><p>{1:MC:~=Nullhypothese~Gegenhypothese}</p>]]></text></questiontext></question><question type="cloze"><name><text>07 </text></name><questiontext format="html"><text><![CDATA[Ein Zollbeamter kontrolliert ein Sportgeschäft hinsichtlich gefälschter Turnschuhe. In der Vergangenheit betrug der Anteil der gefälschten Turnschuhe 28%. Der Zollbeamte vermutet, dass sich dieser Anteil verringert hat. Diese Gegenhypothese soll im Rahmen eines einseitigen Hypothesentests überprüft werden. Dazu werden in einer Stichprobe 200 Turnschuhe untersucht. Der Ablehnungsbereich der Nullhypothese ist {0,...,46}.<p>Bestimmen Sie die maximale Wahrscheinlichkeit für den Fehler 1. Art (auf 4 NKS gerundet).</p><p>{1:NUMERICAL:=0,0652:0,0001}</p><p>Von den untersuchten Turnschuhen sind 45 gefälscht.  Beurteilen Sie auf Grundlage der Entscheidungsregel, ob weiterhin von der Nullhypothese oder stattdessen von der Gegenhypothese ausgegangen werden soll.</p><p>{1:MC:~Nullhypothese~=Gegenhypothese}</p>]]></text></questiontext></question><question type="cloze"><name><text>08 </text></name><questiontext format="html"><text><![CDATA[Eine Fußballspielerin trainiert Freistöße. In der Vergangenheit betrug der Anteil der Fehltreffer 65%. Die Fußballerin vermutet, dass sich dieser Anteil verringert hat. Diese Gegenhypothese soll im Rahmen eines einseitigen Hypothesentests überprüft werden. Dazu werden in einer Stichprobe 250 Freistöße untersucht. Der Ablehnungsbereich der Nullhypothese ist {0,...,152}.<p>Bestimmen Sie die maximale Wahrscheinlichkeit für den Fehler 1. Art (auf 4 NKS gerundet).</p><p>{1:NUMERICAL:=0,0932:0,0001}</p><p>Die Fußballerin trifft 151 Mal nicht das Tor.  Beurteilen Sie auf Grundlage der Entscheidungsregel, ob weiterhin von der Nullhypothese oder stattdessen von der Gegenhypothese ausgegangen werden soll.</p><p>{1:MC:~Nullhypothese~=Gegenhypothese}</p>]]></text></questiontext></question><question type="cloze"><name><text>09 </text></name><questiontext format="html"><text><![CDATA[Ein Unternehmen untersucht, wie zufrieden seine Mitarbeiter sind. In der Vergangenheit betrug der Anteil der zufriedenen Mitarbeiter 22%. Das Unternehmen vermutet, dass sich dieser Anteil verringert hat. Diese Gegenhypothese soll im Rahmen eines einseitigen Hypothesentests überprüft werden. Dazu werden in einer Stichprobe 100 Mitarbeiter untersucht. Der Ablehnungsbereich der Nullhypothese ist {0,...,14}.<p>Bestimmen Sie die maximale Wahrscheinlichkeit für den Fehler 1. Art (auf 4 NKS gerundet).</p><p>{1:NUMERICAL:=0,0305:0,0001}</p><p>Von den befragten Mitarbeitern sind 15 zufrieden.  Beurteilen Sie auf Grundlage der Entscheidungsregel, ob weiterhin von der Nullhypothese oder stattdessen von der Gegenhypothese ausgegangen werden soll.</p><p>{1:MC:~=Nullhypothese~Gegenhypothese}</p>]]></text></questiontext></question><question type="cloze"><name><text>10 </text></name><questiontext format="html"><text><![CDATA[Der Besitzer eines Restaurants untersucht, wie viele Gäste vegetarische Gerichte bestellen. In der Vergangenheit betrug der Anteil der vegetarischen Gerichte 47%. Der Besitzer vermutet, dass sich dieser Anteil verringert hat. Diese Gegenhypothese soll im Rahmen eines einseitigen Hypothesentests überprüft werden. Dazu werden in einer Stichprobe 250 Gerichte untersucht. Der Ablehnungsbereich der Nullhypothese ist {0,...,104}.<p>Bestimmen Sie die maximale Wahrscheinlichkeit für den Fehler 1. Art (auf 4 NKS gerundet).</p><p>{1:NUMERICAL:=0,0494:0,0001}</p><p>Von den kontrollierten Gerichten sind 101 vegetarisch.  Beurteilen Sie auf Grundlage der Entscheidungsregel, ob weiterhin von der Nullhypothese oder stattdessen von der Gegenhypothese ausgegangen werden soll.</p><p>{1:MC:~Nullhypothese~=Gegenhypothese}</p>]]></text></questiontext></question><question type="cloze"><name><text>11 </text></name><questiontext format="html"><text><![CDATA[Die Filialleiterin eines Gartencenter prüft, ob die Pflanzen ausreichend bewässert werden. In der Vergangenheit betrug der Anteil der unzureichend bewässerten Pflanzen 76%. Die Filialleiterin vermutet, dass sich dieser Anteil verringert hat. Diese Gegenhypothese soll im Rahmen eines einseitigen Hypothesentests überprüft werden. Dazu werden in einer Stichprobe 150 Pflanzen untersucht. Der Ablehnungsbereich der Nullhypothese ist {0,...,103}.<p>Bestimmen Sie die maximale Wahrscheinlichkeit für den Fehler 1. Art (auf 4 NKS gerundet).</p><p>{1:NUMERICAL:=0,0247:0,0001}</p><p>Von den geprüften Pflanzen bekommen 104 zu wenig Wasser. Beurteilen Sie auf Grundlage der Entscheidungsregel, ob weiterhin von der Nullhypothese oder stattdessen von der Gegenhypothese ausgegangen werden soll.</p><p>{1:MC:~=Nullhypothese~Gegenhypothese}</p>]]></text></questiontext></question><question type="cloze"><name><text>12 </text></name><questiontext format="html"><text><![CDATA[Ein Onlineshop für Heimwerkerbedarf bietet elektrische Werkzeuge entweder mit Kabel oder mit Akku an. In der Vergangenheit betrug der Anteil der Werkzeuge mit Akku 52%. Der Onlineshop vermutet, dass sich dieser Anteil verringert hat. Diese Gegenhypothese soll im Rahmen eines einseitigen Hypothesentests überprüft werden. Dazu werden in einer Stichprobe 200 Werkzeuge untersucht. Der Ablehnungsbereich der Nullhypothese ist {0,...,91}.<p>Bestimmen Sie die maximale Wahrscheinlichkeit für den Fehler 1. Art (auf 4 NKS gerundet).</p><p>{1:NUMERICAL:=0,0385:0,0001}</p><p>Von den registrierten Werkzeugen sind 90 mit einem Akku ausgestattet. Beurteilen Sie auf Grundlage der Entscheidungsregel, ob weiterhin von der Nullhypothese oder stattdessen von der Gegenhypothese ausgegangen werden soll.</p><p>{1:MC:~Nullhypothese~=Gegenhypothese}</p>]]></text></questiontext></question><question type="cloze"><name><text>13 </text></name><questiontext format="html"><text><![CDATA[Ein Unternehmen prüft, wie gut seine Computer vor etwaigen Cyberattacken geschützt sind. In der Vergangenheit betrug der Anteil der Computer mit unzureichendem Virenschutz 34%. Das Unternehmen vermutet, dass sich dieser Anteil verringert hat. Diese Gegenhypothese soll im Rahmen eines einseitigen Hypothesentests überprüft werden. Dazu werden in einer Stichprobe 100 Computer untersucht. Der Ablehnungsbereich der Nullhypothese ist {0,...,23}.<p>Bestimmen Sie die maximale Wahrscheinlichkeit für den Fehler 1. Art (auf 4 NKS gerundet).</p><p>{1:NUMERICAL:=0,0115:0,0001}</p><p>Von den untersuchten Computern haben 22 keinen ausreichenden Virenschutz.  Beurteilen Sie auf Grundlage der Entscheidungsregel, ob weiterhin von der Nullhypothese oder stattdessen von der Gegenhypothese ausgegangen werden soll.</p><p>{1:MC:~Nullhypothese~=Gegenhypothese}</p>]]></text></questiontext></question><question type="cloze"><name><text>14 </text></name><questiontext format="html"><text><![CDATA[Eine Glaserei produziert Maßkrüge, wobei es an einigen Krügen zu Kratzern kommt. In der Vergangenheit betrug der Anteil der Krüge mit Kratzer 59%. Die Glaserei vermutet, dass sich dieser Anteil verringert hat. Diese Gegenhypothese soll im Rahmen eines einseitigen Hypothesentests überprüft werden. Dazu werden in einer Stichprobe 300 Krüge untersucht. Der Ablehnungsbereich der Nullhypothese ist {0,...,158}.<p>Bestimmen Sie die maximale Wahrscheinlichkeit für den Fehler 1. Art (auf 4 NKS gerundet).</p><p>{1:NUMERICAL:=0,0153:0,0001}</p><p>In der Stichprobe sind 159 Krüge mit Kratzer. Beurteilen Sie auf Grundlage der Entscheidungsregel, ob weiterhin von der Nullhypothese oder stattdessen von der Gegenhypothese ausgegangen werden soll.</p><p>{1:MC:~=Nullhypothese~Gegenhypothese}</p>]]></text></questiontext></question><question type="cloze"><name><text>15 </text></name><questiontext format="html"><text><![CDATA[Amalia sucht auf einer Online-Partnerbörse nach dem Mann fürs Leben. In der Vergangenheit betrug der Anteil der Vorschläge mit attraktiven Partnern 65%. Amalia vermutet, dass sich dieser Anteil verringert hat. Diese Gegenhypothese soll im Rahmen eines einseitigen Hypothesentests überprüft werden. Dazu werden in einer Stichprobe 200 vorgeschlagenen Partner untersucht. Der Ablehnungsbereich der Nullhypothese ist {0,...,118}.<p>Bestimmen Sie die maximale Wahrscheinlichkeit für den Fehler 1. Art (auf 4 NKS gerundet).</p><p>{1:NUMERICAL:=0,0453:0,0001}</p><p>Von den vorgeschlagenen Partnern findet Amalia 117 attraktiv.  Beurteilen Sie auf Grundlage der Entscheidungsregel, ob weiterhin von der Nullhypothese oder stattdessen von der Gegenhypothese ausgegangen werden soll.</p><p>{1:MC:~Nullhypothese~=Gegenhypothese}</p>]]></text></questiontext></question><question type="cloze"><name><text>16 </text></name><questiontext format="html"><text><![CDATA[Ein Unternehmen verkauft Smartwatches. Um den Absatz anzukurbeln, werden einigen Uhren zufällig Gutscheine für ein Online-Versandhaus beigelegt. In der Vergangenheit betrug der Anteil der Smartwatches mit Gutschein 41%. Das Unternehmen vermutet, dass sich dieser Anteil verringert hat. Diese Gegenhypothese soll im Rahmen eines einseitigen Hypothesentests überprüft werden. Dazu werden in einer Stichprobe 250 Smartwatches untersucht. Der Ablehnungsbereich der Nullhypothese ist {0,...,90}.<p>Bestimmen Sie die maximale Wahrscheinlichkeit für den Fehler 1. Art (auf 4 NKS gerundet).</p><p>{1:NUMERICAL:=0,0607:0,0001}</p><p>In einer Kiste sind 89 Smartwatches mit Gutschein. Beurteilen Sie auf Grundlage der Entscheidungsregel, ob weiterhin von der Nullhypothese oder stattdessen von der Gegenhypothese ausgegangen werden soll.</p><p>{1:MC:~Nullhypothese~=Gegenhypothese}</p>]]></text></questiontext></question><question type="cloze"><name><text>17 </text></name><questiontext format="html"><text><![CDATA[Der Verkäufer einer Imbissbude möchte wissen, auf welche Art seine Kunden bezahlen. In der Vergangenheit betrug der Anteil der barbezahlenden Kunden 60%. Der Verkäufer vermutet, dass sich dieser Anteil verringert hat. Diese Gegenhypothese soll im Rahmen eines einseitigen Hypothesentests überprüft werden. Dazu werden in einer Stichprobe 100 Kunden untersucht. Der Ablehnungsbereich der Nullhypothese ist {0,...,50}.<p>Bestimmen Sie die maximale Wahrscheinlichkeit für den Fehler 1. Art (auf 4 NKS gerundet).</p><p>{1:NUMERICAL:=0,0271:0,0001}</p><p>Es bezahlen 53 Kunden bar.  Beurteilen Sie auf Grundlage der Entscheidungsregel, ob weiterhin von der Nullhypothese oder stattdessen von der Gegenhypothese ausgegangen werden soll.</p><p>{1:MC:~=Nullhypothese~Gegenhypothese}</p>]]></text></questiontext></question><question type="cloze"><name><text>18 </text></name><questiontext format="html"><text><![CDATA[Ein Unternehmen verkauft Beamer und garantiert eine Lebensdauer von 4000 Stunden für die Beamerlampen. In der Vergangenheit betrug der Anteil der Beamerlampen mit einer Lebensdauer von weniger als 4000 Stunden 23%. Das Unternehmen vermutet, dass sich dieser Anteil verringert hat. Diese Gegenhypothese soll im Rahmen eines einseitigen Hypothesentests überprüft werden. Dazu werden in einer Stichprobe 250 Beamerlampen untersucht. Der Ablehnungsbereich der Nullhypothese ist {0,...,44}.<p>Bestimmen Sie die maximale Wahrscheinlichkeit für den Fehler 1. Art (auf 4 NKS gerundet).</p><p>{1:NUMERICAL:=0,0229:0,0001}</p><p>Von den kontrollierten Beamerlampen leuchten 41 weniger als 4000 Stunden. Beurteilen Sie auf Grundlage der Entscheidungsregel, ob weiterhin von der Nullhypothese oder stattdessen von der Gegenhypothese ausgegangen werden soll.</p><p>{1:MC:~Nullhypothese~=Gegenhypothese}</p>]]></text></questiontext></question><question type="cloze"><name><text>19 </text></name><questiontext format="html"><text><![CDATA[Ein potentieller Werbepartner studiert den Bekanntheitsgrad einer Influencerin. In der Vergangenheit betrug der Anteil der Follower der Influencerin 68%. Der potentielle Werbepartner vermutet, dass sich dieser Anteil verringert hat. Diese Gegenhypothese soll im Rahmen eines einseitigen Hypothesentests überprüft werden. Dazu werden in einer Stichprobe 200 User untersucht. Der Ablehnungsbereich der Nullhypothese ist {0,...,123}.<p>Bestimmen Sie die maximale Wahrscheinlichkeit für den Fehler 1. Art (auf 4 NKS gerundet).</p><p>{1:NUMERICAL:=0,0304:0,0001}</p><p>Von den befragten Usern folgen 120 der Influencerin.  Beurteilen Sie auf Grundlage der Entscheidungsregel, ob weiterhin von der Nullhypothese oder stattdessen von der Gegenhypothese ausgegangen werden soll.</p><p>{1:MC:~Nullhypothese~=Gegenhypothese}</p>]]></text></questiontext></question><question type="cloze"><name><text>20 </text></name><questiontext format="html"><text><![CDATA[In einem Lebensmittelgeschäft bestimmt ein Kassierer mit Hilfe einer Waage das Gewicht von Obst und Gemüse. In der Vergangenheit betrug der Anteil der ungenau gewogenen Lebensmittel 44%. Der Kassierer vermutet, dass sich dieser Anteil verringert hat. Diese Gegenhypothese soll im Rahmen eines einseitigen Hypothesentests überprüft werden. Dazu werden in einer Stichprobe 250 Lebensmittel untersucht. Der Ablehnungsbereich der Nullhypothese ist {0,...,97}.<p>Bestimmen Sie die maximale Wahrscheinlichkeit für den Fehler 1. Art (auf 4 NKS gerundet).</p><p>{1:NUMERICAL:=0,0551:0,0001}</p><p>Von den ermittelten Gewichten sind 94 nicht ausreichend genau.  Beurteilen Sie auf Grundlage der Entscheidungsregel, ob weiterhin von der Nullhypothese oder stattdessen von der Gegenhypothese ausgegangen werden soll.</p><p>{1:MC:~Nullhypothese~=Gegenhypothese}</p>]]></text></questiontext></question></quiz>