<?xml version="1.0" encoding="UTF-8" standalone="yes"?>
<quiz><question type="category"><category><text>Stochastik/Allgemein/Binomialverteilung/HypothesenErgebnis/rechtsseitig</text></category><info format="html"><text /></info><idnumber /></question><question type="cloze"><name><text>01 </text></name><questiontext format="html"><text><![CDATA[Ein Kontrolleur überprüft die Funktionsfähigkeit von Halbleitern. In der Vergangenheit betrug der Anteil der defekten Halbleiter 54%. Der Kontrolleur vermutet, dass sich dieser Anteil erhöht hat. Diese Gegenhypothese soll im Rahmen eines einseitigen Hypothesentests überprüft werden. Dazu werden in einer Stichprobe 150 Halbleiter untersucht. Der Ablehnungsbereich der Nullhypothese ist {94,...,150}.<p>Bestimmen Sie die maximale Wahrscheinlichkeit für den Fehler 1. Art (auf 4 NKS gerundet).</p><p>{1:NUMERICAL:=0,0198:0,0001}</p><p>In der Stichprobe sind 97 defekte Halbleiter. Beurteilen Sie auf Grundlage der Entscheidungsregel, ob weiterhin von der Nullhypothese oder stattdessen von der Gegenhypothese ausgegangen werden soll.</p><p>{1:MC:~Nullhypothese~=Gegenhypothese}</p>]]></text></questiontext></question><question type="cloze"><name><text>02 </text></name><questiontext format="html"><text><![CDATA[Eine Schaffnerin kontrolliert Fahrscheine in einer Regionalbahn von Bielefeld nach Münster. In der Vergangenheit betrug der Anteil der Passagiere ohne gültigen Fahrschein 79%. Die Schaffnerin vermutet, dass sich dieser Anteil erhöht hat. Diese Gegenhypothese soll im Rahmen eines einseitigen Hypothesentests überprüft werden. Dazu werden in einer Stichprobe 300 Passagiere untersucht. Der Ablehnungsbereich der Nullhypothese ist {251,...,300}.<p>Bestimmen Sie die maximale Wahrscheinlichkeit für den Fehler 1. Art (auf 4 NKS gerundet).</p><p>{1:NUMERICAL:=0,0253:0,0001}</p><p>Von den kontrollierten Passagieren haben 248 keinen gültigen Fahrschein. Beurteilen Sie auf Grundlage der Entscheidungsregel, ob weiterhin von der Nullhypothese oder stattdessen von der Gegenhypothese ausgegangen werden soll.</p><p>{1:MC:~=Nullhypothese~Gegenhypothese}</p>]]></text></questiontext></question><question type="cloze"><name><text>03 </text></name><questiontext format="html"><text><![CDATA[An einem Eisstand bietet der Verkäufer Eis mit oder ohne Streuseln an. In der Vergangenheit betrug der Anteil der Kundenbestellungen mit Streuseln 24%. Der Eisverkäufer vermutet, dass sich dieser Anteil erhöht hat. Diese Gegenhypothese soll im Rahmen eines einseitigen Hypothesentests überprüft werden. Dazu werden in einer Stichprobe 250 Kunden untersucht. Der Ablehnungsbereich der Nullhypothese ist {71,...,250}.<p>Bestimmen Sie die maximale Wahrscheinlichkeit für den Fehler 1. Art (auf 4 NKS gerundet).</p><p>{1:NUMERICAL:=0,062:0,0001}</p><p>Von den betrachteten Kunden bestellen 74 ein Eis mit Streuseln. Beurteilen Sie auf Grundlage der Entscheidungsregel, ob weiterhin von der Nullhypothese oder stattdessen von der Gegenhypothese ausgegangen werden soll.</p><p>{1:MC:~Nullhypothese~=Gegenhypothese}</p>]]></text></questiontext></question><question type="cloze"><name><text>04 </text></name><questiontext format="html"><text><![CDATA[David hat eine gezinkte Münze. In der Vergangenheit betrug der Anteil der geworfenen Köpfe 61%. David vermutet, dass sich dieser Anteil erhöht hat. Diese Gegenhypothese soll im Rahmen eines einseitigen Hypothesentests überprüft werden. Dazu werden in einer Stichprobe 300 Münzwürfe untersucht. Der Ablehnungsbereich der Nullhypothese ist {196,...,300}.<p>Bestimmen Sie die maximale Wahrscheinlichkeit für den Fehler 1. Art (auf 4 NKS gerundet).</p><p>{1:NUMERICAL:=0,0687:0,0001}</p><p>David wirft 199 Mal Kopf.  Beurteilen Sie auf Grundlage der Entscheidungsregel, ob weiterhin von der Nullhypothese oder stattdessen von der Gegenhypothese ausgegangen werden soll.</p><p>{1:MC:~Nullhypothese~=Gegenhypothese}</p>]]></text></questiontext></question><question type="cloze"><name><text>05 </text></name><questiontext format="html"><text><![CDATA[Eine Ärztin prüft, ob Bewerber für den Polizeiberuf gesundheitlich geeignet sind. In der Vergangenheit betrug der Anteil der Bewerber mit erfolgreichem Gesundheitscheck 32%. Die Ärztin vermutet, dass sich dieser Anteil erhöht hat. Diese Gegenhypothese soll im Rahmen eines einseitigen Hypothesentests überprüft werden. Dazu werden in einer Stichprobe 100 Bewerber untersucht. Der Ablehnungsbereich der Nullhypothese ist {40,...,100}.<p>Bestimmen Sie die maximale Wahrscheinlichkeit für den Fehler 1. Art (auf 4 NKS gerundet).</p><p>{1:NUMERICAL:=0,0558:0,0001}</p><p>Von den Bewerbern absolvieren 39 den Check erfolgreich.  Beurteilen Sie auf Grundlage der Entscheidungsregel, ob weiterhin von der Nullhypothese oder stattdessen von der Gegenhypothese ausgegangen werden soll.</p><p>{1:MC:~=Nullhypothese~Gegenhypothese}</p>]]></text></questiontext></question><question type="cloze"><name><text>06 </text></name><questiontext format="html"><text><![CDATA[Ein Fahrlehrer nimmt eine theoretische Führerscheinprüfung ab. In der Vergangenheit betrug der Anteil der durchgefallenen Prüflinge 20%. Der Fahrlehrer vermutet, dass sich dieser Anteil erhöht hat. Diese Gegenhypothese soll im Rahmen eines einseitigen Hypothesentests überprüft werden. Dazu werden in einer Stichprobe 300 Prüflinge untersucht. Der Ablehnungsbereich der Nullhypothese ist {70,...,300}.<p>Bestimmen Sie die maximale Wahrscheinlichkeit für den Fehler 1. Art (auf 4 NKS gerundet).</p><p>{1:NUMERICAL:=0,0869:0,0001}</p><p>Von den Kandidaten bestehen 73  nicht die Prüfung. Beurteilen Sie auf Grundlage der Entscheidungsregel, ob weiterhin von der Nullhypothese oder stattdessen von der Gegenhypothese ausgegangen werden soll.</p><p>{1:MC:~Nullhypothese~=Gegenhypothese}</p>]]></text></questiontext></question><question type="cloze"><name><text>07 </text></name><questiontext format="html"><text><![CDATA[Ein Zollbeamter kontrolliert ein Sportgeschäft hinsichtlich gefälschter Turnschuhe. In der Vergangenheit betrug der Anteil der gefälschten Turnschuhe 51%. Der Zollbeamte vermutet, dass sich dieser Anteil erhöht hat. Diese Gegenhypothese soll im Rahmen eines einseitigen Hypothesentests überprüft werden. Dazu werden in einer Stichprobe 300 Turnschuhe untersucht. Der Ablehnungsbereich der Nullhypothese ist {167,...,300}.<p>Bestimmen Sie die maximale Wahrscheinlichkeit für den Fehler 1. Art (auf 4 NKS gerundet).</p><p>{1:NUMERICAL:=0,0593:0,0001}</p><p>Von den untersuchten Turnschuhen sind 170 gefälscht.  Beurteilen Sie auf Grundlage der Entscheidungsregel, ob weiterhin von der Nullhypothese oder stattdessen von der Gegenhypothese ausgegangen werden soll.</p><p>{1:MC:~Nullhypothese~=Gegenhypothese}</p>]]></text></questiontext></question><question type="cloze"><name><text>08 </text></name><questiontext format="html"><text><![CDATA[Eine Fußballspielerin trainiert Freistöße. In der Vergangenheit betrug der Anteil der Fehltreffer 39%. Die Fußballerin vermutet, dass sich dieser Anteil erhöht hat. Diese Gegenhypothese soll im Rahmen eines einseitigen Hypothesentests überprüft werden. Dazu werden in einer Stichprobe 250 Freistöße untersucht. Der Ablehnungsbereich der Nullhypothese ist {111,...,250}.<p>Bestimmen Sie die maximale Wahrscheinlichkeit für den Fehler 1. Art (auf 4 NKS gerundet).</p><p>{1:NUMERICAL:=0,0467:0,0001}</p><p>Die Fußballerin trifft 110 Mal nicht das Tor.  Beurteilen Sie auf Grundlage der Entscheidungsregel, ob weiterhin von der Nullhypothese oder stattdessen von der Gegenhypothese ausgegangen werden soll.</p><p>{1:MC:~=Nullhypothese~Gegenhypothese}</p>]]></text></questiontext></question><question type="cloze"><name><text>09 </text></name><questiontext format="html"><text><![CDATA[Ein Unternehmen untersucht, wie zufrieden seine Mitarbeiter sind. In der Vergangenheit betrug der Anteil der zufriedenen Mitarbeiter 21%. Das Unternehmen vermutet, dass sich dieser Anteil erhöht hat. Diese Gegenhypothese soll im Rahmen eines einseitigen Hypothesentests überprüft werden. Dazu werden in einer Stichprobe 150 Mitarbeiter untersucht. Der Ablehnungsbereich der Nullhypothese ist {43,...,150}.<p>Bestimmen Sie die maximale Wahrscheinlichkeit für den Fehler 1. Art (auf 4 NKS gerundet).</p><p>{1:NUMERICAL:=0,0161:0,0001}</p><p>Von den befragten Mitarbeitern sind 40 zufrieden.  Beurteilen Sie auf Grundlage der Entscheidungsregel, ob weiterhin von der Nullhypothese oder stattdessen von der Gegenhypothese ausgegangen werden soll.</p><p>{1:MC:~=Nullhypothese~Gegenhypothese}</p>]]></text></questiontext></question><question type="cloze"><name><text>10 </text></name><questiontext format="html"><text><![CDATA[Der Besitzer eines Restaurants untersucht, wie viele Gäste vegetarische Gerichte bestellen. In der Vergangenheit betrug der Anteil der vegetarischen Gerichte 46%. Der Besitzer vermutet, dass sich dieser Anteil erhöht hat. Diese Gegenhypothese soll im Rahmen eines einseitigen Hypothesentests überprüft werden. Dazu werden in einer Stichprobe 300 Gerichte untersucht. Der Ablehnungsbereich der Nullhypothese ist {157,...,300}.<p>Bestimmen Sie die maximale Wahrscheinlichkeit für den Fehler 1. Art (auf 4 NKS gerundet).</p><p>{1:NUMERICAL:=0,0162:0,0001}</p><p>Von den kontrollierten Gerichten sind 156 vegetarisch.  Beurteilen Sie auf Grundlage der Entscheidungsregel, ob weiterhin von der Nullhypothese oder stattdessen von der Gegenhypothese ausgegangen werden soll.</p><p>{1:MC:~=Nullhypothese~Gegenhypothese}</p>]]></text></questiontext></question><question type="cloze"><name><text>11 </text></name><questiontext format="html"><text><![CDATA[Die Filialleiterin eines Gartencenter prüft, ob die Pflanzen ausreichend bewässert werden. In der Vergangenheit betrug der Anteil der unzureichend bewässerten Pflanzen 44%. Die Filialleiterin vermutet, dass sich dieser Anteil erhöht hat. Diese Gegenhypothese soll im Rahmen eines einseitigen Hypothesentests überprüft werden. Dazu werden in einer Stichprobe 250 Pflanzen untersucht. Der Ablehnungsbereich der Nullhypothese ist {123,...,250}.<p>Bestimmen Sie die maximale Wahrscheinlichkeit für den Fehler 1. Art (auf 4 NKS gerundet).</p><p>{1:NUMERICAL:=0,056:0,0001}</p><p>Von den geprüften Pflanzen bekommen 126 zu wenig Wasser. Beurteilen Sie auf Grundlage der Entscheidungsregel, ob weiterhin von der Nullhypothese oder stattdessen von der Gegenhypothese ausgegangen werden soll.</p><p>{1:MC:~Nullhypothese~=Gegenhypothese}</p>]]></text></questiontext></question><question type="cloze"><name><text>12 </text></name><questiontext format="html"><text><![CDATA[Ein Onlineshop für Heimwerkerbedarf bietet elektrische Werkzeuge entweder mit Kabel oder mit Akku an. In der Vergangenheit betrug der Anteil der Werkzeuge mit Akku 20%. Der Onlineshop vermutet, dass sich dieser Anteil erhöht hat. Diese Gegenhypothese soll im Rahmen eines einseitigen Hypothesentests überprüft werden. Dazu werden in einer Stichprobe 100 Werkzeuge untersucht. Der Ablehnungsbereich der Nullhypothese ist {27,...,100}.<p>Bestimmen Sie die maximale Wahrscheinlichkeit für den Fehler 1. Art (auf 4 NKS gerundet).</p><p>{1:NUMERICAL:=0,0558:0,0001}</p><p>Von den registrierten Werkzeugen sind 30 mit einem Akku ausgestattet. Beurteilen Sie auf Grundlage der Entscheidungsregel, ob weiterhin von der Nullhypothese oder stattdessen von der Gegenhypothese ausgegangen werden soll.</p><p>{1:MC:~Nullhypothese~=Gegenhypothese}</p>]]></text></questiontext></question><question type="cloze"><name><text>13 </text></name><questiontext format="html"><text><![CDATA[Ein Unternehmen prüft, wie gut seine Computer vor etwaigen Cyberattacken geschützt sind. In der Vergangenheit betrug der Anteil der Computer mit unzureichendem Virenschutz 39%. Das Unternehmen vermutet, dass sich dieser Anteil erhöht hat. Diese Gegenhypothese soll im Rahmen eines einseitigen Hypothesentests überprüft werden. Dazu werden in einer Stichprobe 150 Computer untersucht. Der Ablehnungsbereich der Nullhypothese ist {70,...,150}.<p>Bestimmen Sie die maximale Wahrscheinlichkeit für den Fehler 1. Art (auf 4 NKS gerundet).</p><p>{1:NUMERICAL:=0,0337:0,0001}</p><p>Von den untersuchten Computern haben 69 keinen ausreichenden Virenschutz.  Beurteilen Sie auf Grundlage der Entscheidungsregel, ob weiterhin von der Nullhypothese oder stattdessen von der Gegenhypothese ausgegangen werden soll.</p><p>{1:MC:~=Nullhypothese~Gegenhypothese}</p>]]></text></questiontext></question><question type="cloze"><name><text>14 </text></name><questiontext format="html"><text><![CDATA[Eine Glaserei produziert Maßkrüge, wobei es an einigen Krügen zu Kratzern kommt. In der Vergangenheit betrug der Anteil der Krüge mit Kratzer 27%. Die Glaserei vermutet, dass sich dieser Anteil erhöht hat. Diese Gegenhypothese soll im Rahmen eines einseitigen Hypothesentests überprüft werden. Dazu werden in einer Stichprobe 150 Krüge untersucht. Der Ablehnungsbereich der Nullhypothese ist {50,...,150}.<p>Bestimmen Sie die maximale Wahrscheinlichkeit für den Fehler 1. Art (auf 4 NKS gerundet).</p><p>{1:NUMERICAL:=0,0511:0,0001}</p><p>In der Stichprobe sind 53 Krüge mit Kratzer. Beurteilen Sie auf Grundlage der Entscheidungsregel, ob weiterhin von der Nullhypothese oder stattdessen von der Gegenhypothese ausgegangen werden soll.</p><p>{1:MC:~Nullhypothese~=Gegenhypothese}</p>]]></text></questiontext></question><question type="cloze"><name><text>15 </text></name><questiontext format="html"><text><![CDATA[Amalia sucht auf einer Online-Partnerbörse nach dem Mann fürs Leben. In der Vergangenheit betrug der Anteil der Vorschläge mit attraktiven Partnern 33%. Amalia vermutet, dass sich dieser Anteil erhöht hat. Diese Gegenhypothese soll im Rahmen eines einseitigen Hypothesentests überprüft werden. Dazu werden in einer Stichprobe 300 vorgeschlagenen Partner untersucht. Der Ablehnungsbereich der Nullhypothese ist {111,...,300}.<p>Bestimmen Sie die maximale Wahrscheinlichkeit für den Fehler 1. Art (auf 4 NKS gerundet).</p><p>{1:NUMERICAL:=0,0799:0,0001}</p><p>Von den vorgeschlagenen Partnern findet Amalia 112 attraktiv.  Beurteilen Sie auf Grundlage der Entscheidungsregel, ob weiterhin von der Nullhypothese oder stattdessen von der Gegenhypothese ausgegangen werden soll.</p><p>{1:MC:~Nullhypothese~=Gegenhypothese}</p>]]></text></questiontext></question><question type="cloze"><name><text>16 </text></name><questiontext format="html"><text><![CDATA[Ein Unternehmen verkauft Smartwatches. Um den Absatz anzukurbeln, werden einigen Uhren zufällig Gutscheine für ein Online-Versandhaus beigelegt. In der Vergangenheit betrug der Anteil der Smartwatches mit Gutschein 46%. Das Unternehmen vermutet, dass sich dieser Anteil erhöht hat. Diese Gegenhypothese soll im Rahmen eines einseitigen Hypothesentests überprüft werden. Dazu werden in einer Stichprobe 300 Smartwatches untersucht. Der Ablehnungsbereich der Nullhypothese ist {151,...,300}.<p>Bestimmen Sie die maximale Wahrscheinlichkeit für den Fehler 1. Art (auf 4 NKS gerundet).</p><p>{1:NUMERICAL:=0,074:0,0001}</p><p>In einer Kiste sind 150 Smartwatches mit Gutschein. Beurteilen Sie auf Grundlage der Entscheidungsregel, ob weiterhin von der Nullhypothese oder stattdessen von der Gegenhypothese ausgegangen werden soll.</p><p>{1:MC:~=Nullhypothese~Gegenhypothese}</p>]]></text></questiontext></question><question type="cloze"><name><text>17 </text></name><questiontext format="html"><text><![CDATA[Der Verkäufer einer Imbissbude möchte wissen, auf welche Art seine Kunden bezahlen. In der Vergangenheit betrug der Anteil der barbezahlenden Kunden 28%. Der Verkäufer vermutet, dass sich dieser Anteil erhöht hat. Diese Gegenhypothese soll im Rahmen eines einseitigen Hypothesentests überprüft werden. Dazu werden in einer Stichprobe 200 Kunden untersucht. Der Ablehnungsbereich der Nullhypothese ist {67,...,200}.<p>Bestimmen Sie die maximale Wahrscheinlichkeit für den Fehler 1. Art (auf 4 NKS gerundet).</p><p>{1:NUMERICAL:=0,0509:0,0001}</p><p>Es bezahlen 64 Kunden bar.  Beurteilen Sie auf Grundlage der Entscheidungsregel, ob weiterhin von der Nullhypothese oder stattdessen von der Gegenhypothese ausgegangen werden soll.</p><p>{1:MC:~=Nullhypothese~Gegenhypothese}</p>]]></text></questiontext></question><question type="cloze"><name><text>18 </text></name><questiontext format="html"><text><![CDATA[Ein Unternehmen verkauft Beamer und garantiert eine Lebensdauer von 4000 Stunden für die Beamerlampen. In der Vergangenheit betrug der Anteil der Beamerlampen mit einer Lebensdauer von weniger als 4000 Stunden 53%. Das Unternehmen vermutet, dass sich dieser Anteil erhöht hat. Diese Gegenhypothese soll im Rahmen eines einseitigen Hypothesentests überprüft werden. Dazu werden in einer Stichprobe 100 Beamerlampen untersucht. Der Ablehnungsbereich der Nullhypothese ist {61,...,100}.<p>Bestimmen Sie die maximale Wahrscheinlichkeit für den Fehler 1. Art (auf 4 NKS gerundet).</p><p>{1:NUMERICAL:=0,0659:0,0001}</p><p>Von den kontrollierten Beamerlampen leuchten 60 weniger als 4000 Stunden. Beurteilen Sie auf Grundlage der Entscheidungsregel, ob weiterhin von der Nullhypothese oder stattdessen von der Gegenhypothese ausgegangen werden soll.</p><p>{1:MC:~=Nullhypothese~Gegenhypothese}</p>]]></text></questiontext></question><question type="cloze"><name><text>19 </text></name><questiontext format="html"><text><![CDATA[Ein potentieller Werbepartner studiert den Bekanntheitsgrad einer Influencerin. In der Vergangenheit betrug der Anteil der Follower der Influencerin 36%. Der potentielle Werbepartner vermutet, dass sich dieser Anteil erhöht hat. Diese Gegenhypothese soll im Rahmen eines einseitigen Hypothesentests überprüft werden. Dazu werden in einer Stichprobe 300 User untersucht. Der Ablehnungsbereich der Nullhypothese ist {121,...,300}.<p>Bestimmen Sie die maximale Wahrscheinlichkeit für den Fehler 1. Art (auf 4 NKS gerundet).</p><p>{1:NUMERICAL:=0,0672:0,0001}</p><p>Von den befragten Usern folgen 120 der Influencerin.  Beurteilen Sie auf Grundlage der Entscheidungsregel, ob weiterhin von der Nullhypothese oder stattdessen von der Gegenhypothese ausgegangen werden soll.</p><p>{1:MC:~=Nullhypothese~Gegenhypothese}</p>]]></text></questiontext></question><question type="cloze"><name><text>20 </text></name><questiontext format="html"><text><![CDATA[In einem Lebensmittelgeschäft bestimmt ein Kassierer mit Hilfe einer Waage das Gewicht von Obst und Gemüse. In der Vergangenheit betrug der Anteil der ungenau gewogenen Lebensmittel 73%. Der Kassierer vermutet, dass sich dieser Anteil erhöht hat. Diese Gegenhypothese soll im Rahmen eines einseitigen Hypothesentests überprüft werden. Dazu werden in einer Stichprobe 100 Lebensmittel untersucht. Der Ablehnungsbereich der Nullhypothese ist {80,...,100}.<p>Bestimmen Sie die maximale Wahrscheinlichkeit für den Fehler 1. Art (auf 4 NKS gerundet).</p><p>{1:NUMERICAL:=0,0684:0,0001}</p><p>Von den ermittelten Gewichten sind 79 nicht ausreichend genau.  Beurteilen Sie auf Grundlage der Entscheidungsregel, ob weiterhin von der Nullhypothese oder stattdessen von der Gegenhypothese ausgegangen werden soll.</p><p>{1:MC:~=Nullhypothese~Gegenhypothese}</p>]]></text></questiontext></question></quiz>