<?xml version="1.0" encoding="UTF-8" standalone="yes"?>
<quiz><question type="category"><category><text>Stochastik/Allgemein/Binomialverteilung/HypothesenAblehnungsbereich/linksseitig</text></category><info format="html"><text /></info><idnumber /></question><question type="cloze"><name><text>01 </text></name><questiontext format="html"><text><![CDATA[Ein Kontrolleur überprüft die Funktionsfähigkeit von Halbleitern. In der Vergangenheit betrug der Anteil der defekten Halbleiter 37%. Der Kontrolleur vermutet, dass sich dieser Anteil verringert hat. Diese Gegenhypothese soll im Rahmen eines einseitigen Hypothesentests überprüft werden. Dazu werden in einer Stichprobe 100 Halbleiter untersucht. Das zugrunde liegende Signifikanzniveau ist 3%. Entwickeln Sie mit Hilfe der zugehörigen Entscheidungsregel den Ablehnungsbereich der Nullhypothese.<p>Nullhypothese:</p><p>H<sub>0</sub>: p = {1:NUMERICAL:=0,37:0}<br>Annahmebereich: [ {1:MC:~0~=k+1}, ... ,{1:MC:~k-1~=100} ]</p><p>Gegenhypothese:</p><p>H<sub>1</sub>: p {1:MC:~&gt;~=&lt;}{1:NUMERICAL:=0,37:0}<br>Ablehnungsbereich: [ {1:MC:~k~=0}, ... ,{1:MC:~100~=k} ]</p><p>Entscheidungsregel:</p><p>Gesucht ist das {1:MC:~kleinste~=größte} k, so dass P(X{1:MC:~&geq;~=&leq;}k) &leq; {1:NUMERICAL:=0,03:0} ist.</p><p>Berechnungen:</p><p>P(X{1:MC:~&geq;~=&leq;}27) = {1:NUMERICAL:=0,0227:0,0001}<br>P(X{1:MC:~&geq;~=&leq;}28) = {1:NUMERICAL:=0,0372:0,0001}<br>Es folgt k = {1:NUMERICAL:=27:0}.<br>Der Ablehnungsbereich lautet daher [ {1:MC:~27~=0}, ... ,{1:MC:~100~=27} ].</p>]]></text></questiontext></question><question type="cloze"><name><text>02 </text></name><questiontext format="html"><text><![CDATA[Eine Schaffnerin kontrolliert Fahrscheine in einer Regionalbahn von Bielefeld nach Münster. In der Vergangenheit betrug der Anteil der Passagiere ohne gültigen Fahrschein 70%. Die Schaffnerin vermutet, dass sich dieser Anteil verringert hat. Diese Gegenhypothese soll im Rahmen eines einseitigen Hypothesentests überprüft werden. Dazu werden in einer Stichprobe 250 Passagiere untersucht. Das zugrunde liegende Signifikanzniveau ist 5%. Entwickeln Sie mit Hilfe der zugehörigen Entscheidungsregel den Ablehnungsbereich der Nullhypothese.<p>Nullhypothese:</p><p>H<sub>0</sub>: p = {1:NUMERICAL:=0,7:0}<br>Annahmebereich: [ {1:MC:~0~=k+1}, ... ,{1:MC:~k-1~=250} ]</p><p>Gegenhypothese:</p><p>H<sub>1</sub>: p {1:MC:~&gt;~=&lt;}{1:NUMERICAL:=0,7:0}<br>Ablehnungsbereich: [ {1:MC:~k~=0}, ... ,{1:MC:~250~=k} ]</p><p>Entscheidungsregel:</p><p>Gesucht ist das {1:MC:~kleinste~=größte} k, so dass P(X{1:MC:~&geq;~=&leq;}k) &leq; {1:NUMERICAL:=0,05:0} ist.</p><p>Berechnungen:</p><p>P(X{1:MC:~&geq;~=&leq;}162) = {1:NUMERICAL:=0,0437:0,0001}<br>P(X{1:MC:~&geq;~=&leq;}163) = {1:NUMERICAL:=0,0577:0,0001}<br>Es folgt k = {1:NUMERICAL:=162:0}.<br>Der Ablehnungsbereich lautet daher [ {1:MC:~162~=0}, ... ,{1:MC:~250~=162} ].</p>]]></text></questiontext></question><question type="cloze"><name><text>03 </text></name><questiontext format="html"><text><![CDATA[An einem Eisstand bietet der Verkäufer Eis mit oder ohne Streuseln an. In der Vergangenheit betrug der Anteil der Kundenbestellungen mit Streuseln 22%. Der Eisverkäufer vermutet, dass sich dieser Anteil verringert hat. Diese Gegenhypothese soll im Rahmen eines einseitigen Hypothesentests überprüft werden. Dazu werden in einer Stichprobe 100 Kunden untersucht. Das zugrunde liegende Signifikanzniveau ist 9%. Entwickeln Sie mit Hilfe der zugehörigen Entscheidungsregel den Ablehnungsbereich der Nullhypothese.<p>Nullhypothese:</p><p>H<sub>0</sub>: p = {1:NUMERICAL:=0,22:0}<br>Annahmebereich: [ {1:MC:~0~=k+1}, ... ,{1:MC:~k-1~=100} ]</p><p>Gegenhypothese:</p><p>H<sub>1</sub>: p {1:MC:~&gt;~=&lt;}{1:NUMERICAL:=0,22:0}<br>Ablehnungsbereich: [ {1:MC:~k~=0}, ... ,{1:MC:~100~=k} ]</p><p>Entscheidungsregel:</p><p>Gesucht ist das {1:MC:~kleinste~=größte} k, so dass P(X{1:MC:~&geq;~=&leq;}k) &leq; {1:NUMERICAL:=0,09:0} ist.</p><p>Berechnungen:</p><p>P(X{1:MC:~&geq;~=&leq;}16) = {1:NUMERICAL:=0,0888:0,0001}<br>P(X{1:MC:~&geq;~=&leq;}17) = {1:NUMERICAL:=0,1375:0,0001}<br>Es folgt k = {1:NUMERICAL:=16:0}.<br>Der Ablehnungsbereich lautet daher [ {1:MC:~16~=0}, ... ,{1:MC:~100~=16} ].</p>]]></text></questiontext></question><question type="cloze"><name><text>04 </text></name><questiontext format="html"><text><![CDATA[David hat eine gezinkte Münze. In der Vergangenheit betrug der Anteil der geworfenen Köpfe 60%. David vermutet, dass sich dieser Anteil verringert hat. Diese Gegenhypothese soll im Rahmen eines einseitigen Hypothesentests überprüft werden. Dazu werden in einer Stichprobe 100 Münzwürfe untersucht. Das zugrunde liegende Signifikanzniveau ist 5%. Entwickeln Sie mit Hilfe der zugehörigen Entscheidungsregel den Ablehnungsbereich der Nullhypothese.<p>Nullhypothese:</p><p>H<sub>0</sub>: p = {1:NUMERICAL:=0,6:0}<br>Annahmebereich: [ {1:MC:~0~=k+1}, ... ,{1:MC:~k-1~=100} ]</p><p>Gegenhypothese:</p><p>H<sub>1</sub>: p {1:MC:~&gt;~=&lt;}{1:NUMERICAL:=0,6:0}<br>Ablehnungsbereich: [ {1:MC:~k~=0}, ... ,{1:MC:~100~=k} ]</p><p>Entscheidungsregel:</p><p>Gesucht ist das {1:MC:~kleinste~=größte} k, so dass P(X{1:MC:~&geq;~=&leq;}k) &leq; {1:NUMERICAL:=0,05:0} ist.</p><p>Berechnungen:</p><p>P(X{1:MC:~&geq;~=&leq;}51) = {1:NUMERICAL:=0,0423:0,0001}<br>P(X{1:MC:~&geq;~=&leq;}52) = {1:NUMERICAL:=0,0638:0,0001}<br>Es folgt k = {1:NUMERICAL:=51:0}.<br>Der Ablehnungsbereich lautet daher [ {1:MC:~51~=0}, ... ,{1:MC:~100~=51} ].</p>]]></text></questiontext></question><question type="cloze"><name><text>05 </text></name><questiontext format="html"><text><![CDATA[Eine Ärztin prüft, ob Bewerber für den Polizeiberuf gesundheitlich geeignet sind. In der Vergangenheit betrug der Anteil der Bewerber mit erfolgreichem Gesundheitscheck 51%. Die Ärztin vermutet, dass sich dieser Anteil verringert hat. Diese Gegenhypothese soll im Rahmen eines einseitigen Hypothesentests überprüft werden. Dazu werden in einer Stichprobe 100 Bewerber untersucht. Das zugrunde liegende Signifikanzniveau ist 4%. Entwickeln Sie mit Hilfe der zugehörigen Entscheidungsregel den Ablehnungsbereich der Nullhypothese.<p>Nullhypothese:</p><p>H<sub>0</sub>: p = {1:NUMERICAL:=0,51:0}<br>Annahmebereich: [ {1:MC:~0~=k+1}, ... ,{1:MC:~k-1~=100} ]</p><p>Gegenhypothese:</p><p>H<sub>1</sub>: p {1:MC:~&gt;~=&lt;}{1:NUMERICAL:=0,51:0}<br>Ablehnungsbereich: [ {1:MC:~k~=0}, ... ,{1:MC:~100~=k} ]</p><p>Entscheidungsregel:</p><p>Gesucht ist das {1:MC:~kleinste~=größte} k, so dass P(X{1:MC:~&geq;~=&leq;}k) &leq; {1:NUMERICAL:=0,04:0} ist.</p><p>Berechnungen:</p><p>P(X{1:MC:~&geq;~=&leq;}41) = {1:NUMERICAL:=0,0285:0,0001}<br>P(X{1:MC:~&geq;~=&leq;}42) = {1:NUMERICAL:=0,0444:0,0001}<br>Es folgt k = {1:NUMERICAL:=41:0}.<br>Der Ablehnungsbereich lautet daher [ {1:MC:~41~=0}, ... ,{1:MC:~100~=41} ].</p>]]></text></questiontext></question><question type="cloze"><name><text>06 </text></name><questiontext format="html"><text><![CDATA[Ein Fahrlehrer nimmt eine theoretische Führerscheinprüfung ab. In der Vergangenheit betrug der Anteil der durchgefallenen Prüflinge 52%. Der Fahrlehrer vermutet, dass sich dieser Anteil verringert hat. Diese Gegenhypothese soll im Rahmen eines einseitigen Hypothesentests überprüft werden. Dazu werden in einer Stichprobe 200 Prüflinge untersucht. Das zugrunde liegende Signifikanzniveau ist 4%. Entwickeln Sie mit Hilfe der zugehörigen Entscheidungsregel den Ablehnungsbereich der Nullhypothese.<p>Nullhypothese:</p><p>H<sub>0</sub>: p = {1:NUMERICAL:=0,52:0}<br>Annahmebereich: [ {1:MC:~0~=k+1}, ... ,{1:MC:~k-1~=200} ]</p><p>Gegenhypothese:</p><p>H<sub>1</sub>: p {1:MC:~&gt;~=&lt;}{1:NUMERICAL:=0,52:0}<br>Ablehnungsbereich: [ {1:MC:~k~=0}, ... ,{1:MC:~200~=k} ]</p><p>Entscheidungsregel:</p><p>Gesucht ist das {1:MC:~kleinste~=größte} k, so dass P(X{1:MC:~&geq;~=&leq;}k) &leq; {1:NUMERICAL:=0,04:0} ist.</p><p>Berechnungen:</p><p>P(X{1:MC:~&geq;~=&leq;}91) = {1:NUMERICAL:=0,0385:0,0001}<br>P(X{1:MC:~&geq;~=&leq;}92) = {1:NUMERICAL:=0,0518:0,0001}<br>Es folgt k = {1:NUMERICAL:=91:0}.<br>Der Ablehnungsbereich lautet daher [ {1:MC:~91~=0}, ... ,{1:MC:~200~=91} ].</p>]]></text></questiontext></question><question type="cloze"><name><text>07 </text></name><questiontext format="html"><text><![CDATA[Ein Zollbeamter kontrolliert ein Sportgeschäft hinsichtlich gefälschter Turnschuhe. In der Vergangenheit betrug der Anteil der gefälschten Turnschuhe 52%. Der Zollbeamte vermutet, dass sich dieser Anteil verringert hat. Diese Gegenhypothese soll im Rahmen eines einseitigen Hypothesentests überprüft werden. Dazu werden in einer Stichprobe 200 Turnschuhe untersucht. Das zugrunde liegende Signifikanzniveau ist 4%. Entwickeln Sie mit Hilfe der zugehörigen Entscheidungsregel den Ablehnungsbereich der Nullhypothese.<p>Nullhypothese:</p><p>H<sub>0</sub>: p = {1:NUMERICAL:=0,52:0}<br>Annahmebereich: [ {1:MC:~0~=k+1}, ... ,{1:MC:~k-1~=200} ]</p><p>Gegenhypothese:</p><p>H<sub>1</sub>: p {1:MC:~&gt;~=&lt;}{1:NUMERICAL:=0,52:0}<br>Ablehnungsbereich: [ {1:MC:~k~=0}, ... ,{1:MC:~200~=k} ]</p><p>Entscheidungsregel:</p><p>Gesucht ist das {1:MC:~kleinste~=größte} k, so dass P(X{1:MC:~&geq;~=&leq;}k) &leq; {1:NUMERICAL:=0,04:0} ist.</p><p>Berechnungen:</p><p>P(X{1:MC:~&geq;~=&leq;}91) = {1:NUMERICAL:=0,0385:0,0001}<br>P(X{1:MC:~&geq;~=&leq;}92) = {1:NUMERICAL:=0,0518:0,0001}<br>Es folgt k = {1:NUMERICAL:=91:0}.<br>Der Ablehnungsbereich lautet daher [ {1:MC:~91~=0}, ... ,{1:MC:~200~=91} ].</p>]]></text></questiontext></question><question type="cloze"><name><text>08 </text></name><questiontext format="html"><text><![CDATA[Eine Fußballspielerin trainiert Freistöße. In der Vergangenheit betrug der Anteil der Fehltreffer 33%. Die Fußballerin vermutet, dass sich dieser Anteil verringert hat. Diese Gegenhypothese soll im Rahmen eines einseitigen Hypothesentests überprüft werden. Dazu werden in einer Stichprobe 100 Freistöße untersucht. Das zugrunde liegende Signifikanzniveau ist 2%. Entwickeln Sie mit Hilfe der zugehörigen Entscheidungsregel den Ablehnungsbereich der Nullhypothese.<p>Nullhypothese:</p><p>H<sub>0</sub>: p = {1:NUMERICAL:=0,33:0}<br>Annahmebereich: [ {1:MC:~0~=k+1}, ... ,{1:MC:~k-1~=100} ]</p><p>Gegenhypothese:</p><p>H<sub>1</sub>: p {1:MC:~&gt;~=&lt;}{1:NUMERICAL:=0,33:0}<br>Ablehnungsbereich: [ {1:MC:~k~=0}, ... ,{1:MC:~100~=k} ]</p><p>Entscheidungsregel:</p><p>Gesucht ist das {1:MC:~kleinste~=größte} k, so dass P(X{1:MC:~&geq;~=&leq;}k) &leq; {1:NUMERICAL:=0,02:0} ist.</p><p>Berechnungen:</p><p>P(X{1:MC:~&geq;~=&leq;}23) = {1:NUMERICAL:=0,0194:0,0001}<br>P(X{1:MC:~&geq;~=&leq;}24) = {1:NUMERICAL:=0,0328:0,0001}<br>Es folgt k = {1:NUMERICAL:=23:0}.<br>Der Ablehnungsbereich lautet daher [ {1:MC:~23~=0}, ... ,{1:MC:~100~=23} ].</p>]]></text></questiontext></question><question type="cloze"><name><text>09 </text></name><questiontext format="html"><text><![CDATA[Ein Unternehmen untersucht, wie zufrieden seine Mitarbeiter sind. In der Vergangenheit betrug der Anteil der zufriedenen Mitarbeiter 47%. Das Unternehmen vermutet, dass sich dieser Anteil verringert hat. Diese Gegenhypothese soll im Rahmen eines einseitigen Hypothesentests überprüft werden. Dazu werden in einer Stichprobe 150 Mitarbeiter untersucht. Das zugrunde liegende Signifikanzniveau ist 8%. Entwickeln Sie mit Hilfe der zugehörigen Entscheidungsregel den Ablehnungsbereich der Nullhypothese.<p>Nullhypothese:</p><p>H<sub>0</sub>: p = {1:NUMERICAL:=0,47:0}<br>Annahmebereich: [ {1:MC:~0~=k+1}, ... ,{1:MC:~k-1~=150} ]</p><p>Gegenhypothese:</p><p>H<sub>1</sub>: p {1:MC:~&gt;~=&lt;}{1:NUMERICAL:=0,47:0}<br>Ablehnungsbereich: [ {1:MC:~k~=0}, ... ,{1:MC:~150~=k} ]</p><p>Entscheidungsregel:</p><p>Gesucht ist das {1:MC:~kleinste~=größte} k, so dass P(X{1:MC:~&geq;~=&leq;}k) &leq; {1:NUMERICAL:=0,08:0} ist.</p><p>Berechnungen:</p><p>P(X{1:MC:~&geq;~=&leq;}61) = {1:NUMERICAL:=0,0701:0,0001}<br>P(X{1:MC:~&geq;~=&leq;}62) = {1:NUMERICAL:=0,095:0,0001}<br>Es folgt k = {1:NUMERICAL:=61:0}.<br>Der Ablehnungsbereich lautet daher [ {1:MC:~61~=0}, ... ,{1:MC:~150~=61} ].</p>]]></text></questiontext></question><question type="cloze"><name><text>10 </text></name><questiontext format="html"><text><![CDATA[Der Besitzer eines Restaurants untersucht, wie viele Gäste vegetarische Gerichte bestellen. In der Vergangenheit betrug der Anteil der vegetarischen Gerichte 28%. Der Besitzer vermutet, dass sich dieser Anteil verringert hat. Diese Gegenhypothese soll im Rahmen eines einseitigen Hypothesentests überprüft werden. Dazu werden in einer Stichprobe 300 Gerichte untersucht. Das zugrunde liegende Signifikanzniveau ist 4%. Entwickeln Sie mit Hilfe der zugehörigen Entscheidungsregel den Ablehnungsbereich der Nullhypothese.<p>Nullhypothese:</p><p>H<sub>0</sub>: p = {1:NUMERICAL:=0,28:0}<br>Annahmebereich: [ {1:MC:~0~=k+1}, ... ,{1:MC:~k-1~=300} ]</p><p>Gegenhypothese:</p><p>H<sub>1</sub>: p {1:MC:~&gt;~=&lt;}{1:NUMERICAL:=0,28:0}<br>Ablehnungsbereich: [ {1:MC:~k~=0}, ... ,{1:MC:~300~=k} ]</p><p>Entscheidungsregel:</p><p>Gesucht ist das {1:MC:~kleinste~=größte} k, so dass P(X{1:MC:~&geq;~=&leq;}k) &leq; {1:NUMERICAL:=0,04:0} ist.</p><p>Berechnungen:</p><p>P(X{1:MC:~&geq;~=&leq;}70) = {1:NUMERICAL:=0,0395:0,0001}<br>P(X{1:MC:~&geq;~=&leq;}71) = {1:NUMERICAL:=0,0522:0,0001}<br>Es folgt k = {1:NUMERICAL:=70:0}.<br>Der Ablehnungsbereich lautet daher [ {1:MC:~70~=0}, ... ,{1:MC:~300~=70} ].</p>]]></text></questiontext></question><question type="cloze"><name><text>11 </text></name><questiontext format="html"><text><![CDATA[Die Filialleiterin eines Gartencenter prüft, ob die Pflanzen ausreichend bewässert werden. In der Vergangenheit betrug der Anteil der unzureichend bewässerten Pflanzen 74%. Die Filialleiterin vermutet, dass sich dieser Anteil verringert hat. Diese Gegenhypothese soll im Rahmen eines einseitigen Hypothesentests überprüft werden. Dazu werden in einer Stichprobe 200 Pflanzen untersucht. Das zugrunde liegende Signifikanzniveau ist 9%. Entwickeln Sie mit Hilfe der zugehörigen Entscheidungsregel den Ablehnungsbereich der Nullhypothese.<p>Nullhypothese:</p><p>H<sub>0</sub>: p = {1:NUMERICAL:=0,74:0}<br>Annahmebereich: [ {1:MC:~0~=k+1}, ... ,{1:MC:~k-1~=200} ]</p><p>Gegenhypothese:</p><p>H<sub>1</sub>: p {1:MC:~&gt;~=&lt;}{1:NUMERICAL:=0,74:0}<br>Ablehnungsbereich: [ {1:MC:~k~=0}, ... ,{1:MC:~200~=k} ]</p><p>Entscheidungsregel:</p><p>Gesucht ist das {1:MC:~kleinste~=größte} k, so dass P(X{1:MC:~&geq;~=&leq;}k) &leq; {1:NUMERICAL:=0,09:0} ist.</p><p>Berechnungen:</p><p>P(X{1:MC:~&geq;~=&leq;}139) = {1:NUMERICAL:=0,0869:0,0001}<br>P(X{1:MC:~&geq;~=&leq;}140) = {1:NUMERICAL:=0,1143:0,0001}<br>Es folgt k = {1:NUMERICAL:=139:0}.<br>Der Ablehnungsbereich lautet daher [ {1:MC:~139~=0}, ... ,{1:MC:~200~=139} ].</p>]]></text></questiontext></question><question type="cloze"><name><text>12 </text></name><questiontext format="html"><text><![CDATA[Ein Onlineshop für Heimwerkerbedarf bietet elektrische Werkzeuge entweder mit Kabel oder mit Akku an. In der Vergangenheit betrug der Anteil der Werkzeuge mit Akku 35%. Der Onlineshop vermutet, dass sich dieser Anteil verringert hat. Diese Gegenhypothese soll im Rahmen eines einseitigen Hypothesentests überprüft werden. Dazu werden in einer Stichprobe 100 Werkzeuge untersucht. Das zugrunde liegende Signifikanzniveau ist 6%. Entwickeln Sie mit Hilfe der zugehörigen Entscheidungsregel den Ablehnungsbereich der Nullhypothese.<p>Nullhypothese:</p><p>H<sub>0</sub>: p = {1:NUMERICAL:=0,35:0}<br>Annahmebereich: [ {1:MC:~0~=k+1}, ... ,{1:MC:~k-1~=100} ]</p><p>Gegenhypothese:</p><p>H<sub>1</sub>: p {1:MC:~&gt;~=&lt;}{1:NUMERICAL:=0,35:0}<br>Ablehnungsbereich: [ {1:MC:~k~=0}, ... ,{1:MC:~100~=k} ]</p><p>Entscheidungsregel:</p><p>Gesucht ist das {1:MC:~kleinste~=größte} k, so dass P(X{1:MC:~&geq;~=&leq;}k) &leq; {1:NUMERICAL:=0,06:0} ist.</p><p>Berechnungen:</p><p>P(X{1:MC:~&geq;~=&leq;}27) = {1:NUMERICAL:=0,0558:0,0001}<br>P(X{1:MC:~&geq;~=&leq;}28) = {1:NUMERICAL:=0,0848:0,0001}<br>Es folgt k = {1:NUMERICAL:=27:0}.<br>Der Ablehnungsbereich lautet daher [ {1:MC:~27~=0}, ... ,{1:MC:~100~=27} ].</p>]]></text></questiontext></question><question type="cloze"><name><text>13 </text></name><questiontext format="html"><text><![CDATA[Ein Unternehmen prüft, wie gut seine Computer vor etwaigen Cyberattacken geschützt sind. In der Vergangenheit betrug der Anteil der Computer mit unzureichendem Virenschutz 46%. Das Unternehmen vermutet, dass sich dieser Anteil verringert hat. Diese Gegenhypothese soll im Rahmen eines einseitigen Hypothesentests überprüft werden. Dazu werden in einer Stichprobe 150 Computer untersucht. Das zugrunde liegende Signifikanzniveau ist 10%. Entwickeln Sie mit Hilfe der zugehörigen Entscheidungsregel den Ablehnungsbereich der Nullhypothese.<p>Nullhypothese:</p><p>H<sub>0</sub>: p = {1:NUMERICAL:=0,46:0}<br>Annahmebereich: [ {1:MC:~0~=k+1}, ... ,{1:MC:~k-1~=150} ]</p><p>Gegenhypothese:</p><p>H<sub>1</sub>: p {1:MC:~&gt;~=&lt;}{1:NUMERICAL:=0,46:0}<br>Ablehnungsbereich: [ {1:MC:~k~=0}, ... ,{1:MC:~150~=k} ]</p><p>Entscheidungsregel:</p><p>Gesucht ist das {1:MC:~kleinste~=größte} k, so dass P(X{1:MC:~&geq;~=&leq;}k) &leq; {1:NUMERICAL:=0,1:0} ist.</p><p>Berechnungen:</p><p>P(X{1:MC:~&geq;~=&leq;}60) = {1:NUMERICAL:=0,0815:0,0001}<br>P(X{1:MC:~&geq;~=&leq;}61) = {1:NUMERICAL:=0,1093:0,0001}<br>Es folgt k = {1:NUMERICAL:=60:0}.<br>Der Ablehnungsbereich lautet daher [ {1:MC:~60~=0}, ... ,{1:MC:~150~=60} ].</p>]]></text></questiontext></question><question type="cloze"><name><text>14 </text></name><questiontext format="html"><text><![CDATA[Eine Glaserei produziert Maßkrüge, wobei es an einigen Krügen zu Kratzern kommt. In der Vergangenheit betrug der Anteil der Krüge mit Kratzer 80%. Die Glaserei vermutet, dass sich dieser Anteil verringert hat. Diese Gegenhypothese soll im Rahmen eines einseitigen Hypothesentests überprüft werden. Dazu werden in einer Stichprobe 250 Krüge untersucht. Das zugrunde liegende Signifikanzniveau ist 6%. Entwickeln Sie mit Hilfe der zugehörigen Entscheidungsregel den Ablehnungsbereich der Nullhypothese.<p>Nullhypothese:</p><p>H<sub>0</sub>: p = {1:NUMERICAL:=0,8:0}<br>Annahmebereich: [ {1:MC:~0~=k+1}, ... ,{1:MC:~k-1~=250} ]</p><p>Gegenhypothese:</p><p>H<sub>1</sub>: p {1:MC:~&gt;~=&lt;}{1:NUMERICAL:=0,8:0}<br>Ablehnungsbereich: [ {1:MC:~k~=0}, ... ,{1:MC:~250~=k} ]</p><p>Entscheidungsregel:</p><p>Gesucht ist das {1:MC:~kleinste~=größte} k, so dass P(X{1:MC:~&geq;~=&leq;}k) &leq; {1:NUMERICAL:=0,06:0} ist.</p><p>Berechnungen:</p><p>P(X{1:MC:~&geq;~=&leq;}189) = {1:NUMERICAL:=0,051:0,0001}<br>P(X{1:MC:~&geq;~=&leq;}190) = {1:NUMERICAL:=0,0689:0,0001}<br>Es folgt k = {1:NUMERICAL:=189:0}.<br>Der Ablehnungsbereich lautet daher [ {1:MC:~189~=0}, ... ,{1:MC:~250~=189} ].</p>]]></text></questiontext></question><question type="cloze"><name><text>15 </text></name><questiontext format="html"><text><![CDATA[Amalia sucht auf einer Online-Partnerbörse nach dem Mann fürs Leben. In der Vergangenheit betrug der Anteil der Vorschläge mit attraktiven Partnern 40%. Amalia vermutet, dass sich dieser Anteil verringert hat. Diese Gegenhypothese soll im Rahmen eines einseitigen Hypothesentests überprüft werden. Dazu werden in einer Stichprobe 150 vorgeschlagenen Partner untersucht. Das zugrunde liegende Signifikanzniveau ist 10%. Entwickeln Sie mit Hilfe der zugehörigen Entscheidungsregel den Ablehnungsbereich der Nullhypothese.<p>Nullhypothese:</p><p>H<sub>0</sub>: p = {1:NUMERICAL:=0,4:0}<br>Annahmebereich: [ {1:MC:~0~=k+1}, ... ,{1:MC:~k-1~=150} ]</p><p>Gegenhypothese:</p><p>H<sub>1</sub>: p {1:MC:~&gt;~=&lt;}{1:NUMERICAL:=0,4:0}<br>Ablehnungsbereich: [ {1:MC:~k~=0}, ... ,{1:MC:~150~=k} ]</p><p>Entscheidungsregel:</p><p>Gesucht ist das {1:MC:~kleinste~=größte} k, so dass P(X{1:MC:~&geq;~=&leq;}k) &leq; {1:NUMERICAL:=0,1:0} ist.</p><p>Berechnungen:</p><p>P(X{1:MC:~&geq;~=&leq;}51) = {1:NUMERICAL:=0,0773:0,0001}<br>P(X{1:MC:~&geq;~=&leq;}52) = {1:NUMERICAL:=0,105:0,0001}<br>Es folgt k = {1:NUMERICAL:=51:0}.<br>Der Ablehnungsbereich lautet daher [ {1:MC:~51~=0}, ... ,{1:MC:~150~=51} ].</p>]]></text></questiontext></question><question type="cloze"><name><text>16 </text></name><questiontext format="html"><text><![CDATA[Ein Unternehmen verkauft Smartwatches. Um den Absatz anzukurbeln, werden einigen Uhren zufällig Gutscheine für ein Online-Versandhaus beigelegt. In der Vergangenheit betrug der Anteil der Smartwatches mit Gutschein 67%. Das Unternehmen vermutet, dass sich dieser Anteil verringert hat. Diese Gegenhypothese soll im Rahmen eines einseitigen Hypothesentests überprüft werden. Dazu werden in einer Stichprobe 200 Smartwatches untersucht. Das zugrunde liegende Signifikanzniveau ist 9%. Entwickeln Sie mit Hilfe der zugehörigen Entscheidungsregel den Ablehnungsbereich der Nullhypothese.<p>Nullhypothese:</p><p>H<sub>0</sub>: p = {1:NUMERICAL:=0,67:0}<br>Annahmebereich: [ {1:MC:~0~=k+1}, ... ,{1:MC:~k-1~=200} ]</p><p>Gegenhypothese:</p><p>H<sub>1</sub>: p {1:MC:~&gt;~=&lt;}{1:NUMERICAL:=0,67:0}<br>Ablehnungsbereich: [ {1:MC:~k~=0}, ... ,{1:MC:~200~=k} ]</p><p>Entscheidungsregel:</p><p>Gesucht ist das {1:MC:~kleinste~=größte} k, so dass P(X{1:MC:~&geq;~=&leq;}k) &leq; {1:NUMERICAL:=0,09:0} ist.</p><p>Berechnungen:</p><p>P(X{1:MC:~&geq;~=&leq;}124) = {1:NUMERICAL:=0,0777:0,0001}<br>P(X{1:MC:~&geq;~=&leq;}125) = {1:NUMERICAL:=0,1014:0,0001}<br>Es folgt k = {1:NUMERICAL:=124:0}.<br>Der Ablehnungsbereich lautet daher [ {1:MC:~124~=0}, ... ,{1:MC:~200~=124} ].</p>]]></text></questiontext></question><question type="cloze"><name><text>17 </text></name><questiontext format="html"><text><![CDATA[Der Verkäufer einer Imbissbude möchte wissen, auf welche Art seine Kunden bezahlen. In der Vergangenheit betrug der Anteil der barbezahlenden Kunden 77%. Der Verkäufer vermutet, dass sich dieser Anteil verringert hat. Diese Gegenhypothese soll im Rahmen eines einseitigen Hypothesentests überprüft werden. Dazu werden in einer Stichprobe 100 Kunden untersucht. Das zugrunde liegende Signifikanzniveau ist 8%. Entwickeln Sie mit Hilfe der zugehörigen Entscheidungsregel den Ablehnungsbereich der Nullhypothese.<p>Nullhypothese:</p><p>H<sub>0</sub>: p = {1:NUMERICAL:=0,77:0}<br>Annahmebereich: [ {1:MC:~0~=k+1}, ... ,{1:MC:~k-1~=100} ]</p><p>Gegenhypothese:</p><p>H<sub>1</sub>: p {1:MC:~&gt;~=&lt;}{1:NUMERICAL:=0,77:0}<br>Ablehnungsbereich: [ {1:MC:~k~=0}, ... ,{1:MC:~100~=k} ]</p><p>Entscheidungsregel:</p><p>Gesucht ist das {1:MC:~kleinste~=größte} k, so dass P(X{1:MC:~&geq;~=&leq;}k) &leq; {1:NUMERICAL:=0,08:0} ist.</p><p>Berechnungen:</p><p>P(X{1:MC:~&geq;~=&leq;}70) = {1:NUMERICAL:=0,0643:0,0001}<br>P(X{1:MC:~&geq;~=&leq;}71) = {1:NUMERICAL:=0,0978:0,0001}<br>Es folgt k = {1:NUMERICAL:=70:0}.<br>Der Ablehnungsbereich lautet daher [ {1:MC:~70~=0}, ... ,{1:MC:~100~=70} ].</p>]]></text></questiontext></question><question type="cloze"><name><text>18 </text></name><questiontext format="html"><text><![CDATA[Ein Unternehmen verkauft Beamer und garantiert eine Lebensdauer von 4000 Stunden für die Beamerlampen. In der Vergangenheit betrug der Anteil der Beamerlampen mit einer Lebensdauer von weniger als 4000 Stunden 43%. Das Unternehmen vermutet, dass sich dieser Anteil verringert hat. Diese Gegenhypothese soll im Rahmen eines einseitigen Hypothesentests überprüft werden. Dazu werden in einer Stichprobe 200 Beamerlampen untersucht. Das zugrunde liegende Signifikanzniveau ist 5%. Entwickeln Sie mit Hilfe der zugehörigen Entscheidungsregel den Ablehnungsbereich der Nullhypothese.<p>Nullhypothese:</p><p>H<sub>0</sub>: p = {1:NUMERICAL:=0,43:0}<br>Annahmebereich: [ {1:MC:~0~=k+1}, ... ,{1:MC:~k-1~=200} ]</p><p>Gegenhypothese:</p><p>H<sub>1</sub>: p {1:MC:~&gt;~=&lt;}{1:NUMERICAL:=0,43:0}<br>Ablehnungsbereich: [ {1:MC:~k~=0}, ... ,{1:MC:~200~=k} ]</p><p>Entscheidungsregel:</p><p>Gesucht ist das {1:MC:~kleinste~=größte} k, so dass P(X{1:MC:~&geq;~=&leq;}k) &leq; {1:NUMERICAL:=0,05:0} ist.</p><p>Berechnungen:</p><p>P(X{1:MC:~&geq;~=&leq;}74) = {1:NUMERICAL:=0,0495:0,0001}<br>P(X{1:MC:~&geq;~=&leq;}75) = {1:NUMERICAL:=0,0662:0,0001}<br>Es folgt k = {1:NUMERICAL:=74:0}.<br>Der Ablehnungsbereich lautet daher [ {1:MC:~74~=0}, ... ,{1:MC:~200~=74} ].</p>]]></text></questiontext></question><question type="cloze"><name><text>19 </text></name><questiontext format="html"><text><![CDATA[Ein potentieller Werbepartner studiert den Bekanntheitsgrad einer Influencerin. In der Vergangenheit betrug der Anteil der Follower der Influencerin 49%. Der potentielle Werbepartner vermutet, dass sich dieser Anteil verringert hat. Diese Gegenhypothese soll im Rahmen eines einseitigen Hypothesentests überprüft werden. Dazu werden in einer Stichprobe 200 User untersucht. Das zugrunde liegende Signifikanzniveau ist 5%. Entwickeln Sie mit Hilfe der zugehörigen Entscheidungsregel den Ablehnungsbereich der Nullhypothese.<p>Nullhypothese:</p><p>H<sub>0</sub>: p = {1:NUMERICAL:=0,49:0}<br>Annahmebereich: [ {1:MC:~0~=k+1}, ... ,{1:MC:~k-1~=200} ]</p><p>Gegenhypothese:</p><p>H<sub>1</sub>: p {1:MC:~&gt;~=&lt;}{1:NUMERICAL:=0,49:0}<br>Ablehnungsbereich: [ {1:MC:~k~=0}, ... ,{1:MC:~200~=k} ]</p><p>Entscheidungsregel:</p><p>Gesucht ist das {1:MC:~kleinste~=größte} k, so dass P(X{1:MC:~&geq;~=&leq;}k) &leq; {1:NUMERICAL:=0,05:0} ist.</p><p>Berechnungen:</p><p>P(X{1:MC:~&geq;~=&leq;}85) = {1:NUMERICAL:=0,0383:0,0001}<br>P(X{1:MC:~&geq;~=&leq;}86) = {1:NUMERICAL:=0,0517:0,0001}<br>Es folgt k = {1:NUMERICAL:=85:0}.<br>Der Ablehnungsbereich lautet daher [ {1:MC:~85~=0}, ... ,{1:MC:~200~=85} ].</p>]]></text></questiontext></question><question type="cloze"><name><text>20 </text></name><questiontext format="html"><text><![CDATA[In einem Lebensmittelgeschäft bestimmt ein Kassierer mit Hilfe einer Waage das Gewicht von Obst und Gemüse. In der Vergangenheit betrug der Anteil der ungenau gewogenen Lebensmittel 20%. Der Kassierer vermutet, dass sich dieser Anteil verringert hat. Diese Gegenhypothese soll im Rahmen eines einseitigen Hypothesentests überprüft werden. Dazu werden in einer Stichprobe 150 Lebensmittel untersucht. Das zugrunde liegende Signifikanzniveau ist 5%. Entwickeln Sie mit Hilfe der zugehörigen Entscheidungsregel den Ablehnungsbereich der Nullhypothese.<p>Nullhypothese:</p><p>H<sub>0</sub>: p = {1:NUMERICAL:=0,2:0}<br>Annahmebereich: [ {1:MC:~0~=k+1}, ... ,{1:MC:~k-1~=150} ]</p><p>Gegenhypothese:</p><p>H<sub>1</sub>: p {1:MC:~&gt;~=&lt;}{1:NUMERICAL:=0,2:0}<br>Ablehnungsbereich: [ {1:MC:~k~=0}, ... ,{1:MC:~150~=k} ]</p><p>Entscheidungsregel:</p><p>Gesucht ist das {1:MC:~kleinste~=größte} k, so dass P(X{1:MC:~&geq;~=&leq;}k) &leq; {1:NUMERICAL:=0,05:0} ist.</p><p>Berechnungen:</p><p>P(X{1:MC:~&geq;~=&leq;}21) = {1:NUMERICAL:=0,0372:0,0001}<br>P(X{1:MC:~&geq;~=&leq;}22) = {1:NUMERICAL:=0,059:0,0001}<br>Es folgt k = {1:NUMERICAL:=21:0}.<br>Der Ablehnungsbereich lautet daher [ {1:MC:~21~=0}, ... ,{1:MC:~150~=21} ].</p>]]></text></questiontext></question></quiz>