<?xml version="1.0" encoding="UTF-8" standalone="yes"?>
<quiz><question type="category"><category><text>Stochastik/Allgemein/Binomialverteilung/HypothesenAblehnungsbereich/rechtsseitig</text></category><info format="html"><text /></info><idnumber /></question><question type="cloze"><name><text>01 </text></name><questiontext format="html"><text><![CDATA[Ein Kontrolleur überprüft die Funktionsfähigkeit von Halbleitern. In der Vergangenheit betrug der Anteil der defekten Halbleiter 61%. Der Kontrolleur vermutet, dass sich dieser Anteil erhöht hat. Diese Gegenhypothese soll im Rahmen eines einseitigen Hypothesentests überprüft werden. Dazu werden in einer Stichprobe 100 Halbleiter untersucht. Das zugrunde liegende Signifikanzniveau ist 4%. Entwickeln Sie mit Hilfe der zugehörigen Entscheidungsregel den Ablehnungsbereich der Nullhypothese.<p>Nullhypothese:</p><p>H<sub>0</sub>: p = {1:NUMERICAL:=0,61:0}<br>Annahmebereich: [ {1:MC:~=0~k+1}, ... ,{1:MC:~=k-1~100} ]</p><p>Gegenhypothese:</p><p>H<sub>1</sub>: p {1:MC:~=&gt;~&lt;}{1:NUMERICAL:=0,61:0}<br>Ablehnungsbereich: [ {1:MC:~=k~0}, ... ,{1:MC:~=100~k} ]</p><p>Entscheidungsregel:</p><p>Gesucht ist das {1:MC:~=kleinste~größte} k, so dass P(X{1:MC:~=&geq;~&leq;}k) &leq; {1:NUMERICAL:=0,04:0} ist.</p><p>Berechnungen:</p><p>P(X{1:MC:~=&geq;~&leq;}69) = {1:NUMERICAL:=0,0605:0,0001}<br>P(X{1:MC:~=&geq;~&leq;}70) = {1:NUMERICAL:=0,039:0,0001}<br>Es folgt k = {1:NUMERICAL:=70:0}.<br>Der Ablehnungsbereich lautet daher [ {1:MC:~=70~0}, ... ,{1:MC:~=100~70} ].</p>]]></text></questiontext></question><question type="cloze"><name><text>02 </text></name><questiontext format="html"><text><![CDATA[Eine Schaffnerin kontrolliert Fahrscheine in einer Regionalbahn von Bielefeld nach Münster. In der Vergangenheit betrug der Anteil der Passagiere ohne gültigen Fahrschein 20%. Die Schaffnerin vermutet, dass sich dieser Anteil erhöht hat. Diese Gegenhypothese soll im Rahmen eines einseitigen Hypothesentests überprüft werden. Dazu werden in einer Stichprobe 200 Passagiere untersucht. Das zugrunde liegende Signifikanzniveau ist 9%. Entwickeln Sie mit Hilfe der zugehörigen Entscheidungsregel den Ablehnungsbereich der Nullhypothese.<p>Nullhypothese:</p><p>H<sub>0</sub>: p = {1:NUMERICAL:=0,2:0}<br>Annahmebereich: [ {1:MC:~=0~k+1}, ... ,{1:MC:~=k-1~200} ]</p><p>Gegenhypothese:</p><p>H<sub>1</sub>: p {1:MC:~=&gt;~&lt;}{1:NUMERICAL:=0,2:0}<br>Ablehnungsbereich: [ {1:MC:~=k~0}, ... ,{1:MC:~=200~k} ]</p><p>Entscheidungsregel:</p><p>Gesucht ist das {1:MC:~=kleinste~größte} k, so dass P(X{1:MC:~=&geq;~&leq;}k) &leq; {1:NUMERICAL:=0,09:0} ist.</p><p>Berechnungen:</p><p>P(X{1:MC:~=&geq;~&leq;}48) = {1:NUMERICAL:=0,0944:0,0001}<br>P(X{1:MC:~=&geq;~&leq;}49) = {1:NUMERICAL:=0,069:0,0001}<br>Es folgt k = {1:NUMERICAL:=49:0}.<br>Der Ablehnungsbereich lautet daher [ {1:MC:~=49~0}, ... ,{1:MC:~=200~49} ].</p>]]></text></questiontext></question><question type="cloze"><name><text>03 </text></name><questiontext format="html"><text><![CDATA[An einem Eisstand bietet der Verkäufer Eis mit oder ohne Streuseln an. In der Vergangenheit betrug der Anteil der Kundenbestellungen mit Streuseln 28%. Der Eisverkäufer vermutet, dass sich dieser Anteil erhöht hat. Diese Gegenhypothese soll im Rahmen eines einseitigen Hypothesentests überprüft werden. Dazu werden in einer Stichprobe 200 Kunden untersucht. Das zugrunde liegende Signifikanzniveau ist 4%. Entwickeln Sie mit Hilfe der zugehörigen Entscheidungsregel den Ablehnungsbereich der Nullhypothese.<p>Nullhypothese:</p><p>H<sub>0</sub>: p = {1:NUMERICAL:=0,28:0}<br>Annahmebereich: [ {1:MC:~=0~k+1}, ... ,{1:MC:~=k-1~200} ]</p><p>Gegenhypothese:</p><p>H<sub>1</sub>: p {1:MC:~=&gt;~&lt;}{1:NUMERICAL:=0,28:0}<br>Ablehnungsbereich: [ {1:MC:~=k~0}, ... ,{1:MC:~=200~k} ]</p><p>Entscheidungsregel:</p><p>Gesucht ist das {1:MC:~=kleinste~größte} k, so dass P(X{1:MC:~=&geq;~&leq;}k) &leq; {1:NUMERICAL:=0,04:0} ist.</p><p>Berechnungen:</p><p>P(X{1:MC:~=&geq;~&leq;}67) = {1:NUMERICAL:=0,0509:0,0001}<br>P(X{1:MC:~=&geq;~&leq;}68) = {1:NUMERICAL:=0,0369:0,0001}<br>Es folgt k = {1:NUMERICAL:=68:0}.<br>Der Ablehnungsbereich lautet daher [ {1:MC:~=68~0}, ... ,{1:MC:~=200~68} ].</p>]]></text></questiontext></question><question type="cloze"><name><text>04 </text></name><questiontext format="html"><text><![CDATA[David hat eine gezinkte Münze. In der Vergangenheit betrug der Anteil der geworfenen Köpfe 68%. David vermutet, dass sich dieser Anteil erhöht hat. Diese Gegenhypothese soll im Rahmen eines einseitigen Hypothesentests überprüft werden. Dazu werden in einer Stichprobe 150 Münzwürfe untersucht. Das zugrunde liegende Signifikanzniveau ist 3%. Entwickeln Sie mit Hilfe der zugehörigen Entscheidungsregel den Ablehnungsbereich der Nullhypothese.<p>Nullhypothese:</p><p>H<sub>0</sub>: p = {1:NUMERICAL:=0,68:0}<br>Annahmebereich: [ {1:MC:~=0~k+1}, ... ,{1:MC:~=k-1~150} ]</p><p>Gegenhypothese:</p><p>H<sub>1</sub>: p {1:MC:~=&gt;~&lt;}{1:NUMERICAL:=0,68:0}<br>Ablehnungsbereich: [ {1:MC:~=k~0}, ... ,{1:MC:~=150~k} ]</p><p>Entscheidungsregel:</p><p>Gesucht ist das {1:MC:~=kleinste~größte} k, so dass P(X{1:MC:~=&geq;~&leq;}k) &leq; {1:NUMERICAL:=0,03:0} ist.</p><p>Berechnungen:</p><p>P(X{1:MC:~=&geq;~&leq;}113) = {1:NUMERICAL:=0,0309:0,0001}<br>P(X{1:MC:~=&geq;~&leq;}114) = {1:NUMERICAL:=0,0201:0,0001}<br>Es folgt k = {1:NUMERICAL:=114:0}.<br>Der Ablehnungsbereich lautet daher [ {1:MC:~=114~0}, ... ,{1:MC:~=150~114} ].</p>]]></text></questiontext></question><question type="cloze"><name><text>05 </text></name><questiontext format="html"><text><![CDATA[Eine Ärztin prüft, ob Bewerber für den Polizeiberuf gesundheitlich geeignet sind. In der Vergangenheit betrug der Anteil der Bewerber mit erfolgreichem Gesundheitscheck 41%. Die Ärztin vermutet, dass sich dieser Anteil erhöht hat. Diese Gegenhypothese soll im Rahmen eines einseitigen Hypothesentests überprüft werden. Dazu werden in einer Stichprobe 100 Bewerber untersucht. Das zugrunde liegende Signifikanzniveau ist 9%. Entwickeln Sie mit Hilfe der zugehörigen Entscheidungsregel den Ablehnungsbereich der Nullhypothese.<p>Nullhypothese:</p><p>H<sub>0</sub>: p = {1:NUMERICAL:=0,41:0}<br>Annahmebereich: [ {1:MC:~=0~k+1}, ... ,{1:MC:~=k-1~100} ]</p><p>Gegenhypothese:</p><p>H<sub>1</sub>: p {1:MC:~=&gt;~&lt;}{1:NUMERICAL:=0,41:0}<br>Ablehnungsbereich: [ {1:MC:~=k~0}, ... ,{1:MC:~=100~k} ]</p><p>Entscheidungsregel:</p><p>Gesucht ist das {1:MC:~=kleinste~größte} k, so dass P(X{1:MC:~=&geq;~&leq;}k) &leq; {1:NUMERICAL:=0,09:0} ist.</p><p>Berechnungen:</p><p>P(X{1:MC:~=&geq;~&leq;}48) = {1:NUMERICAL:=0,0938:0,0001}<br>P(X{1:MC:~=&geq;~&leq;}49) = {1:NUMERICAL:=0,0644:0,0001}<br>Es folgt k = {1:NUMERICAL:=49:0}.<br>Der Ablehnungsbereich lautet daher [ {1:MC:~=49~0}, ... ,{1:MC:~=100~49} ].</p>]]></text></questiontext></question><question type="cloze"><name><text>06 </text></name><questiontext format="html"><text><![CDATA[Ein Fahrlehrer nimmt eine theoretische Führerscheinprüfung ab. In der Vergangenheit betrug der Anteil der durchgefallenen Prüflinge 80%. Der Fahrlehrer vermutet, dass sich dieser Anteil erhöht hat. Diese Gegenhypothese soll im Rahmen eines einseitigen Hypothesentests überprüft werden. Dazu werden in einer Stichprobe 100 Prüflinge untersucht. Das zugrunde liegende Signifikanzniveau ist 7%. Entwickeln Sie mit Hilfe der zugehörigen Entscheidungsregel den Ablehnungsbereich der Nullhypothese.<p>Nullhypothese:</p><p>H<sub>0</sub>: p = {1:NUMERICAL:=0,8:0}<br>Annahmebereich: [ {1:MC:~=0~k+1}, ... ,{1:MC:~=k-1~100} ]</p><p>Gegenhypothese:</p><p>H<sub>1</sub>: p {1:MC:~=&gt;~&lt;}{1:NUMERICAL:=0,8:0}<br>Ablehnungsbereich: [ {1:MC:~=k~0}, ... ,{1:MC:~=100~k} ]</p><p>Entscheidungsregel:</p><p>Gesucht ist das {1:MC:~=kleinste~größte} k, so dass P(X{1:MC:~=&geq;~&leq;}k) &leq; {1:NUMERICAL:=0,07:0} ist.</p><p>Berechnungen:</p><p>P(X{1:MC:~=&geq;~&leq;}86) = {1:NUMERICAL:=0,0804:0,0001}<br>P(X{1:MC:~=&geq;~&leq;}87) = {1:NUMERICAL:=0,0469:0,0001}<br>Es folgt k = {1:NUMERICAL:=87:0}.<br>Der Ablehnungsbereich lautet daher [ {1:MC:~=87~0}, ... ,{1:MC:~=100~87} ].</p>]]></text></questiontext></question><question type="cloze"><name><text>07 </text></name><questiontext format="html"><text><![CDATA[Ein Zollbeamter kontrolliert ein Sportgeschäft hinsichtlich gefälschter Turnschuhe. In der Vergangenheit betrug der Anteil der gefälschten Turnschuhe 38%. Der Zollbeamte vermutet, dass sich dieser Anteil erhöht hat. Diese Gegenhypothese soll im Rahmen eines einseitigen Hypothesentests überprüft werden. Dazu werden in einer Stichprobe 250 Turnschuhe untersucht. Das zugrunde liegende Signifikanzniveau ist 7%. Entwickeln Sie mit Hilfe der zugehörigen Entscheidungsregel den Ablehnungsbereich der Nullhypothese.<p>Nullhypothese:</p><p>H<sub>0</sub>: p = {1:NUMERICAL:=0,38:0}<br>Annahmebereich: [ {1:MC:~=0~k+1}, ... ,{1:MC:~=k-1~250} ]</p><p>Gegenhypothese:</p><p>H<sub>1</sub>: p {1:MC:~=&gt;~&lt;}{1:NUMERICAL:=0,38:0}<br>Ablehnungsbereich: [ {1:MC:~=k~0}, ... ,{1:MC:~=250~k} ]</p><p>Entscheidungsregel:</p><p>Gesucht ist das {1:MC:~=kleinste~größte} k, so dass P(X{1:MC:~=&geq;~&leq;}k) &leq; {1:NUMERICAL:=0,07:0} ist.</p><p>Berechnungen:</p><p>P(X{1:MC:~=&geq;~&leq;}106) = {1:NUMERICAL:=0,0863:0,0001}<br>P(X{1:MC:~=&geq;~&leq;}107) = {1:NUMERICAL:=0,0678:0,0001}<br>Es folgt k = {1:NUMERICAL:=107:0}.<br>Der Ablehnungsbereich lautet daher [ {1:MC:~=107~0}, ... ,{1:MC:~=250~107} ].</p>]]></text></questiontext></question><question type="cloze"><name><text>08 </text></name><questiontext format="html"><text><![CDATA[Eine Fußballspielerin trainiert Freistöße. In der Vergangenheit betrug der Anteil der Fehltreffer 35%. Die Fußballerin vermutet, dass sich dieser Anteil erhöht hat. Diese Gegenhypothese soll im Rahmen eines einseitigen Hypothesentests überprüft werden. Dazu werden in einer Stichprobe 300 Freistöße untersucht. Das zugrunde liegende Signifikanzniveau ist 4%. Entwickeln Sie mit Hilfe der zugehörigen Entscheidungsregel den Ablehnungsbereich der Nullhypothese.<p>Nullhypothese:</p><p>H<sub>0</sub>: p = {1:NUMERICAL:=0,35:0}<br>Annahmebereich: [ {1:MC:~=0~k+1}, ... ,{1:MC:~=k-1~300} ]</p><p>Gegenhypothese:</p><p>H<sub>1</sub>: p {1:MC:~=&gt;~&lt;}{1:NUMERICAL:=0,35:0}<br>Ablehnungsbereich: [ {1:MC:~=k~0}, ... ,{1:MC:~=300~k} ]</p><p>Entscheidungsregel:</p><p>Gesucht ist das {1:MC:~=kleinste~größte} k, so dass P(X{1:MC:~=&geq;~&leq;}k) &leq; {1:NUMERICAL:=0,04:0} ist.</p><p>Berechnungen:</p><p>P(X{1:MC:~=&geq;~&leq;}120) = {1:NUMERICAL:=0,0406:0,0001}<br>P(X{1:MC:~=&geq;~&leq;}121) = {1:NUMERICAL:=0,0313:0,0001}<br>Es folgt k = {1:NUMERICAL:=121:0}.<br>Der Ablehnungsbereich lautet daher [ {1:MC:~=121~0}, ... ,{1:MC:~=300~121} ].</p>]]></text></questiontext></question><question type="cloze"><name><text>09 </text></name><questiontext format="html"><text><![CDATA[Ein Unternehmen untersucht, wie zufrieden seine Mitarbeiter sind. In der Vergangenheit betrug der Anteil der zufriedenen Mitarbeiter 32%. Das Unternehmen vermutet, dass sich dieser Anteil erhöht hat. Diese Gegenhypothese soll im Rahmen eines einseitigen Hypothesentests überprüft werden. Dazu werden in einer Stichprobe 100 Mitarbeiter untersucht. Das zugrunde liegende Signifikanzniveau ist 8%. Entwickeln Sie mit Hilfe der zugehörigen Entscheidungsregel den Ablehnungsbereich der Nullhypothese.<p>Nullhypothese:</p><p>H<sub>0</sub>: p = {1:NUMERICAL:=0,32:0}<br>Annahmebereich: [ {1:MC:~=0~k+1}, ... ,{1:MC:~=k-1~100} ]</p><p>Gegenhypothese:</p><p>H<sub>1</sub>: p {1:MC:~=&gt;~&lt;}{1:NUMERICAL:=0,32:0}<br>Ablehnungsbereich: [ {1:MC:~=k~0}, ... ,{1:MC:~=100~k} ]</p><p>Entscheidungsregel:</p><p>Gesucht ist das {1:MC:~=kleinste~größte} k, so dass P(X{1:MC:~=&geq;~&leq;}k) &leq; {1:NUMERICAL:=0,08:0} ist.</p><p>Berechnungen:</p><p>P(X{1:MC:~=&geq;~&leq;}39) = {1:NUMERICAL:=0,0833:0,0001}<br>P(X{1:MC:~=&geq;~&leq;}40) = {1:NUMERICAL:=0,0558:0,0001}<br>Es folgt k = {1:NUMERICAL:=40:0}.<br>Der Ablehnungsbereich lautet daher [ {1:MC:~=40~0}, ... ,{1:MC:~=100~40} ].</p>]]></text></questiontext></question><question type="cloze"><name><text>10 </text></name><questiontext format="html"><text><![CDATA[Der Besitzer eines Restaurants untersucht, wie viele Gäste vegetarische Gerichte bestellen. In der Vergangenheit betrug der Anteil der vegetarischen Gerichte 62%. Der Besitzer vermutet, dass sich dieser Anteil erhöht hat. Diese Gegenhypothese soll im Rahmen eines einseitigen Hypothesentests überprüft werden. Dazu werden in einer Stichprobe 300 Gerichte untersucht. Das zugrunde liegende Signifikanzniveau ist 6%. Entwickeln Sie mit Hilfe der zugehörigen Entscheidungsregel den Ablehnungsbereich der Nullhypothese.<p>Nullhypothese:</p><p>H<sub>0</sub>: p = {1:NUMERICAL:=0,62:0}<br>Annahmebereich: [ {1:MC:~=0~k+1}, ... ,{1:MC:~=k-1~300} ]</p><p>Gegenhypothese:</p><p>H<sub>1</sub>: p {1:MC:~=&gt;~&lt;}{1:NUMERICAL:=0,62:0}<br>Ablehnungsbereich: [ {1:MC:~=k~0}, ... ,{1:MC:~=300~k} ]</p><p>Entscheidungsregel:</p><p>Gesucht ist das {1:MC:~=kleinste~größte} k, so dass P(X{1:MC:~=&geq;~&leq;}k) &leq; {1:NUMERICAL:=0,06:0} ist.</p><p>Berechnungen:</p><p>P(X{1:MC:~=&geq;~&leq;}199) = {1:NUMERICAL:=0,0677:0,0001}<br>P(X{1:MC:~=&geq;~&leq;}200) = {1:NUMERICAL:=0,0532:0,0001}<br>Es folgt k = {1:NUMERICAL:=200:0}.<br>Der Ablehnungsbereich lautet daher [ {1:MC:~=200~0}, ... ,{1:MC:~=300~200} ].</p>]]></text></questiontext></question><question type="cloze"><name><text>11 </text></name><questiontext format="html"><text><![CDATA[Die Filialleiterin eines Gartencenter prüft, ob die Pflanzen ausreichend bewässert werden. In der Vergangenheit betrug der Anteil der unzureichend bewässerten Pflanzen 68%. Die Filialleiterin vermutet, dass sich dieser Anteil erhöht hat. Diese Gegenhypothese soll im Rahmen eines einseitigen Hypothesentests überprüft werden. Dazu werden in einer Stichprobe 100 Pflanzen untersucht. Das zugrunde liegende Signifikanzniveau ist 2%. Entwickeln Sie mit Hilfe der zugehörigen Entscheidungsregel den Ablehnungsbereich der Nullhypothese.<p>Nullhypothese:</p><p>H<sub>0</sub>: p = {1:NUMERICAL:=0,68:0}<br>Annahmebereich: [ {1:MC:~=0~k+1}, ... ,{1:MC:~=k-1~100} ]</p><p>Gegenhypothese:</p><p>H<sub>1</sub>: p {1:MC:~=&gt;~&lt;}{1:NUMERICAL:=0,68:0}<br>Ablehnungsbereich: [ {1:MC:~=k~0}, ... ,{1:MC:~=100~k} ]</p><p>Entscheidungsregel:</p><p>Gesucht ist das {1:MC:~=kleinste~größte} k, so dass P(X{1:MC:~=&geq;~&leq;}k) &leq; {1:NUMERICAL:=0,02:0} ist.</p><p>Berechnungen:</p><p>P(X{1:MC:~=&geq;~&leq;}77) = {1:NUMERICAL:=0,0315:0,0001}<br>P(X{1:MC:~=&geq;~&leq;}78) = {1:NUMERICAL:=0,0184:0,0001}<br>Es folgt k = {1:NUMERICAL:=78:0}.<br>Der Ablehnungsbereich lautet daher [ {1:MC:~=78~0}, ... ,{1:MC:~=100~78} ].</p>]]></text></questiontext></question><question type="cloze"><name><text>12 </text></name><questiontext format="html"><text><![CDATA[Ein Onlineshop für Heimwerkerbedarf bietet elektrische Werkzeuge entweder mit Kabel oder mit Akku an. In der Vergangenheit betrug der Anteil der Werkzeuge mit Akku 31%. Der Onlineshop vermutet, dass sich dieser Anteil erhöht hat. Diese Gegenhypothese soll im Rahmen eines einseitigen Hypothesentests überprüft werden. Dazu werden in einer Stichprobe 250 Werkzeuge untersucht. Das zugrunde liegende Signifikanzniveau ist 3%. Entwickeln Sie mit Hilfe der zugehörigen Entscheidungsregel den Ablehnungsbereich der Nullhypothese.<p>Nullhypothese:</p><p>H<sub>0</sub>: p = {1:NUMERICAL:=0,31:0}<br>Annahmebereich: [ {1:MC:~=0~k+1}, ... ,{1:MC:~=k-1~250} ]</p><p>Gegenhypothese:</p><p>H<sub>1</sub>: p {1:MC:~=&gt;~&lt;}{1:NUMERICAL:=0,31:0}<br>Ablehnungsbereich: [ {1:MC:~=k~0}, ... ,{1:MC:~=250~k} ]</p><p>Entscheidungsregel:</p><p>Gesucht ist das {1:MC:~=kleinste~größte} k, so dass P(X{1:MC:~=&geq;~&leq;}k) &leq; {1:NUMERICAL:=0,03:0} ist.</p><p>Berechnungen:</p><p>P(X{1:MC:~=&geq;~&leq;}91) = {1:NUMERICAL:=0,0391:0,0001}<br>P(X{1:MC:~=&geq;~&leq;}92) = {1:NUMERICAL:=0,0291:0,0001}<br>Es folgt k = {1:NUMERICAL:=92:0}.<br>Der Ablehnungsbereich lautet daher [ {1:MC:~=92~0}, ... ,{1:MC:~=250~92} ].</p>]]></text></questiontext></question><question type="cloze"><name><text>13 </text></name><questiontext format="html"><text><![CDATA[Ein Unternehmen prüft, wie gut seine Computer vor etwaigen Cyberattacken geschützt sind. In der Vergangenheit betrug der Anteil der Computer mit unzureichendem Virenschutz 51%. Das Unternehmen vermutet, dass sich dieser Anteil erhöht hat. Diese Gegenhypothese soll im Rahmen eines einseitigen Hypothesentests überprüft werden. Dazu werden in einer Stichprobe 150 Computer untersucht. Das zugrunde liegende Signifikanzniveau ist 5%. Entwickeln Sie mit Hilfe der zugehörigen Entscheidungsregel den Ablehnungsbereich der Nullhypothese.<p>Nullhypothese:</p><p>H<sub>0</sub>: p = {1:NUMERICAL:=0,51:0}<br>Annahmebereich: [ {1:MC:~=0~k+1}, ... ,{1:MC:~=k-1~150} ]</p><p>Gegenhypothese:</p><p>H<sub>1</sub>: p {1:MC:~=&gt;~&lt;}{1:NUMERICAL:=0,51:0}<br>Ablehnungsbereich: [ {1:MC:~=k~0}, ... ,{1:MC:~=150~k} ]</p><p>Entscheidungsregel:</p><p>Gesucht ist das {1:MC:~=kleinste~größte} k, so dass P(X{1:MC:~=&geq;~&leq;}k) &leq; {1:NUMERICAL:=0,05:0} ist.</p><p>Berechnungen:</p><p>P(X{1:MC:~=&geq;~&leq;}87) = {1:NUMERICAL:=0,0509:0,0001}<br>P(X{1:MC:~=&geq;~&leq;}88) = {1:NUMERICAL:=0,0359:0,0001}<br>Es folgt k = {1:NUMERICAL:=88:0}.<br>Der Ablehnungsbereich lautet daher [ {1:MC:~=88~0}, ... ,{1:MC:~=150~88} ].</p>]]></text></questiontext></question><question type="cloze"><name><text>14 </text></name><questiontext format="html"><text><![CDATA[Eine Glaserei produziert Maßkrüge, wobei es an einigen Krügen zu Kratzern kommt. In der Vergangenheit betrug der Anteil der Krüge mit Kratzer 74%. Die Glaserei vermutet, dass sich dieser Anteil erhöht hat. Diese Gegenhypothese soll im Rahmen eines einseitigen Hypothesentests überprüft werden. Dazu werden in einer Stichprobe 300 Krüge untersucht. Das zugrunde liegende Signifikanzniveau ist 4%. Entwickeln Sie mit Hilfe der zugehörigen Entscheidungsregel den Ablehnungsbereich der Nullhypothese.<p>Nullhypothese:</p><p>H<sub>0</sub>: p = {1:NUMERICAL:=0,74:0}<br>Annahmebereich: [ {1:MC:~=0~k+1}, ... ,{1:MC:~=k-1~300} ]</p><p>Gegenhypothese:</p><p>H<sub>1</sub>: p {1:MC:~=&gt;~&lt;}{1:NUMERICAL:=0,74:0}<br>Ablehnungsbereich: [ {1:MC:~=k~0}, ... ,{1:MC:~=300~k} ]</p><p>Entscheidungsregel:</p><p>Gesucht ist das {1:MC:~=kleinste~größte} k, so dass P(X{1:MC:~=&geq;~&leq;}k) &leq; {1:NUMERICAL:=0,04:0} ist.</p><p>Berechnungen:</p><p>P(X{1:MC:~=&geq;~&leq;}235) = {1:NUMERICAL:=0,0479:0,0001}<br>P(X{1:MC:~=&geq;~&leq;}236) = {1:NUMERICAL:=0,0357:0,0001}<br>Es folgt k = {1:NUMERICAL:=236:0}.<br>Der Ablehnungsbereich lautet daher [ {1:MC:~=236~0}, ... ,{1:MC:~=300~236} ].</p>]]></text></questiontext></question><question type="cloze"><name><text>15 </text></name><questiontext format="html"><text><![CDATA[Amalia sucht auf einer Online-Partnerbörse nach dem Mann fürs Leben. In der Vergangenheit betrug der Anteil der Vorschläge mit attraktiven Partnern 58%. Amalia vermutet, dass sich dieser Anteil erhöht hat. Diese Gegenhypothese soll im Rahmen eines einseitigen Hypothesentests überprüft werden. Dazu werden in einer Stichprobe 300 vorgeschlagenen Partner untersucht. Das zugrunde liegende Signifikanzniveau ist 5%. Entwickeln Sie mit Hilfe der zugehörigen Entscheidungsregel den Ablehnungsbereich der Nullhypothese.<p>Nullhypothese:</p><p>H<sub>0</sub>: p = {1:NUMERICAL:=0,58:0}<br>Annahmebereich: [ {1:MC:~=0~k+1}, ... ,{1:MC:~=k-1~300} ]</p><p>Gegenhypothese:</p><p>H<sub>1</sub>: p {1:MC:~=&gt;~&lt;}{1:NUMERICAL:=0,58:0}<br>Ablehnungsbereich: [ {1:MC:~=k~0}, ... ,{1:MC:~=300~k} ]</p><p>Entscheidungsregel:</p><p>Gesucht ist das {1:MC:~=kleinste~größte} k, so dass P(X{1:MC:~=&geq;~&leq;}k) &leq; {1:NUMERICAL:=0,05:0} ist.</p><p>Berechnungen:</p><p>P(X{1:MC:~=&geq;~&leq;}188) = {1:NUMERICAL:=0,0565:0,0001}<br>P(X{1:MC:~=&geq;~&leq;}189) = {1:NUMERICAL:=0,0443:0,0001}<br>Es folgt k = {1:NUMERICAL:=189:0}.<br>Der Ablehnungsbereich lautet daher [ {1:MC:~=189~0}, ... ,{1:MC:~=300~189} ].</p>]]></text></questiontext></question><question type="cloze"><name><text>16 </text></name><questiontext format="html"><text><![CDATA[Ein Unternehmen verkauft Smartwatches. Um den Absatz anzukurbeln, werden einigen Uhren zufällig Gutscheine für ein Online-Versandhaus beigelegt. In der Vergangenheit betrug der Anteil der Smartwatches mit Gutschein 62%. Das Unternehmen vermutet, dass sich dieser Anteil erhöht hat. Diese Gegenhypothese soll im Rahmen eines einseitigen Hypothesentests überprüft werden. Dazu werden in einer Stichprobe 250 Smartwatches untersucht. Das zugrunde liegende Signifikanzniveau ist 6%. Entwickeln Sie mit Hilfe der zugehörigen Entscheidungsregel den Ablehnungsbereich der Nullhypothese.<p>Nullhypothese:</p><p>H<sub>0</sub>: p = {1:NUMERICAL:=0,62:0}<br>Annahmebereich: [ {1:MC:~=0~k+1}, ... ,{1:MC:~=k-1~250} ]</p><p>Gegenhypothese:</p><p>H<sub>1</sub>: p {1:MC:~=&gt;~&lt;}{1:NUMERICAL:=0,62:0}<br>Ablehnungsbereich: [ {1:MC:~=k~0}, ... ,{1:MC:~=250~k} ]</p><p>Entscheidungsregel:</p><p>Gesucht ist das {1:MC:~=kleinste~größte} k, so dass P(X{1:MC:~=&geq;~&leq;}k) &leq; {1:NUMERICAL:=0,06:0} ist.</p><p>Berechnungen:</p><p>P(X{1:MC:~=&geq;~&leq;}167) = {1:NUMERICAL:=0,0661:0,0001}<br>P(X{1:MC:~=&geq;~&leq;}168) = {1:NUMERICAL:=0,0507:0,0001}<br>Es folgt k = {1:NUMERICAL:=168:0}.<br>Der Ablehnungsbereich lautet daher [ {1:MC:~=168~0}, ... ,{1:MC:~=250~168} ].</p>]]></text></questiontext></question><question type="cloze"><name><text>17 </text></name><questiontext format="html"><text><![CDATA[Der Verkäufer einer Imbissbude möchte wissen, auf welche Art seine Kunden bezahlen. In der Vergangenheit betrug der Anteil der barbezahlenden Kunden 80%. Der Verkäufer vermutet, dass sich dieser Anteil erhöht hat. Diese Gegenhypothese soll im Rahmen eines einseitigen Hypothesentests überprüft werden. Dazu werden in einer Stichprobe 200 Kunden untersucht. Das zugrunde liegende Signifikanzniveau ist 5%. Entwickeln Sie mit Hilfe der zugehörigen Entscheidungsregel den Ablehnungsbereich der Nullhypothese.<p>Nullhypothese:</p><p>H<sub>0</sub>: p = {1:NUMERICAL:=0,8:0}<br>Annahmebereich: [ {1:MC:~=0~k+1}, ... ,{1:MC:~=k-1~200} ]</p><p>Gegenhypothese:</p><p>H<sub>1</sub>: p {1:MC:~=&gt;~&lt;}{1:NUMERICAL:=0,8:0}<br>Ablehnungsbereich: [ {1:MC:~=k~0}, ... ,{1:MC:~=200~k} ]</p><p>Entscheidungsregel:</p><p>Gesucht ist das {1:MC:~=kleinste~größte} k, so dass P(X{1:MC:~=&geq;~&leq;}k) &leq; {1:NUMERICAL:=0,05:0} ist.</p><p>Berechnungen:</p><p>P(X{1:MC:~=&geq;~&leq;}169) = {1:NUMERICAL:=0,0632:0,0001}<br>P(X{1:MC:~=&geq;~&leq;}170) = {1:NUMERICAL:=0,043:0,0001}<br>Es folgt k = {1:NUMERICAL:=170:0}.<br>Der Ablehnungsbereich lautet daher [ {1:MC:~=170~0}, ... ,{1:MC:~=200~170} ].</p>]]></text></questiontext></question><question type="cloze"><name><text>18 </text></name><questiontext format="html"><text><![CDATA[Ein Unternehmen verkauft Beamer und garantiert eine Lebensdauer von 4000 Stunden für die Beamerlampen. In der Vergangenheit betrug der Anteil der Beamerlampen mit einer Lebensdauer von weniger als 4000 Stunden 73%. Das Unternehmen vermutet, dass sich dieser Anteil erhöht hat. Diese Gegenhypothese soll im Rahmen eines einseitigen Hypothesentests überprüft werden. Dazu werden in einer Stichprobe 100 Beamerlampen untersucht. Das zugrunde liegende Signifikanzniveau ist 10%. Entwickeln Sie mit Hilfe der zugehörigen Entscheidungsregel den Ablehnungsbereich der Nullhypothese.<p>Nullhypothese:</p><p>H<sub>0</sub>: p = {1:NUMERICAL:=0,73:0}<br>Annahmebereich: [ {1:MC:~=0~k+1}, ... ,{1:MC:~=k-1~100} ]</p><p>Gegenhypothese:</p><p>H<sub>1</sub>: p {1:MC:~=&gt;~&lt;}{1:NUMERICAL:=0,73:0}<br>Ablehnungsbereich: [ {1:MC:~=k~0}, ... ,{1:MC:~=100~k} ]</p><p>Entscheidungsregel:</p><p>Gesucht ist das {1:MC:~=kleinste~größte} k, so dass P(X{1:MC:~=&geq;~&leq;}k) &leq; {1:NUMERICAL:=0,1:0} ist.</p><p>Berechnungen:</p><p>P(X{1:MC:~=&geq;~&leq;}79) = {1:NUMERICAL:=0,1057:0,0001}<br>P(X{1:MC:~=&geq;~&leq;}80) = {1:NUMERICAL:=0,0684:0,0001}<br>Es folgt k = {1:NUMERICAL:=80:0}.<br>Der Ablehnungsbereich lautet daher [ {1:MC:~=80~0}, ... ,{1:MC:~=100~80} ].</p>]]></text></questiontext></question><question type="cloze"><name><text>19 </text></name><questiontext format="html"><text><![CDATA[Ein potentieller Werbepartner studiert den Bekanntheitsgrad einer Influencerin. In der Vergangenheit betrug der Anteil der Follower der Influencerin 75%. Der potentielle Werbepartner vermutet, dass sich dieser Anteil erhöht hat. Diese Gegenhypothese soll im Rahmen eines einseitigen Hypothesentests überprüft werden. Dazu werden in einer Stichprobe 250 User untersucht. Das zugrunde liegende Signifikanzniveau ist 9%. Entwickeln Sie mit Hilfe der zugehörigen Entscheidungsregel den Ablehnungsbereich der Nullhypothese.<p>Nullhypothese:</p><p>H<sub>0</sub>: p = {1:NUMERICAL:=0,75:0}<br>Annahmebereich: [ {1:MC:~=0~k+1}, ... ,{1:MC:~=k-1~250} ]</p><p>Gegenhypothese:</p><p>H<sub>1</sub>: p {1:MC:~=&gt;~&lt;}{1:NUMERICAL:=0,75:0}<br>Ablehnungsbereich: [ {1:MC:~=k~0}, ... ,{1:MC:~=250~k} ]</p><p>Entscheidungsregel:</p><p>Gesucht ist das {1:MC:~=kleinste~größte} k, so dass P(X{1:MC:~=&geq;~&leq;}k) &leq; {1:NUMERICAL:=0,09:0} ist.</p><p>Berechnungen:</p><p>P(X{1:MC:~=&geq;~&leq;}197) = {1:NUMERICAL:=0,0927:0,0001}<br>P(X{1:MC:~=&geq;~&leq;}198) = {1:NUMERICAL:=0,07:0,0001}<br>Es folgt k = {1:NUMERICAL:=198:0}.<br>Der Ablehnungsbereich lautet daher [ {1:MC:~=198~0}, ... ,{1:MC:~=250~198} ].</p>]]></text></questiontext></question><question type="cloze"><name><text>20 </text></name><questiontext format="html"><text><![CDATA[In einem Lebensmittelgeschäft bestimmt ein Kassierer mit Hilfe einer Waage das Gewicht von Obst und Gemüse. In der Vergangenheit betrug der Anteil der ungenau gewogenen Lebensmittel 22%. Der Kassierer vermutet, dass sich dieser Anteil erhöht hat. Diese Gegenhypothese soll im Rahmen eines einseitigen Hypothesentests überprüft werden. Dazu werden in einer Stichprobe 300 Lebensmittel untersucht. Das zugrunde liegende Signifikanzniveau ist 2%. Entwickeln Sie mit Hilfe der zugehörigen Entscheidungsregel den Ablehnungsbereich der Nullhypothese.<p>Nullhypothese:</p><p>H<sub>0</sub>: p = {1:NUMERICAL:=0,22:0}<br>Annahmebereich: [ {1:MC:~=0~k+1}, ... ,{1:MC:~=k-1~300} ]</p><p>Gegenhypothese:</p><p>H<sub>1</sub>: p {1:MC:~=&gt;~&lt;}{1:NUMERICAL:=0,22:0}<br>Ablehnungsbereich: [ {1:MC:~=k~0}, ... ,{1:MC:~=300~k} ]</p><p>Entscheidungsregel:</p><p>Gesucht ist das {1:MC:~=kleinste~größte} k, so dass P(X{1:MC:~=&geq;~&leq;}k) &leq; {1:NUMERICAL:=0,02:0} ist.</p><p>Berechnungen:</p><p>P(X{1:MC:~=&geq;~&leq;}81) = {1:NUMERICAL:=0,0236:0,0001}<br>P(X{1:MC:~=&geq;~&leq;}82) = {1:NUMERICAL:=0,0171:0,0001}<br>Es folgt k = {1:NUMERICAL:=82:0}.<br>Der Ablehnungsbereich lautet daher [ {1:MC:~=82~0}, ... ,{1:MC:~=300~82} ].</p>]]></text></questiontext></question></quiz>