<?xml version="1.0" encoding="UTF-8" standalone="yes"?>
<quiz><question type="category"><category><text>Stochastik/Allgemein/Binomialverteilung/HypothesenAblehnungsbereich/rechtsseitigOhneStruktur</text></category><info format="html"><text /></info><idnumber /></question><question type="cloze"><name><text>01 </text></name><questiontext format="html"><text><![CDATA[Ein Kontrolleur überprüft die Funktionsfähigkeit von Halbleitern. In der Vergangenheit betrug der Anteil der defekten Halbleiter 71%. Der Kontrolleur vermutet, dass sich dieser Anteil erhöht hat. Diese Gegenhypothese soll im Rahmen eines einseitigen Hypothesentests überprüft werden. Dazu werden in einer Stichprobe 250 Halbleiter untersucht. Das zugrunde liegende Signifikanzniveau ist 8%.<p>Bestimmen Sie den Ablehnungsbereich der Nullhypothese.</p><p>[ {1:NUMERICAL:=189:0}, ... ,{1:NUMERICAL:=250:0} ]</p>]]></text></questiontext></question><question type="cloze"><name><text>02 </text></name><questiontext format="html"><text><![CDATA[Eine Schaffnerin kontrolliert Fahrscheine in einer Regionalbahn von Bielefeld nach Münster. In der Vergangenheit betrug der Anteil der Passagiere ohne gültigen Fahrschein 28%. Die Schaffnerin vermutet, dass sich dieser Anteil erhöht hat. Diese Gegenhypothese soll im Rahmen eines einseitigen Hypothesentests überprüft werden. Dazu werden in einer Stichprobe 300 Passagiere untersucht. Das zugrunde liegende Signifikanzniveau ist 6%.<p>Bestimmen Sie den Ablehnungsbereich der Nullhypothese.</p><p>[ {1:NUMERICAL:=97:0}, ... ,{1:NUMERICAL:=300:0} ]</p>]]></text></questiontext></question><question type="cloze"><name><text>03 </text></name><questiontext format="html"><text><![CDATA[An einem Eisstand bietet der Verkäufer Eis mit oder ohne Streuseln an. In der Vergangenheit betrug der Anteil der Kundenbestellungen mit Streuseln 21%. Der Eisverkäufer vermutet, dass sich dieser Anteil erhöht hat. Diese Gegenhypothese soll im Rahmen eines einseitigen Hypothesentests überprüft werden. Dazu werden in einer Stichprobe 200 Kunden untersucht. Das zugrunde liegende Signifikanzniveau ist 10%.<p>Bestimmen Sie den Ablehnungsbereich der Nullhypothese.</p><p>[ {1:NUMERICAL:=50:0}, ... ,{1:NUMERICAL:=200:0} ]</p>]]></text></questiontext></question><question type="cloze"><name><text>04 </text></name><questiontext format="html"><text><![CDATA[David hat eine gezinkte Münze. In der Vergangenheit betrug der Anteil der geworfenen Köpfe 58%. David vermutet, dass sich dieser Anteil erhöht hat. Diese Gegenhypothese soll im Rahmen eines einseitigen Hypothesentests überprüft werden. Dazu werden in einer Stichprobe 250 Münzwürfe untersucht. Das zugrunde liegende Signifikanzniveau ist 3%.<p>Bestimmen Sie den Ablehnungsbereich der Nullhypothese.</p><p>[ {1:NUMERICAL:=161:0}, ... ,{1:NUMERICAL:=250:0} ]</p>]]></text></questiontext></question><question type="cloze"><name><text>05 </text></name><questiontext format="html"><text><![CDATA[Eine Ärztin prüft, ob Bewerber für den Polizeiberuf gesundheitlich geeignet sind. In der Vergangenheit betrug der Anteil der Bewerber mit erfolgreichem Gesundheitscheck 33%. Die Ärztin vermutet, dass sich dieser Anteil erhöht hat. Diese Gegenhypothese soll im Rahmen eines einseitigen Hypothesentests überprüft werden. Dazu werden in einer Stichprobe 200 Bewerber untersucht. Das zugrunde liegende Signifikanzniveau ist 3%.<p>Bestimmen Sie den Ablehnungsbereich der Nullhypothese.</p><p>[ {1:NUMERICAL:=80:0}, ... ,{1:NUMERICAL:=200:0} ]</p>]]></text></questiontext></question><question type="cloze"><name><text>06 </text></name><questiontext format="html"><text><![CDATA[Ein Fahrlehrer nimmt eine theoretische Führerscheinprüfung ab. In der Vergangenheit betrug der Anteil der durchgefallenen Prüflinge 69%. Der Fahrlehrer vermutet, dass sich dieser Anteil erhöht hat. Diese Gegenhypothese soll im Rahmen eines einseitigen Hypothesentests überprüft werden. Dazu werden in einer Stichprobe 300 Prüflinge untersucht. Das zugrunde liegende Signifikanzniveau ist 3%.<p>Bestimmen Sie den Ablehnungsbereich der Nullhypothese.</p><p>[ {1:NUMERICAL:=223:0}, ... ,{1:NUMERICAL:=300:0} ]</p>]]></text></questiontext></question><question type="cloze"><name><text>07 </text></name><questiontext format="html"><text><![CDATA[Ein Zollbeamter kontrolliert ein Sportgeschäft hinsichtlich gefälschter Turnschuhe. In der Vergangenheit betrug der Anteil der gefälschten Turnschuhe 48%. Der Zollbeamte vermutet, dass sich dieser Anteil erhöht hat. Diese Gegenhypothese soll im Rahmen eines einseitigen Hypothesentests überprüft werden. Dazu werden in einer Stichprobe 300 Turnschuhe untersucht. Das zugrunde liegende Signifikanzniveau ist 3%.<p>Bestimmen Sie den Ablehnungsbereich der Nullhypothese.</p><p>[ {1:NUMERICAL:=161:0}, ... ,{1:NUMERICAL:=300:0} ]</p>]]></text></questiontext></question><question type="cloze"><name><text>08 </text></name><questiontext format="html"><text><![CDATA[Eine Fußballspielerin trainiert Freistöße. In der Vergangenheit betrug der Anteil der Fehltreffer 28%. Die Fußballerin vermutet, dass sich dieser Anteil erhöht hat. Diese Gegenhypothese soll im Rahmen eines einseitigen Hypothesentests überprüft werden. Dazu werden in einer Stichprobe 250 Freistöße untersucht. Das zugrunde liegende Signifikanzniveau ist 6%.<p>Bestimmen Sie den Ablehnungsbereich der Nullhypothese.</p><p>[ {1:NUMERICAL:=82:0}, ... ,{1:NUMERICAL:=250:0} ]</p>]]></text></questiontext></question><question type="cloze"><name><text>09 </text></name><questiontext format="html"><text><![CDATA[Ein Unternehmen untersucht, wie zufrieden seine Mitarbeiter sind. In der Vergangenheit betrug der Anteil der zufriedenen Mitarbeiter 34%. Das Unternehmen vermutet, dass sich dieser Anteil erhöht hat. Diese Gegenhypothese soll im Rahmen eines einseitigen Hypothesentests überprüft werden. Dazu werden in einer Stichprobe 300 Mitarbeiter untersucht. Das zugrunde liegende Signifikanzniveau ist 4%.<p>Bestimmen Sie den Ablehnungsbereich der Nullhypothese.</p><p>[ {1:NUMERICAL:=117:0}, ... ,{1:NUMERICAL:=300:0} ]</p>]]></text></questiontext></question><question type="cloze"><name><text>10 </text></name><questiontext format="html"><text><![CDATA[Der Besitzer eines Restaurants untersucht, wie viele Gäste vegetarische Gerichte bestellen. In der Vergangenheit betrug der Anteil der vegetarischen Gerichte 39%. Der Besitzer vermutet, dass sich dieser Anteil erhöht hat. Diese Gegenhypothese soll im Rahmen eines einseitigen Hypothesentests überprüft werden. Dazu werden in einer Stichprobe 100 Gerichte untersucht. Das zugrunde liegende Signifikanzniveau ist 10%.<p>Bestimmen Sie den Ablehnungsbereich der Nullhypothese.</p><p>[ {1:NUMERICAL:=46:0}, ... ,{1:NUMERICAL:=100:0} ]</p>]]></text></questiontext></question><question type="cloze"><name><text>11 </text></name><questiontext format="html"><text><![CDATA[Die Filialleiterin eines Gartencenter prüft, ob die Pflanzen ausreichend bewässert werden. In der Vergangenheit betrug der Anteil der unzureichend bewässerten Pflanzen 53%. Die Filialleiterin vermutet, dass sich dieser Anteil erhöht hat. Diese Gegenhypothese soll im Rahmen eines einseitigen Hypothesentests überprüft werden. Dazu werden in einer Stichprobe 150 Pflanzen untersucht. Das zugrunde liegende Signifikanzniveau ist 9%.<p>Bestimmen Sie den Ablehnungsbereich der Nullhypothese.</p><p>[ {1:NUMERICAL:=89:0}, ... ,{1:NUMERICAL:=150:0} ]</p>]]></text></questiontext></question><question type="cloze"><name><text>12 </text></name><questiontext format="html"><text><![CDATA[Ein Onlineshop für Heimwerkerbedarf bietet elektrische Werkzeuge entweder mit Kabel oder mit Akku an. In der Vergangenheit betrug der Anteil der Werkzeuge mit Akku 74%. Der Onlineshop vermutet, dass sich dieser Anteil erhöht hat. Diese Gegenhypothese soll im Rahmen eines einseitigen Hypothesentests überprüft werden. Dazu werden in einer Stichprobe 100 Werkzeuge untersucht. Das zugrunde liegende Signifikanzniveau ist 3%.<p>Bestimmen Sie den Ablehnungsbereich der Nullhypothese.</p><p>[ {1:NUMERICAL:=83:0}, ... ,{1:NUMERICAL:=100:0} ]</p>]]></text></questiontext></question><question type="cloze"><name><text>13 </text></name><questiontext format="html"><text><![CDATA[Ein Unternehmen prüft, wie gut seine Computer vor etwaigen Cyberattacken geschützt sind. In der Vergangenheit betrug der Anteil der Computer mit unzureichendem Virenschutz 79%. Das Unternehmen vermutet, dass sich dieser Anteil erhöht hat. Diese Gegenhypothese soll im Rahmen eines einseitigen Hypothesentests überprüft werden. Dazu werden in einer Stichprobe 200 Computer untersucht. Das zugrunde liegende Signifikanzniveau ist 6%.<p>Bestimmen Sie den Ablehnungsbereich der Nullhypothese.</p><p>[ {1:NUMERICAL:=168:0}, ... ,{1:NUMERICAL:=200:0} ]</p>]]></text></questiontext></question><question type="cloze"><name><text>14 </text></name><questiontext format="html"><text><![CDATA[Eine Glaserei produziert Maßkrüge, wobei es an einigen Krügen zu Kratzern kommt. In der Vergangenheit betrug der Anteil der Krüge mit Kratzer 38%. Die Glaserei vermutet, dass sich dieser Anteil erhöht hat. Diese Gegenhypothese soll im Rahmen eines einseitigen Hypothesentests überprüft werden. Dazu werden in einer Stichprobe 200 Krüge untersucht. Das zugrunde liegende Signifikanzniveau ist 8%.<p>Bestimmen Sie den Ablehnungsbereich der Nullhypothese.</p><p>[ {1:NUMERICAL:=87:0}, ... ,{1:NUMERICAL:=200:0} ]</p>]]></text></questiontext></question><question type="cloze"><name><text>15 </text></name><questiontext format="html"><text><![CDATA[Amalia sucht auf einer Online-Partnerbörse nach dem Mann fürs Leben. In der Vergangenheit betrug der Anteil der Vorschläge mit attraktiven Partnern 39%. Amalia vermutet, dass sich dieser Anteil erhöht hat. Diese Gegenhypothese soll im Rahmen eines einseitigen Hypothesentests überprüft werden. Dazu werden in einer Stichprobe 150 vorgeschlagenen Partner untersucht. Das zugrunde liegende Signifikanzniveau ist 2%.<p>Bestimmen Sie den Ablehnungsbereich der Nullhypothese.</p><p>[ {1:NUMERICAL:=72:0}, ... ,{1:NUMERICAL:=150:0} ]</p>]]></text></questiontext></question><question type="cloze"><name><text>16 </text></name><questiontext format="html"><text><![CDATA[Ein Unternehmen verkauft Smartwatches. Um den Absatz anzukurbeln, werden einigen Uhren zufällig Gutscheine für ein Online-Versandhaus beigelegt. In der Vergangenheit betrug der Anteil der Smartwatches mit Gutschein 28%. Das Unternehmen vermutet, dass sich dieser Anteil erhöht hat. Diese Gegenhypothese soll im Rahmen eines einseitigen Hypothesentests überprüft werden. Dazu werden in einer Stichprobe 300 Smartwatches untersucht. Das zugrunde liegende Signifikanzniveau ist 8%.<p>Bestimmen Sie den Ablehnungsbereich der Nullhypothese.</p><p>[ {1:NUMERICAL:=96:0}, ... ,{1:NUMERICAL:=300:0} ]</p>]]></text></questiontext></question><question type="cloze"><name><text>17 </text></name><questiontext format="html"><text><![CDATA[Der Verkäufer einer Imbissbude möchte wissen, auf welche Art seine Kunden bezahlen. In der Vergangenheit betrug der Anteil der barbezahlenden Kunden 31%. Der Verkäufer vermutet, dass sich dieser Anteil erhöht hat. Diese Gegenhypothese soll im Rahmen eines einseitigen Hypothesentests überprüft werden. Dazu werden in einer Stichprobe 200 Kunden untersucht. Das zugrunde liegende Signifikanzniveau ist 8%.<p>Bestimmen Sie den Ablehnungsbereich der Nullhypothese.</p><p>[ {1:NUMERICAL:=72:0}, ... ,{1:NUMERICAL:=200:0} ]</p>]]></text></questiontext></question><question type="cloze"><name><text>18 </text></name><questiontext format="html"><text><![CDATA[Ein Unternehmen verkauft Beamer und garantiert eine Lebensdauer von 4000 Stunden für die Beamerlampen. In der Vergangenheit betrug der Anteil der Beamerlampen mit einer Lebensdauer von weniger als 4000 Stunden 66%. Das Unternehmen vermutet, dass sich dieser Anteil erhöht hat. Diese Gegenhypothese soll im Rahmen eines einseitigen Hypothesentests überprüft werden. Dazu werden in einer Stichprobe 150 Beamerlampen untersucht. Das zugrunde liegende Signifikanzniveau ist 3%.<p>Bestimmen Sie den Ablehnungsbereich der Nullhypothese.</p><p>[ {1:NUMERICAL:=111:0}, ... ,{1:NUMERICAL:=150:0} ]</p>]]></text></questiontext></question><question type="cloze"><name><text>19 </text></name><questiontext format="html"><text><![CDATA[Ein potentieller Werbepartner studiert den Bekanntheitsgrad einer Influencerin. In der Vergangenheit betrug der Anteil der Follower der Influencerin 78%. Der potentielle Werbepartner vermutet, dass sich dieser Anteil erhöht hat. Diese Gegenhypothese soll im Rahmen eines einseitigen Hypothesentests überprüft werden. Dazu werden in einer Stichprobe 250 User untersucht. Das zugrunde liegende Signifikanzniveau ist 4%.<p>Bestimmen Sie den Ablehnungsbereich der Nullhypothese.</p><p>[ {1:NUMERICAL:=207:0}, ... ,{1:NUMERICAL:=250:0} ]</p>]]></text></questiontext></question><question type="cloze"><name><text>20 </text></name><questiontext format="html"><text><![CDATA[In einem Lebensmittelgeschäft bestimmt ein Kassierer mit Hilfe einer Waage das Gewicht von Obst und Gemüse. In der Vergangenheit betrug der Anteil der ungenau gewogenen Lebensmittel 22%. Der Kassierer vermutet, dass sich dieser Anteil erhöht hat. Diese Gegenhypothese soll im Rahmen eines einseitigen Hypothesentests überprüft werden. Dazu werden in einer Stichprobe 150 Lebensmittel untersucht. Das zugrunde liegende Signifikanzniveau ist 9%.<p>Bestimmen Sie den Ablehnungsbereich der Nullhypothese.</p><p>[ {1:NUMERICAL:=41:0}, ... ,{1:NUMERICAL:=150:0} ]</p>]]></text></questiontext></question></quiz>